Bericht,Eintrag,Titel,Person,Rolle
1966,1,"Die Anfänge des Streichinstrumentenspiels","Werner Bachmann",author
1966,2,"Bildwerke als Quellen musikethnologischer und musikhistorischer Erkenntnis","Werner Bachmann",author
1966,3,"Das byzantinische Musikinstrumentarium: in: 'Anfänge der slawischen Musik'","Werner Bachmann",author
1966,4,"Actus musicus und Historie um 1700 in Deutschland","Bernd Baselt",author
1966,5,"Bibliographie der Schriften Walther Siegmund-Schultzes","Bernd Baselt",author
1966,6,"Carl Orff und das moderne Musiktheater","Bernd Baselt",author
1966,7,"Telemann und seine komische Oper 'Der geduldige Sokrates'","Bernd Baselt",author
1966,8,"Das Klavierwerk Thilmans","Gerhard Berge",author
1966,9,,"Horst Berner",author
1966,10,"Zum musikalischen Hören in der Gegenwart","Heinrich Besseler",author
1966,11,"Die Einflüsse August Schumanns, Carl Ernst Sichters und Martin Oberländers auf die
            politische Entwicklung Robert Schumanns","Johannes Besser",author
1966,12,"Gedanken zur Musikgeschichtsschreibung Franz Brendels","Johannes Besser",author
1966,13,"Die bürgerliche Revolution von 1848/49 im Spiegel der 'Neuen Zeitschrift für
            Musik'","Johannes Besser",author
1966,14,"Johannes Brahms. leben und Werk. Biographie, Ms. 200 S.","Jürgen Beythien",author
1966,15,"Idee und Gestalt barocker Opernkultur in Dresden","Jürgen Beythien",author
1966,16,"Die Sonate in G-Dur, op. 78 von Johannes Brahms - ein Beitrag zum Verhältnis zwischen
            musikalischer Struktur und gedanklicher Konzeption bei Brahms","Jürgen Beythien",author
1966,17,"Einige Bemerkungen zum Tonalitätsbegriff","Siegfried Bimberg",author
1966,18,"Prolegomena zur Verwendung des Begriffs Rezeption","Siegfried Bimberg",author
1966,19,"Walther Siegmund-Schultze 50 Jahre","Siegfried Bimberg",author
1966,20,"Überlegungen zur Aufführungspraxis von Chorwerken in Schulchören","Siegfried Bimberg",author
1966,21,"Gedanken zur zyklischen Einheit der 'Winterreise' Schuberts","Gerhardt Blank",author
1966,22,"Stiefkind Chorsinfonik? Eine Betrachtung zur Chorsituation in Dresden","Hans Bohm",author
1966,23,"Thesen zur Darstellung der Barockoper","Peter Brähming",author
1966,23,"Thesen zur Darstellung der Barockoper","Peter Gülke",author
1966,24,"Max Butting. Lebensweg eines deutschen Musikers. Biographie","Dietrich Brennecke",author
1966,25,"Der Beitrag des Studidienprogramms für Musikerziehung zur Entwicklung sozialistischer
            Musiklehrerpersönlichkeiten","Hella Brock",author
1966,26,"Edvard Grieg. Leben und Werk - Biographie","Hella Brock",author
1966,27,"Eine Oper unserer Zeit im Musikunterricht. Zur Behandlung von Brecht/Dessaus 'Die
            Verurteilun des Lukullus' in der Oberschule","Hella Brock",author
1966,28,"Hermann Aberts Konzept der musikalischen Historiographie","Heinz Alfred Brockhaus",author
1966,29,"Fortschritt und Avantgardismus in der Musik","Heinz Alfred Brockhaus",author
1966,30,"Musikgeschichte der Sowjetunion","Heinz Alfred Brockhaus",author
1966,31,"1. Streichquartett und 2. Suite für Septett von Hanns Eisler. Einführungsheft","Heinz Alfred Brockhaus",author
1966,32,"Zur Problematik der Musik Historiographie. Musikgeschichtsschreibung in Reclams
            Universal Bibliothek","Heinz Alfred Brockhaus",author
1966,33,"Theoretische Probleme der musikalischen Analyse","Heinz Alfred Brockhaus",author
1966,34,"Tradition und Gegenwartsaufgaben des Musikhörens als ästhetisch-musikalische
            Bildungs- und Erziehungsaufgabe in der allgemeinbildenden polytechnischen
            Oberschule","Werner Busch",author
1966,35,"War der Schlager mer ein Schlager","Peter Czerny",author
1966,35,"War der Schlager mer ein Schlager","Heinz Peter Hofmann",author
1966,36,"Nachweis der Internat. Standorte Notenautographen Robert Schumanns","Georg Eismann",author
1966,37,"Schumann-Dokumente, Bd. I","Georg Eismann",author
1966,38,"Über Robert Schumanns letzte Kompositionen und wie es 1937 zur Veröffentlichung
            seines Violinkonzertes kommen konnte","Georg Eismann",author
1966,39,"Zum Problem des Verhältnisses von Musik und Wirklichkeit in den musikästhetischen
            Anschauungen der Schumannzeit","Mechthild Elßner",author
1966,40,"Zum Begriff der Tonalität","Veit Ernst",author
1966,41,"Theoretische Probleme der musikal. Unterhaltung (I–III)","Veit Ernst",author
1966,42,"Das Schülerarbeitschaft - ein Mittel zur Steigerung der musiktheoretischen Kenntnisse
            und Fertigkeiten","Hans Fehske",author
1966,43,"Analyse zur 'Sinfonie der Jugend', op. 25 von Siegfried Köhler","Werner Felix",author
1966,44,"Konzeptionelle Bemerkungen zur Oper 'Qrfeo ed Euridice' von Gluck","Werner Felix",author
1966,45,"Konzeptionelle Bemerkungen zur Oper 'Tosca' von Puccini","Werner Felix",author
1966,46,"Franz Liszt. Ein Lebensbild","Werner Felix",author
1966,47,"Musikgeschichte von 1750-1848","Werner Felix",author
1966,48,"Dmitri Schostakowitsch zum 60. Geburtstag","Werner Felix",author
1966,49,"Zur Situation der Musikausbildung in der DDR und in der Bundesrepublik","Werner Felix",author
1966,50,"Die Stellung der Musikwissenschaft an den Musikhochschulen in der DDR","Werner Felix",author
1966,51,"Die Durchführung der Zwölftonreihe in Eislers Lenin-Requiem","Ingeborg Ferchland",author
1966,52,"Entwicklung und Stand der Magdeburger Telemann-Pflege","Günter Fleischhauer",author
1966,53,"'Telemann-Variationen' von Gerhard Wohlgemuth.","Günter Fleischhauer",author
1966,54,"Anmerkungen zu Chrysanders Händel-Gesamtausgabe und zu seiner Editionstechnik","Siegfried Flesch",author
1966,55,"'Orlando', Oper von G. F. Händel","Siegfried Flesch",editor
1966,56,"Register zu Friedrich Chrysanders Händel-Biographie","Siegfried Flesch",author
1966,57,"Triosonaten op. 5 von. G. F. Händel. Notenausgabe und Kritischer Bericht","Siegfried Flesch",editor
1966,58,"Überblick über die Entwicklung der Arbeitersängerbewegung im Raum Halle, Weißenfels,
            Zeitz und Naumburg zwischen 1890 und 1933","Siegfried Fluegel",author
1966,59,"Harmonielehre und Kontrapunkt","Johannes Forner",author
1966,60,"Die Technik des doppelten Kontrapunkts","Johannes Forner",author
1966,60,"Die Technik des doppelten Kontrapunkts","Arnold Matz",author
1966,61,"Tradition im Wandel der Zeit. Ein Rückblick auf die Geschichte des ältesten deutschen
            Konservatoriums","Johannes Forner",author
1966,62,"Tradition und veränderte Struktur. Gestaltungsprinzipien im Klavierschaffen des
            jungen Prokofjew","Johannes Forner",author
1966,63,"Ein Beitrag zur Begriffsbestimmung auf dem Gebiete der Rezeptionsforschung","Heinz-Hermann Gerhard",author
1966,63,"Ein Beitrag zur Begriffsbestimmung auf dem Gebiete der Rezeptionsforschung","Irmgard Krauthoff",author
1966,64,"Achtung und Anerkennung der schöpferischen Leistung. Das neue Urheberrechtsgesetz der
            DDR und seine Bestimmungen auf musikalischem Gebiet","Anselm Glücksmann",author
1966,65,"Die musikwissenschaftlichen Grundlagen der Musiktherapie","Wolfgang Goldhan",author
1966,66,"Aber die Einheit der vokalen und instrumentalen Sphäre in der klassischen
            Musik","Harry Goldschmidt",author
1966,67,"Hermann Scherchen. Gedanken und Aufzeichnungen","Harry Goldschmidt",author
1966,68,"Künstlerisch-pädagogische Perspektiven des schulpraktischen Musizierens in der
            Ausbildung der Schulmusiker","Hans-Georg Görner",author
1966,69,"Gespräche mit Hanns Eisler","Manfred Grabs",author
1966,70,"Der Musiktheoretiker Schönberg - ein Vorläufer Hindemiths","Karl-Rudi Griesbach",author
1966,71,"Über die objektive Verlangsamung musikalischer Verläufe als Erscheinungsweise der
            historischen Entwicklung musikalischer Formen","Hans Grüß",author
1966,72,"Die Vivaldi-Pflege der Dresdner Hofkapelle im 18. Jahrhundert","Hans Grüß",author
1966,73,"Antonio Vivaldi: Vier Sonaten für Violine und Basso-Continuo","Hans Grüß",editor
1966,74,"Zu Weberns Quartett op. 22","Hans Grüß",author
1966,75,"Thesen zur Darstellung der Barockoper","Peter Gülke",author
1966,75,"Thesen zur Darstellung der Barockoper","Peter Brähming",author
1966,76,"Die Wandlungen des musikalischen Hörens als Maßgabe der Interpretation","Peter Gülke",author
1966,77,"Choräle der Lutherzeit. Einführungstext","Dieter Hartwig",author
1966,78,"Fidelio F. Finke. Leben und Werk","Dieter Hartwig",author
1966,79,"Wolfgang Hohensee - 'Konzertante Ouvertüre'; Siegfried Kurz - 'Sinfonie piccola' op.
            24; Fred Lohse - 'Divertimento für Streichorchester'; Johannes Paul Thilman: 'Partita
            piccola für Kammerorchester' op. 43. Einführungstext","Dieter Hartwig",author
1966,80,"Konzert- und Opernwesen, Musikfeste, Wettbewerbe, geistliches Chorwesen","Dieter Härtwig",author
1966,81,"Rainer Kunads 'Sinofnie 64'","Dieter Härtwig",author
1966,82,"Profil einer Wanderoper: Die Landesoper Sachsen","Dieter Härtwig",author
1966,83,"Die Bedeutung Johann Georg Pisendels die deutsche Vivaldi-Rezeption","Karl Heller",author
1966,84,"Die Musiktheorie auf temperierter Grundlage","Walter Helm",author
1966,85,"Beiträge zur Geschichte der Musikpflege in Leipzig zu Beginn des 19. Jh. und in der
            Gegenwart","Gunter Hempel",author
1966,86,"Die Musikpflege an der Universität Leipzig im 19. und 20. Jahrhundert","Gunter Hempel",author
1966,87,"Mozart modern. Bemerkungen zu Paul Dessaus 'Sinfonischer Adaptation' des
            Streichquartetts in Es-Dur von W.A. Mozart (KV 614)","Fritz Hennenberg",author
1966,88,"Antonin Dvořák. Leben und Werk","Alfred Hetschko",author
1966,89,"Wagner und das Musiktheater","Joachim Herz",author
1966,90,"Zur Bedeutung der synästhetischen Wahrnehmung kosmischer Lichterscheinungen für die
            Klangauffassung der vedischen samans","Herbert Heyde",author
1966,91,"Das Massenlied. Studien zu seiner Entwicklung und Bedeutung in der Deutschen
            Demokratisch Republik","Eva-Maria Hillmann",author
1966,92,"Zur Familiengeschichte Georg Philip Telemanns","Wolf Hobohm",author
1966,93,"Georg Philipp Telemann: 'Der Weiberorden', Kantate für Sopran, zwei Violinen und
            Bc","Wolf Hobohm",editor
1966,94,"Georg Philipp Telemann - Suite 'La Bizarre' für Streicher und Bc","Wolf Hobohm",editor
1966,95,"Untersuchungen über die harmonische Hörfähigkeit des Kindes in den ersten drei
            Schuljahren","Lothar Höchel",author
1966,96,"War der Schlagers immer ein Schlager","Heinz Peter Hofmann",author
1966,96,"War der Schlagers immer ein Schlager","Peter Czerny",author
1966,97,"Wir Konjugieren jetzt Verben","Hans Peter Hofmann",author
1966,98,"Überlegungen zu einer Theorie der Musikwissenschaft","Hans Gunter Hoke",author
1966,99,"Zur Rezeption an den Musikhochschulen der DDR unter Berücksichtigung der Werke J.S.
            Bachs","Elisabeth Holtmann",author
1966,100,"Comment allez-vous, Madame Opérette","Hans Joachim Irmer",author
1966,101,"Zur Problematik der Behandlung des Schlagers in der allgemeinbildenden
            polytechnischen Oberschule","Hans John",author
1966,102,"Arnold Schönberg und das Liszt-Stipendium","Hans Rudolf Jung",author
1966,103,"Aus der Geschichte der Arbeitersängerbewegung im Gau Chemnitz des Deutschen
            Arbeitersängerbundes: in: Sächs. Heimatblätter, Dresden, H. 4","Werner Kaden",author
1966,104,"Aus der Geschichte der Kinderchöre des Deutschen Arbeitersängerbundes","Werner Kaden",author
1966,105,"Christian Gottlob Neefe - ein Sohn der Stadt Chemnitz","Werner Kaden",author
1966,106,"Die Bolle der Musik im Rahmen der ästhetischen Erziehung, ihr Beitrag zur Entwicklung
            sozialistischer Persönlichkeiten","Werner Kaden",author
1966,107,"Unser Singen, muß ein Kämpfen sein! - in","Werner Kaden",author
1966,108,"Zur Stellung der Musik im menschlichen Leben","Werner Kaden",author
1966,109,"Register zu 'W. A. Mozart' von. H. Abert, 7. Aufl","Erich Kapst",author
1966,110,"M. Marais' Piéces de Viole und J. S. Bachs Gambensonate G-Dur (BWV 1027).
            Vergleichende Untersuchungen","Erwin Kestner",author
1966,111,"Die Arbeit mit Schallplatten in den Kinderferienlagern","Herbert Kettwig",author
1966,112,"Probleme der Systematisierung des Musikhörens im Musikunterricht","Herbert Kettwig",author
1966,113,"Die Musik im Leben unserer Schüler","Erika Kießling",author
1966,113,"Die Musik im Leben unserer Schüler","Eberhard Möller",author
1966,114,"Zur Methodik des musiktheoretischen Unterrichts","Karl Kleinig",author
1966,115,"Die Palette des A-cappella-Chorliedes","Karl Kleinig",author
1966,116,"Problematik der Laienkompositionen und Wege zu ihrer Lösung","Karl Kleinig",author
1966,117,"Dia Volksliedkunde in ihrer Bedeutung für die Musikerziehung","Karl Kleinig",author
1966,118,"Hector Berlioz - Lebenserinnerungen. Nachwort","Eberhardt Klemm",author
1966,119,"Über Reger und Szymanowski","Eberhardt Klemm",author
1966,120,"Studien zur Theorie der musikalischen Permutationen","Eberhardt Klemm",author
1966,121,"Zur Theorie der Reihenstruktur und Reihendisposition in Schönbergs 4.
            Streichquartett","Eberhardt Klemm",author
1966,122,"Zur Theorie einiger Reihen-Kombinationen","Eberhardt Klemm",author
1966,123,"Typologie der Variationswerke Hanns Eislers","Eberhardt Klemm",author
1966,124,"Zur mathematischen Auswertung der musiksoziologischen Erhebung im Kreis
            Gransee","Reiner Kluge",author
1966,125,"Volksliedanalyse und -systematisierung mit Hilfe eines Rechenautomaten","Reiner Kluge",author
1966,126,"Felix Mendelssohn-Bartholdy. Biographie. Leipzig","Karl-Heinz Köhler",author
1966,128,"Ein Pergamentblatt aus dem 14. Jahrhundert","Karl-Heinz Köhler",author
1966,129,"Wilhelm Rintels 'Zauberflöte' (II. Teil). Ein klingendes Mozart-Denkmal der
            Brahms-Zeit","Karl-Heinz Köhler",author
1966,130,"Situation und Perspektive der landeskundlichen Musikforschung","Günther Kraft",author
1966,131,"Chronik der Komischen Oper: in: Opernwelt","Ernst Krause",author
1966,132,"... ein Dorado für Uraufführungen","Ernst Krause",author
1966,133,"Das Neue in der Musik","Ernst Krause",author
1966,134,"Die großen Opernbühnen Europas. Bildband","Ernst Krause",author
1966,135,"Handschriften und ältere Drucke der Werke Georg Friedrich Händels in der
            Musikbibliothek der Stadt Leipzig: in: Veröffentl. der Stadt. Musikbibliothek","Peter Krause",contributor
1966,136,"Ein Beitrag zur Begriffsbestimmung auf dem Gebiete der Rezeptionsforschung","Irmgard Krauthoff",author
1966,136,"Ein Beitrag zur Begriffsbestimmung auf dem Gebiete der Rezeptionsforschung","Heinz-Hermann Gerhard",author
1966,137,"Die Bildhaftigkeit der vokalen Intonation als eine Grundlage der Rezeption","Irmgard Krauthoff",author
1966,138,"Marschier zum Frieden... Betrachtungen zu neuen Liedern","Hans-Joachim Kynaß",author
1966,139,"Zur ethischen Funktion des deutschen KZ-Liedes","Inge Lammel",author
1966,140,"Songs für Vietnam","Inge Lammel",author
1966,141,"Zur Funktion und zu den Aufgaben eines Schülerarbeitsheftes für den
            Musikunterricht","Christian Lange",author
1966,142,"Sprachliche Möglichkeiten zur Kennzeichnung rhythmisch-metrischer
            Zusammenhänge","Christian Lange",author
1966,143,"Die Renaissance und die Oper","Martin Lange",author
1966,144,"Zur Problematik bei der Messung gesungener Töne","Reinhard Langer",author
1966,145,"Bekenntnis zu Max Reger","Karl Laux",author
1966,146,"Carl Maria von Weber. Biographie","Karl Laux",author
1966,147,"Gedenkvortrag zum 50. Todestag Max Regers","Arno Lehmann",author
1966,148,"Joh. Rosenmüller 'Studentmusik.' - Ms.","Arno Lehmann",editor
1966,149,"Zur Genesis der russischen Romanze","Dieter Lehmann",author
1966,150,"Die Lichtschen Chöre. Ein Beitrag zur Geschichte der Deutschen Arbeitersängerbewegung
            in Leipzig","Eberhard Lippold",author
1966,151,"Das Monochord - nur einsaitiges Instrument oder System","Rudolf Lüdeke",author
1966,152,"Paul Hindemith, Avantgardista, vagy hagymanyos zeneszerzö","Jürgen Mainka",author
1966,153,"Musikalische Klangaufnahme und musikalische Schriftzeichen. Zu Tradition und Notation
            in der Moderne","Jürgen Mainka",author
1966,154,"Die formale Entwicklung des Duetts in den Frühopern Giuseppe Verdis","Wolfgang Marggraf",author
1966,155,"Tonalität und Harmonik in d. französischen Chanson zwischen Machaut und Dufay","Wolfgang Marggraf",author
1966,156,"Bemerkungen zum 2. Internationalen Seminar marxistischer Musikwissenschaftler","Liesel Markowski",author
1966,157,"Die Technik des doppelten Kontrapunkts","Arnold Matz",author
1966,157,"Die Technik des doppelten Kontrapunkts","Johannes Forner",author
1966,158,"Zu Fragen der Funktionalität auf dem Gebiet rhythmisch-metrischer Verläufe","Klaus Mehner",author
1966,159,"Grundlagen für die Arbeit mit dem Mollgeschlecht im Musikunterricht","Klaus Mehner",author
1966,160,"Intonation im Chor- und Sologesang","Klaus Mehner",author
1966,161,"Kommauntersuchungen beim einstimmigen, begleiteten Singen","Klaus Mehner",author
1966,162,"Kritisches zum traditionellen Synkopenbegriff","Klaus Mehner",author
1966,163,"Das Problem der Nebenquinte in der harmonisch-reinen Stimmung","Klaus Mehner",author
1966,164,"Zur Auswertung des 11. Plenums des ZK der SED","Ernst Hermann Meyer",author
1966,165,"Johannes R. Becher und die Musik. Diskussionsbeitrag","Ernst Hermann Meyer",author
1966,166,"Einige Bemerkungen zur Erscheinung des sogenannten 'Avantgardismus' in der
            zeitgenössischen Musik","Ernst Hermann Meyer",author
1966,167,"Über die wechselseitige Beziehung der musikwissenschaftlichen und kompositorischen
            Tätigkeit","Ernst Hermann Meyer",author
1966,168,"Zur Frage der Aufführung alter Musik","Ernst Hermann Meyer",author
1966,169,"Gedanken zur richtigen Interpretation Vor-Händelscher Musik","Ernst Hermann Meyer",author
1966,170,"Georg Knepler zum 60. Geburtsag","Ernst Hermann Meyer",author
1966,171,"Über die Musik zum Film 'Solange Leben in mir ist.' - Ms. 5 S.","Ernst Hermann Meyer",author
1966,172,"Zur Musik der Reformationszeit: Ms. 20 S","Ernst Hermann Meyer",author
1966,172,"Zur Musik der Reformationszeit: Ms. 20 S","Johanna Rudolph",author
1966,173,"Probleme der Beatmusik","Ernst Hermann Meyer",author
1966,174,"'Reiter der Nacht.' Opernsujet nach einem Roman von P. Abrahams","Ernst Hermann Meyer",author
1966,175,"Selbstporträt. Beitrag zur Reihe 'Komponisten über ihre Werke.' - Rundfunksendung,
            Radio DDR II, 10.3.1966.","Ernst Hermann Meyer",author
1966,176,"Zum Wesen der Klassik. Versuch einer Begriffsbestimmung","Ernst Hermann Meyer",author
1966,177,"Aufgaben und Wege der Musikerziehung ih der DDR","Paul Michel",author
1966,178,"Zur Anwendung der 'Prinzipien' an den Hochschulen für Musik","Paul Michel",author
1966,179,"Die Bedeutung der ersten Lebensjahre für die musikalische Entwicklung","Paul Michel",author
1966,180,"Zum Begriff der musikalischen Intelligenz","Paul Michel",author
1966,181,"Nekteré výsledky hudebne psychologického bádáni v NDR. (Ergebnisse
            musikpsychologischer Forschungen in der DDR.) - in","Paul Michel",author
1966,182,"O hudebnich schopnostech a dovednostech","Paul Michel",author
1966,183,"Zum Problem des inneren musikalischen Hörens und seiner Entwicklung","Paul Michel",author
1966,184,"Max Regers Lehrerpersönlichkeit","Paul Michel",author
1966,185,"Max Regers musikpädagogische Auffassungen","Paul Michel",author
1966,186,"Max Reger und Greiz","Paul Michel",author
1966,187,"Die Musik im Leben unserer Schüler","Eberhard Möller",author
1966,187,"Die Musik im Leben unserer Schüler","Erika Kießling",author
1966,188,"Die deutsche 'Singekunst' im 17. Jh.","Eberhard Möller",author
1966,189,"Neue Untersuchungen zur Biographie von Abraham Schadaeus","Ernst Müller",author
1966,190,"Gedanken zur weiteren Verbesserung des Musikunterrichts","Günther Müller",author
1966,191,"'Die Asche von Birkenau.' Zu Günter Kochans neuer Solokantate","Hans-Peter Müller",author
1966,192,"Wie Karl Liebknecht Musik hörte","Tilo Müller-Medek",author
1966,193,"Das Lied, der Lieder. Zu Rudolf Wagner-Régenys neuer Kantate","Tilo Müller-Medek",author
1966,194,"Über Ausmaß und Wesen des Bachschen. Parodieverfahrens","Werner Neumann",author
1966,195,"J. S. Bach 'Hochzeitskantaten und Kantaten verschiedener Bestimmung.' Neue
            Bach-Ausgabe Bd. I/40. Notenband und kritischer Bericht","Werner Neumann",editor
1966,196,"Zur Frage instrumentaler Gestaltungsprinzipien im Vokalwerk Joh. Seb. Bachs","Werner Neumann",author
1966,197,"Probleme der Aufführungspraxis im Spiegel der Geschichte der Neuen
            Bachgesellschaft","Werner Neumann",author
1966,198,"Über Aufgaben und einige Problemstellungen der musiksoziologischen Forschung in der
            DDR","Konrad Niemann",author
1966,199,"Mehrdimensionale Musikurteile in der soziologischen Forschung","Konrad Niemann",author
1966,200,"Über das Musikgespräch","Konrad Niemann",author
1966,201,"Schuberts Lazarus-Fragment und seine Beziehung zur Textdichtung","Annemarie Niemeyer",author
1966,202,"Hanns Eisler. Lieder und Kantaten Band 10","Nathan Notowicz",editor
1966,202,"Hanns Eisler. Lieder und Kantaten Band 10","Stephanie Eisler",editor
1966,203,"Hanns Eisler, Lieder und Kantaten Band 11","Nathan Notowicz",editor
1966,203,"Hanns Eisler, Lieder und Kantaten Band 11","Stephanie Eisler",editor
1966,204,"Hanns Eisler, Lieder und Kantaten Band 12","Nathan Notowicz",editor
1966,204,"Hanns Eisler, Lieder und Kantaten Band 12","Stephanie Eisler",editor
1966,205,"Hanns Eisler, Quellennachweise","Nathan Notowicz",editor
1966,205,"Hanns Eisler, Quellennachweise","Jürgen Elsner",editor
1966,206,"Das Leben Verstehen und gestalten","Nathan Notowicz",author
1966,207,"Das Bach- und Beethoven-Bild im literarischen und musikkritischen Schrifttum Vladimir
            Fedorovic Odoevskijs","Günter Olias",author
1966,208,"Zur musikhistorischen und musikpädagogischen Bedeutung der Brüderschaften in Böhmen
            und Rußland","Günter Olias",author
1966,209,"Erleben Erkennen - Gestalten","Günter Olias",author
1966,210,"Gestaltungsprinzipien im zeitgenössischen sozialistischen Musikschaffen","Günter Olias",author
1966,211,"Methodische Probleme der Behandlung zeitgenössischer Werke im Musikunterricht","Günter Olias",author
1966,212,"Briefe zur Oper","Hans-Gerald Otto",author
1966,212,"Briefe zur Oper","Horst Seeger",author
1966,213,"Festival mit guten Namen. Zu den 15. Händel-Festspielen in Halle","Hans-Gerald Otto",author
1966,214,"Gespräche zur Oper. Über Referate und Diskussionen","Hans-Gerald Otto",author
1966,215,"Die Musikstadt Leipzig. Arbeitsberichte","Hans Pezold",editor
1966,216,"Die Harmonik der modernen Tanz und Jazzmusik","Siegfried Pfeiffer",author
1966,217,"Kritische Aspekte des Staatsoperngedankens","Hans Pischner",author
1966,218,"Die Bedeutung der Musik im Kinderhörspiel für die Musikerziehung","Günter Pohlenz",author
1966,219,"Sorbische Musik","Jan Raupp",author
1966,220,"Ballett von A - Z","Eberhard Rebling",author
1966,221,"Wsjo o baljete","Eberhard Rebling",author
1966,222,"Eg brennt, Brüder, es brennt","Eberhard Rebling",editor
1966,223,"Ein gelungenes Experiment. Das Poem für zwei Klaviere und. Orchester von Wolfgang
            Hohensee in","Eberhard Rebling",author
1966,224,"Louis Fürnberg 'Lieder, Songs, Kantaten.' - Leipzig","Eberhard Rebling",editor
1966,225,"Threnodiae sacrae. Katalog der gedruckten Kompositionen des 16. bis 18. Jahrhunderts
            in Leichenpredigtsammlungen innerhalb der Deutschen Demokratischen Republik","Wolfgang Reich",author
1966,226,"Tanzstücke des Berliner Biedermeier. Folklore an der Wende zur
            Kommerzialisierung","Lukas Richter",author
1966,227,"Zwischen Volkslied und Schlager, Notizen zur Geschichte des Berliner
            Gassenhauers","Lukas Richter",author
1966,228,"Johann Sebastian Bach","Gerd Rienäcker",author
1966,229,"Oper im Funk","Gerd Rienäcker",author
1966,230,"Ein Streifzug durch das deutsche Kabarett","Walter Rösler",author
1966,231,"Fünf unveröffentlichte Briefe Max Regers und seine Leipziger Zeit","Hans-Joachim Rothe",author
1966,232,"Neue Dokumente zur Schumann-Forschung","Hans-Joachim Rothe",author
1966,233,"Neue Dokumente zur Schumann-Forschung aus dem Leipziger Stadtarchiv","Hans-Joachim Rothe",author
1966,234,"Johann Heinrich und Andreas Eichentopf, zwei bedeutende Musikinstrumentenmacher der
            Bachzeit in","Paul Rubardt",author
1966,235,"Händels Rolle als Aufklärer","Johanna Rudolph",author
1966,236,"Zur Wirkungsgeschichte des 'Judas Maccabaeus'","Johanna Rudolph",author
1966,237,"Zur Musik der Reformationszeit: Ms. 20 S","Johanna Rudolph",author
1966,237,"Zur Musik der Reformationszeit: Ms. 20 S","Ernst Hermann Meyer",author
1966,238,"Katalog zu den Sammlungen des Händel-Hauses in Halle. 4. Teil: Bildsammlung","Konrad Sasse",author
1966,239,"Händel-Bibliographie. 2. Aufl","Konrad Sasse",author
1966,240,"Katalog zu den Sammlungen des Händel-Hauses in Halle. 5. Teil:
            Musikinstrumentensammlung","Konrad Sasse",author
1966,241,"Moderne Kunst - sozialistische Kunst. Gedanken nach der 11. Tagung des ZK der
            SED","Hansjürgen Schaefer",author
1966,242,"Heue Themen - neue Fragestellungen. Bemerkungen zum Internationalen
            Musikwissenschaftlichen Kongreß in Leipzig","Hansjürgen Schaefer",author
1966,243,"Die Funktion in der Musik","Paul Schenk",author
1966,244,"Harmonielehre in Beispielen","Paul Schenk",author
1966,245,"Bach und das Symbol, Bach und die Zahl.-Artikel, Ms. 22 S.","Paul Schenk",author
1966,246,"Die harmonische Struktur in den Werken J. S. Bachs","Paul Schenk",author
1966,247,"Karg-Elerts polaristische Harmonielehre: in: Beiträge zur Musiktheorie des 19.
            Jahrhunderts","Paul Schenk",author
1966,248,"Polarismus in der Melodik, demonstriert an den Kirchentönen","Paul Schenk",author
1966,249,"Musikhören und Musikerleben als Grundlage der Strukturen im musikalischen
            Kunstwerk","Carl Schmidt",author
1966,250,"Musikalische Strukturen","Carl Schmidt",author
1966,251,"Tonalität im Hörerlebnis","Carl Schmidt",author
1966,252,"Die Begriffe Melodie, Harmonie und Rhythmus und ihre Beziehung zum menschlichen
            Erleben so wie zur akustischen Schwingung","Peter Schmiedel",author
1966,253,"Akustik für Bläser","Peter Schmiedel",author
1966,254,"J. S. Bachs Kanonwidmungen","Hans-Joachim Schulze",author
1966,255,"Beiträge zur Bach-Quellenforschung","Hans-Joachim Schulze",author
1966,256,"Briefe zur Oper","Horst Seeger",author
1966,256,"Briefe zur Oper","Otto Hans-Gerald",author
1966,257,"Violinpädagogik im Wechsel der Zeiten","Hugo Seling",author
1966,258,"Zum Begriff der Klassik","Walther Siegmund-Schultze",author
1966,259,"Der lutherische Choral","Walther Siegmund-Schultze",author
1966,260,"Rechenschaftsbericht der Georg-Friedrich-Händel-Gesellschaft","Walther Siegmund-Schultze",author
1966,261,"Händels Oper und ihre heutige Darbietung","Walther Siegmund-Schultze",author
1966,262,"150 Jahre Händel-Forschung an der Martin-Luther-Universität","Walther Siegmund-Schultze",author
1966,263,"Forschungsprogramm des Instituts für Musikwissenschaft Halle","Walther Siegmund-Schultze",author
1966,264,"Der spezifische Ausdruckscharakter der Musik","Walther Siegmund-Schultze",author
1966,265,"Musik und Politik","Walther Siegmund-Schultze",author
1966,266,"Zwei Diskussionsbeiträge","Walther Siegmund-Schultze",author
1966,267,"Unser marxistisches Bach-Bild","Walther Siegmund-Schultze",author
1966,268,"Georg Friedrich Händel","Walther Siegmund-Schultze",author
1966,269,"J. S. Bach. Thesen für die wissenschaftliche Konferenz zum 41. Deutschen Bachfest
            1966.","Walther Siegmund-Schultze",author
1966,270,"Georg Friedrich-Händel","Walther Siegmund-Schultze",author
1966,271,"Musikalische Vergangenheit im Bezirk Halle","Walther Siegmund-Schultze",author
1966,272,"Ludwig van Beethoven. Eine Biographie","Walther Siegmund-Schultze",author
1966,273,"Probleme des historischen Musikverständnisses","Walther Siegmund-Schultze",author
1966,274,"Ernst H. Meyer und Dmitri Schostakowitsch","Walther Siegmund-Schultze",author
1966,275,"Probleme der Händel-Forschung","Walther Siegmund-Schultze",author
1966,276,"Kolloquium über Vuk Karadzic","Walther Siegmund-Schultze",editor
1966,277,"Probleme der Musikästhetik in der DDR","Walther Siegmund-Schultze",author
1966,278,"Musikerziehung und Musikästhetik","Walther Siegmund-Schultze",author
1966,279,"Festvortrag zum 15. Jahrestag des VDK","Walther Siegmund-Schultze",author
1966,280,"15. Händelfestspieie Halle (Saale) 1966. Halle 1966.","Walther Siegmund-Schultze",editor
1966,281,"Händels Opern","Walther Siegmund-Schultze",author
1966,282,"G. F. Händels 'Concerti grossi.' Einführungstext","Walther Siegmund-Schultze",author
1966,283,"Rudolf Steglich zum 80. Geburtstag","Walther Siegmund-Schultze",author
1966,284,"Jonannes Brahms. Eine Biographie","Walther Siegmund-Schultze",author
1966,285,"Meister des Streichquartetts. Eine stilkritische Betrachtung","Walther Siegmund-Schultze",author
1966,286,"Kulturelle und ästhetische Grundfragen der sozialistischen Unterhaltung, Entspannung
            und Geselligkeit. In Arbeit.","Horst Slomma",author
1966,287,"Die Einheit von Kultur und Unterhaltung in der sozialistischen Kunst und ihre
            historisch-gesellschaftlichen Grundlagen. Einführung in die Ästhetik.
            Lehrmaterial","Horst Slomma",author
1966,288,"Kitsch und Schund als Resultat des spätbürgerlichen Gegensatzes zwischen Kultur und
            Unterhaltung. Einführung in die Ästhetik. Lehrmaterial","Horst Slomma",author
1966,289,"Unterhaltung - Geselligkeit - Persönlichkeit","Horst Slomma",author
1966,290,"Unterhaltung im System der sozialistischen Freizeitgestaltung","Horst Slomma",author
1966,291,"Zum Verfall des Menschenbildes in der spätbürgerlichen Unterhaltung","Horst Slomma",author
1966,292,"Das Subharchord - Mittel zur Gewinnung einer neuen Klangkunst","Gerhard Steinke",author
1966,293,"G. Ph. Telemann ""Ach Herr, strafe mich nicht (Psalm 6), Kantate f. Alt, zwei Violinen
            u. Continuo","Wolfram Steude",editor
1966,294,"G. Ph. Telemann ""Gott fähret auf mit Jauchzen"", Kantate f. Soli, Chor u. Orchester.
            Partitur u. Klavierauszug","Wolfram Steude",editor
1966,295,"Journal of the International Folk Music Council","Doris Stockmann",editor
1966,296,"Totenklagen der südalbanischen Camen","Doris Stockmann",author
1966,297,"A Select Bibliography of European Folk Music","Erich Stockmann",editor
1966,298,"Aram Chatschaturjan - Leben u. Werk","Friedbert Streller",author
1966,299,"Spartakus lebt. Bemerkungen zum Ballett 'Spartakus' von Aram Chatschaturjan","Friedbert Streller",author
1966,300,"Musikalische Sprachmittel in Werken der zeitgenössischen Musik (Bartók,
            Chatschaturjan)","Friedbert Streller",author
1966,301,"Die Finkensteiner Bewegung","Reinhard Szeskus",author
1966,302,"Die Bedeutung Ludwig van Beethovens für Fryderyk Chopin","Hanne-Dore Thäle",author
1966,303,"Bachprobleme und Bachpflege in der Arbeitersängerbewegung","Kurt Thomas",author
1966,304,"Beethovens 'Missa solemnis.' Einführungstext","Walther Vetter",author
1966,305,"J. N. Forkel 'Über J. S. Bachs Leben, Kunst und Kunstwerke.' Neuausgabe","Walther Vetter",editor
1966,306,"Untersuchungen zu den in der deutschen musikalischen. Fachliteratur von 1918 bis 1964
            enthaltenen Methoden der musikalischen Werkanalyse","Manfred Vetter",author
1966,307,"Das Arbeiterlied","Hans-Hermann Voigt",author
1966,308,"Bibliographie Fritz Reuter","Heinz Wegener",author
1966,309,"Ist komponieren lehrbar","Wilhelm Weismann",author
1966,310,"Zum Terminus 'Thema' in der Musik- und Sprachforschung der Gegenwart","Martin Wehnert",author
1966,311,"Zum Verhalten der Sprechstimme im Melodram","Ursula Wendler-Reuter",author
1966,311,"Zum Verhalten der Sprechstimme im Melodram","Jürgen Wendler",author
1966,312,"J. F. Agricola 'Anleitung zur Singekunst.' - Ms.","Kurt Wichmann",editor
1966,313,"Über Fragen der Gestaltung deutscher Kunstlieder. Ein Beitrag zum Musikunterricht in
            der allgemeinbildenden polytechnischen Oberschule der Deutschen Demokratischen
            Republik","Kurt Wichmann",author
1966,314,"Jeder kann singen. Eine Gesangslehre für alle","Kurt Wichmann",author
1966,315,"Psychologische Untersuchungen zur Erlangung der Singefähigkeit","Kurt Wichmann",author
1966,316,"Der Ziergesang, Mit einem Anhang über die Ausführung der Appoggiatura","Kurt Wichmann",author
1966,317,"Fritz Geißlers II. Sinfonie","Werner Wolf",author
1966,318,"Janáčeks festliche Messe und der religiöse Stilwandel der Neuzeit","Hellmuth Christian Wolff",author
1966,319,"Der Manierismus in der barocken und romantischen Oper","Hellmuth Christian Wolff",author
1966,320,"Albert Schweitzer und sein Leipziger Musikverlag","Helmut Zeraschi",author
1966,321,"Professor Dr. habil. Hella Brock","Herbert Zimpel",author
1966,"F 1","Methoden der Melodie-Analyse und soziologische Untersuchungen bei der Rezeption von
            Tanz-Unterhaltungsmusik","Fritz Bachmann",author
1966,"F 2","Musikalische Landschaftsforschung. Inventarisierung II","Bernd Baselt",author
1966,"F 3",Volksliedarchiv,"Siegfried Bimberg",author
1966,"F 4",Knabenchorentwicklung,"Siegfried Bimberg",author
1966,"F 5","Effektivität von Unterrichtstonbändern","Siegfried Bimberg",author
1966,"F 6","Untersuchungen über die musikalische Entwicklung von Unterstufenkindern","Erich Boeck",author
1966,"F 7","Akkustische Untersuchungen der Vibration bei Gesangsstimmen und ihre Bedeutung für
            den Informationswert beim Musikhören","Paul Wilhelm Donath",author
1966,"F 8",Vivaldi-Forschung,"Rudolf Eller",author
1966,"F 9",Bach-Forschung,"Rudolf Eller",author
1966,"F 10","Mecklenburgische Landes- und. Vokalmusikgeschichtsforschung. Forschungsarbeit am
            Inst. f. Musikwiss. Rostock, 1966 ff.","Rudolf Eller",author
1966,"F 11","Steigerung der Schülerleistung im Teilgebiet 'Musiklehre' des
            Musikunterrichts","Hans Fehske",author
1966,"F 12","Untersuchungen am Liedgut der in der DDR verwendeten Schulliederbücher betreffs
            seiner Eignung zur Vorbereitung der Rezeption zeitgenössischer Vokalwerke","Joachim Fockenbrock",author
1966,"F 13","Rezeptionskundliche Untersuchungen der Sinfonik bei Schostakowitsch","Evelin Fresenius",author
1966,"F 14","Audio-visuelle Hilfsmittel des Musikunterrichts. Teilgebiet: Auditive
            Hilfsmittel","Hans-Joachim Geißler",author
1966,"F 15","Musiklehrbuch für die Klassen 5 und 6 der zehnklassigen allgemeinbildenden
            Polytechnischen Oberschule","Helmut Großmann",author
1966,"F 15","Musiklehrbuch für die Klassen 5 und 6 der zehnklassigen allgemeinbildenden
            Polytechnischen Oberschule","Karl Büse",author
1966,"F 16","Die Darstellung von leben und Werk zeitgenössischer Komponisten in Lichtbildreihen am
            Beispiel einiger Komponisten der Deutschen Demokratischen Republik","Hannelore Iske",author
1966,"F 17","Untersuchungen über die Wirkung der Musik auf die Persönlichlkeitsentwicklung des
            musikalischen Entwicklungsverlaufs","Werner Kaden",author
1966,"F 17","Untersuchungen über die Wirkung der Musik auf die Persönlichlkeitsentwicklung des
            musikalischen Entwicklungsverlaufs","Eberhard Möller",author
1966,"F 18","Faktorenanalytische Typenbestimmung an einstimmigen Volksliedern (Versuch einer
            typologischen Systematisierung altmärkischer Volkslieder - Sammlungen Stockmann,
            Parisius u.a","Reiner Kluge",author
1966,"F 19","Bela Bartóks pädagogisches Klavierewrk 'Mikrokosmos' als Weg zum Hören neuer
            Musik","Hans-Joachim Köhler",author
1966,"F 20","Die italienische Gesellschaftsmusik des 16. Jahrhunderts unter dem Aspekt der
            Rezeption","Friedrich Krell",author
1966,"F 21",Instrumentenintonation,"Rudolf Lüdeke",author
1966,"F 22","Untersuchungen über die Wirkung der Musik auf die Persönlichkeitsentwicklung d
            musikalischen Entwicklungsverlaufs","Eberhard Möller",author
1966,"F 22","Untersuchungen über die Wirkung der Musik auf die Persönlichkeitsentwicklung d
            musikalischen Entwicklungsverlaufs","Werner Kaden",author
1966,"F 23","Soziologische und experimentelle Methoden zur Untersuchung des Musikniveaus. Ein
            Beitrag zur Soziologie des musikalischen Hörens","Konrad Niemann",author
1966,"F 24","Untersuchungen zur musikalischen Leistungsfähigkeit cerebralgeschädigter
            Kinder","Otto Preu",author
1966,"F 25","Neue Klaviermusik als Wegbereiter der Werkbetrachtung in der erweiterten
            Oberschule","Kurt Räder",author
1966,"F 26","Die Entwicklung des Deutschen Sängerbundes 1862-1918","Hans-Joachim Rothe",author
1966,"F 27","Strukturen des musikalischen Kunstwerkes aus dem Hörerlebnis und Höranalysen von
            Kunstwerken nach Sinn und Form","Carl Schmidt",author
1966,"F 28","Der Einfluß der deutschen Klassik und der klassischen Philosophie auf die
            Musikerziehung in der ersten Hälfte des 19. Jahrhunderts","Gerhard Schmidt",author
1966,"F 29","Die öffentliche Musikpflege der Stadt Tauchs seit 1622 unter besonderer
            Berücksichtigung der Entwicklung des Arbeitermusikwesens","Armin Schneiderheinze",author
1966,"F 30","Der Einfluß der instrumentalen Improvisation auf den künstlerischen Entwicklungsgang
            des Komponisten und sein Schaffen","Herbert Schramowski",author
1966,"F 31","Untersuchungen von Interessen und Neigungen für die Förderung und Entwicklung von
            außerunterrichtlichen Arbeitsgemeinschaften","Helmut Schulze",author
1966,"F 32",Händel-Forschung,"Walther Siegmund-Schultze",author
1966,"F 32",Händel-Forschung,"Siegfried Flesch",author
1966,"F 33","Helmut Bräutigam. Bin Komponist und Musikerzieher in der ersten Hälfte des 20.
            Jh.","Ottomar Treibmann",author
1966,"F 34","Anteil und Funktion vokaler und instrumentaler Stücke aus dem klassischen Erbe in den
            deutschen Musikschulwerken von 1918-1965","Fritz Westien",author
1966,"F 35","Das Leipziger Konzertwesen u. die Entwicklung des Orchesters außerhalb des
            Gewandhausorchesters in der zweiten Hälfte des 19. Jahrhunderts","Manfred Würzberger",author
1967,1,"Das neue Werk im Musikunterricht: Paul Dessaus Bach-Variationen für großes Orchester
            (1963)","Günter Altmann",author
1967,2,"Günter Kochan - Klavierkonzert op. 16 (1957/58)","Günter Altmann",author
1967,3,"Formenwelt der Musik. Sendereihe des Rundfunks","Günter Altmann",author
1967,4,"Zum Typ der komischen Oper bei G. Ph. Telemann","Bernd Baselt",author
1967,5,"Der geduldige Socrates. Komische Oper in drei Akten von G. Ph. Telemann.
            Klavierauszug. Übersetzung aus dem Italienischen, dt. Textfassung und Bühneneinrichtung
            von B. Baselt","Bernd Baselt",author
1967,6,"Quellen und Überlieferung der Oper 'Dämon' von G. Ph. Telemann","Bernd Baselt",author
1967,7,"G. Ph. Telemann und die protestantische Kirchenmusik","Bernd Baselt",author
1967,8,"Soermus - Geiger der Revolution","Horst Benneckenstein",author
1967,9,"'Die beiden Grenadiere' von Heinrich Heine in der Vertonung von Robert Schumann.
            Unpubl., Ms. 14 S.","Johannes Besser",author
1967,9,"'Die beiden Grenadiere' von Heinrich Heine in der Vertonung von Robert Schumann.
            Unpubl., Ms. 14 S.","Eberhard Möller",author
1967,10,"Idee und Gestalt barocker Opernkultur in Dresden","Jürgen Beythien",author
1967,11,"Platten Nr. 7-11 aus der Reihe Bachs Orgelwerke auf 'Silbermann-Orgeln'.
            Schallplatteneinführungen","Jürgen Beythien",author
1967,12,"Mozart und Bach","Jürgen Beythien",author
1967,13,"Tanz und klassische Sinfonik","Jürgen Beythien",author
1967,14,"Zu einigen Aspekten des Musikhörens auf der Grundlage von Erkenntnissen der
            marxistischen Ästhetik und Musikästhetik","Siegfried Bimberg",author
1967,15,"Kritische Bemerkungen zur Beurteilung neuer Chormusik","Siegfried Bimberg",author
1967,16,"Zur Entwicklung musikalischer Fähigkeiten","Siegfried Bimberg",author
1967,17,"Der Lehrweg in den Klassen 8-10","Siegfried Bimberg",author
1967,18,"Kind und Musik","Siegfried Bimberg",author
1967,19,"Sputnik, Sputnik, reise","Siegfried Bimberg",author
1967,19,"Sputnik, Sputnik, reise","Fritz Bachmann",author
1967,19,"Sputnik, Sputnik, reise","Eva Smolik",author
1967,20,Gehörbildung,"Siegfried Bimberg",author
1967,20,Gehörbildung,"Reinhard Diekow",author
1967,20,Gehörbildung,"H.-J. Ganzert",author
1967,20,Gehörbildung,"Wolfgang Frohberg",author
1967,21,Musikpsychologie,"Siegfried Bimberg",author
1967,22,"Entwurf einer Rezeptionslehre für die Musik","Siegfried Bimberg",author
1967,23,"Bach in Eisenach","Erich Bock",author
1967,23,"Bach in Eisenach","Günther Kraft",author
1967,24,"Die Rolle des Hans Sachs","Rudolf Bockeimann",author
1967,25,"""Früh übt sich..."". Gedanken zum Instrumentalunterricht im Vorschulalter","Herbert Böhme",author
1967,26,"Gershwins Oper ""Porgy and Bess"" in der Musikerziehung. Zur Eignung des Werkes für die
            Schulmusikerziehung","Hella Brock",author
1967,27,"Ludwig van Beethoven: 33 Veränderungen über einen Walzer von Anton Diabelli, C-Dur,
            op. 120. Schallplatteneinführung","Hella Brock",author
1967,28,"Musik des 20. Jahrhunderts - Opern für die Schule","Hella Brock",author
1967,29,"Zu einigen Fragen der Weiterentwicklung der Fachlehrerausbildung in der Deutschen
            Demokratischen Republik","Hella Brock",author
1967,29,"Zu einigen Fragen der Weiterentwicklung der Fachlehrerausbildung in der Deutschen
            Demokratischen Republik","Wolfgang Frohberg",author
1967,30,"Georg Kneplers Konzeption der musikalischen Historiographie","Heinz Alfred Brockhaus",author
1967,31,"Probleme der musikalischen Analyse","Heinz Alfred Brockhaus",author
1967,32,"Hundert Jähre Reclams Universal-Bibliothek. Bemerkungen zur Musikgeschichtsschreibung
            in Reclams Universal-Bibliothek unter besonderer Berücksichtigung der
            populärwissenschaftlichen Musiker-Biographie","Heinz Alfred Brockhaus",author
1967,33,"Zur Problematik der Musikhistoriographie. Musikgeschichte in Reclams
            Universal-Bibliothek 1867-1967","Heinz Alfred Brockhaus",author
1967,34,"Ottmar Gerster 70 Jahre","Erich Brüll",author
1967,35,"Tradition und Gegenwartsaufgaben des Musikhörens als ästhetisch-musikalische
            Bildungs- und Erziehungsaufgabe in der allgemeinbildenden polytechnischen
            Oberschule.","Werner Busch",author
1967,36,"Opernbuch. 10. Auflage","Peter Czerny",author
1967,37,"Zum Gedenken an Paul Losse","Max Dehnert",author
1967,38,"Nachweis der internationalen Standort von Notenautographen Robert Schumanns","Georg Eismann",author
1967,39,"Georg Gottfried Wagner","Rudolf Eller",author
1967,40,"Johann Friedrich Christian Werneburg","Rudolf Eller",author
1967,41,"Johann Gottlob Werner","Rudolf Eller",author
1967,42,"Wanningus, Johann","Rudolf Eller",author
1967,43,"J. S. Bach - Konzert für 2 Cembali, BWV 1060-1062. J. S. Bach - Konzert für 3
            Cembali, BWV 1063 und 1064. Schallplatteneinführung","Rudolf Eller",author
1967,44,"A. Vivaldi - Concerto con quattro Violini obligati, op. 3, No. 4","Rudolf Eller",author
1967,45,"Gabrieli und seine Zeit","Rudolf Eller",author
1967,46,"Telemann der ""Vielschreiber"" - Vortrag.","Rudolf Eller",author
1967,47,"Hanns Eisler und die Oktoberrevolution","Jürgen Elsner",author
1967,48,"Die Majakowski-Vertonungen Hanns Eislers","Jürgen Elsner",author
1967,49,"Ober die Einheit von historischer und systematischer Musikwissenschaft","Veit Ernst",author
1967,50,"Zur Situation der leichten Musik auf dem kapitalistischen Musikmarkt","Veit Ernst",author
1967,51,"Karl-Rudi Griesbach - Afrikanische Sinfonie","Werner Felix",author
1967,52,"Die Musikhochschulen der DDR","Werner Felix",author
1967,53,"Fritz Geißler - Sinfonie Nr. 2; Fidelio F. Finke - Konzert für Orchester.
            Schallplattentextheft","Werner Felix",author
1967,54,"Karl-Rudi Griesbach - Afrikanische Sinfonie; Otto Reinhold - Konzertante Musik für
            Flöte, Bratsche und Orchester. Schallplattentextheft","Werner Felix",author
1967,55,"Siegfried Köhler - ""Reich des Menschen"". Poem in 3 Teilen nach Dichtungen von J. R.
            Becher für Soli, Chor und Orchester. Schallplattentextheft","Werner Felix",author
1967,56,"Zur Entwicklung des sinfonischen Schaffen in der DDR","Werner Felix",author
1967,57,"Fritz Reuter zum Gedenken. Würdigung seines Lebenswerkes","Werner Felix",author
1967,58,"Zur Telemann-Renaissance unserer Zeit","Günter Fleischhauer",author
1967,59,"Telemanns Klavier- und Orgelwerke","Günter Fleischhauer",author
1967,60,"Friedrich Chrysander - G. F. Händel. Register","Siegfried Flesch",editor
1967,61,"Zur Frage der Programmatik in der Sinfonik Schostakowitschs","Evelin Fresenius",author
1967,62,"Walter Felsenstein. Weg und Werk. 2. Aufl","Götz Friedrich",author
1967,63,"Analyse zur 2. Sinfonie von Fritz Geißler. Unpubl., Ms. 12 S.","Ulrich Frick",author
1967,64,"Zu einigen Fragen der Weiterentwicklung der Fachlehrerausbildung in der Deutschen
            Demokratischen Renublik","Wolfgang Frohberg",author
1967,64,"Zu einigen Fragen der Weiterentwicklung der Fachlehrerausbildung in der Deutschen
            Demokratischen Renublik","Hella Brock",author
1967,65,"E. H. Meyer - Serenata pensierosa","Caroline Gerlach",author
1967,66,"Über die Einheit der vokalen und instrumentalen Sphäre in der klassischen
            Musik","Harry Goldschmidt",author
1967,67,"Claudio Monteverdi","Harry Goldschmidt",author
1967,68,"Gedanken über Hanns Eisler. 2. Folge","Harry Goldschmidt",author
1967,69,"Max Regers Ehrenpromotion zum Dr. phil. an der Universität Jena am 31.7.1908","Georg Grosch",author
1967,70,"Ober Notation und Tempo einiger Werke Samuel Scheidts und Michael Praetorius","Hans Grüß",author
1967,71,"W. Hohensee - Konzertante Ouvertüre; S. Kurz - Sinfonia piccola; J. P. Thilman -
            Partita piccola; F. Lohse - Divertimento für Streichorchester.
            Schallplattentextheft","Dieter Härtwig",author
1967,72,"Die Dresdner Philharmonie. Chronik eines Orchesters (Arbeitstitel)","Dieter Härtwig",author
1967,73,"Die Musiktheorie auf temperierter Grundlage. 2. Teil","Walter Helm",author
1967,74,"Gustav Mahler in Leipzig","Gunter Hempel",author
1967,75,"Der Gesang in der Schule","Eva-Maria Hillmann",author
1967,76,"Georg Philipp Telemann 1681-1767. Zum Angebot unserer Musikverlage im
            Jubiläumsjahr","Ferdinand Hirsch",author
1967,77,"Über Beziehungsbegriffe für das Bewußt machen rhythmisch-metrischer
            Zusammenhänge","Lothar Höchel",author
1967,78,"Zur Entwicklung des Intonationsgehörs im Bereich der Mehrstimmigkeit","Lothar Höchel",author
1967,79,"Zur Entwicklung des Intonationsgehörs im Chor","Lothar Höchel",author
1967,80,"Deutsche Kammermusik 1918 - 1933","Günter Hofmeyer",author
1967,81,"300 Jahre Dresdner Oper","Winfried Höntsch",author
1967,82,"Die klingenden Denkmale im Kreis Glauchau","Walter Hüttel",author
1967,83,"""Nimm meinen Traum und bau daraus die Welt"". Zur Uraufführung der Oper
            'Esther'","Hans-Jochen Irmer",author
1967,84,"Ober die Verwendung der Musik an einer Ballettschule","Peter Jarchow",author
1967,85,"Konzertetüden von Liszt bis Strawinsky. Schallplatteneinführung","Hans John",author
1967,86,"Unveröffentlichte Briefe von Franz Liszt","Hans John",author
1967,87,"G. Ph. Telemann und die Mizlersche 'Societät der musikalischen
            Wissenschaften'","Hans Rudolf Jung",author
1967,88,"Eine unbekannte Schrift zur Einweihung der Silbermann-Orgel zu Fraureuth aus dem
            Jahre 1742","Hans Rudolf Jung",author
1967,89,"Der Einfluß der Großen Sozialistischen Oktoberrevolution auf den deutschen
            Arbeitergesang","Werner Kaden",author
1967,90,"Aktuelle Probleme des Volksliedes","Karl Kleinig",author
1967,91,"Probleme der ästhetischen und historischen Volksliedbetrachtung und deren Bedeutung
            für die Bildungs- und Erziehungsarbeit im Musikunterricht","Karl Kleinig",author
1967,92,"Volkslieder der Nationen","Karl Kleinig",author
1967,93,"Lieder der Völker der UdSSR","Karl Kleinig",author
1967,94,"Hector Berlioz - Memoiren. Nachwort","Eberhardt Klemm",author
1967,95,"Symmetrien im Chorsatz von Anton Webern","Eberhardt Klemm",author
1967,96,"Typ, Funktion, Bedeutung. Bemerkungen zur semantischen Analytik musikalischer
            Typen","Reiner Kluge",author
1967,97,"Zu einigen Problemen des Musikschaffens in der Deutschen Demokratischen
            Republik","Eberhard Kneipel",author
1967,98,"Die Sinfonien Aram Chatschaturjans","Eberhard Kneipel",author
1967,98,"Die Sinfonien Aram Chatschaturjans","Hans-Joachim Rothe",author
1967,99,"Fünfzig Jahre sowjetische Musikkultur","Georg Knepler",author
1967,100,"Die Musik im Zeitalter der Aufklärung Die Musik im Zeitalter des sich entfaltenden
            Kapitalismus. Schallplattentexthefte","Georg Knepler",author
1967,101,"Musica Antiqua Europae Orientalis","Manfred Koerth",author
1967,102,"Georg Vierling","Karl-Heinz Köhler",author
1967,103,"Samuel David Willmann","Karl-Heinz Köhler",author
1967,104,"Joh. Seb. Bach - Passio Domini / Nostri J. C. / Secundum / Evangelistam / Matthaeum.
            Faksimile-Ausgabe","Karl-Heinz Köhler",author
1967,105,"Felix Mendelssohn-Bartholdy -'Die beiden Pädagogen'. Singspiel in einem
            Aufzug","Karl-Heinz Köhler",author
1967,106,"Mozarts Kompositionsweise - Beobachtungen am Figaro-Autograph","Karl-Heinz Köhler",author
1967,107,"Anmerkungen zur Tanzmusik","Siegfried Köhler",author
1967,108,"Du meine Seele, du mein Herz - Aus Briefen und Kompositionen von Clara Wieck und
            Robert Schumann","Siegfried Köhler",author
1967,109,"Musikgeschichte. Forschungen zur Geschichte Thüringens 1945-1965","Günther Kraft",author
1967,110,"Bach in Eisenach","Günther Kraft",author
1967,110,"Bach in Eisenach","Erich Bock",author
1967,111,"Der ""neue Realismus"" ist der alte","Ernst Krause",author
1967,112,"'Puntila' auf der Musikbühne. Zur Berliner Uraufführung von Paul Dessaus Oper nach
            Brecht","Ernst Krause",author
1967,113,"Prager Frühling 1967","Ernst Krause",author
1967,114,"Jubiläum in Elbflorenz. 300 Jahre Dresdner Staatstheater","Ernst Krause",author
1967,115,"Das Dresdner Opernfest. Henzes 'Junger Lord', Webers 'Oberon' und viele
            Gastspiele","Ernst Krause",author
1967,116,"Bilanz des neuen Musikschaffens. Nach der I. Musik-Biennale Berlin 1967","Ernst Krause",author
1967,117,"Premierenglanz und Alltagssorgen","Ernst Krause",author
1967,118,"Anklage der Unmenschlichkeit","Ernst Krause",author
1967,119,"Wiederbelebung einer frühen Revolutionsoper","Ernst Krause",author
1967,120,"""Ballade vom Glück""","Ernst Krause",author
1967,121,"Drei Orchester in einer Oper","Ernst Krause",author
1967,122,"Münchner Opernfestspiele 1967","Ernst Krause",author
1967,123,"Erst- und Frühdrucke der Werke Johann Sebastian Bachs in der Musikbibliothek
            Leipzig","Peter Krause",author
1967,124,"Ober Improvisation, Klavienmprovisation und Klavierimprovisations-Wettbewerbe","Albrecht Krauß",author
1967,125,"Richard Münnich, dem Nestor der deutschen Schulmusikerziehung, zum 90.
            Geburtstag","Albrecht Krauß",author
1967,126,"Das mehrstimmige Hören als eine wichtige Grundlage der musikalischen Rezeption bei
            Schülern und werktätigen Hörern","Christian Lange",author
1967,127,"Sprachliche Möglichkeiten als wichtige Vermittlungsstufe zwischen Rhythmusklang und
            Notenbild","Christian Lange",author
1967,128,"Claudio Monteverdi in der Zeitwende um 1600","Martin Lange",author
1967,129,"Die Musik der Reformationszeit","Martin Lange",author
1967,130,"Was ist ein Musikschriftsteller? Carl Maria von Weber und Robert Schumann als
            Vorbild","Karl Laux",author
1967,131,"Zu Georg Philipp Telemanns 200. Todestag","Karl Laux",author
1967,132,"Carl Maria von Weber und die Gründung der Deutschen Oper in Dresden","Karl Laux",author
1967,133,"Gisela May singt Brecht, Eisler, Dessau. Schallplattentextheft","Karl Laux",author
1967,134,"Die Staatskapelle Dresden und ihre Stadt","Karl Laux",author
1967,135,"Zum 200. Todestag Georg Philipp Telemanns","Karl Laux",author
1967,136,"Satire und Parodie in den Liedern Modest Mussorgskis","Dieter Lehmann",author
1967,137,"Lieder sowjetischer Komponisten für Singstimme und Klavier. 2 Bd","Dieter Lehmann",author
1967,138,"Blues und Trouble. M. e. Vorwort von Martin Luther King","Theo Lehmann",author
1967,139,"Untersuchungen zur Frage der ästhetischen Inhalt-Form-Relationen in der Musik unter
            besonderer Berücksichtigung methodologischer Aspekte der Leninschen
            Widerspiegelungstheorie","Eberhard Lippold",author
1967,140,"Georg Benda (1722-1795) - sein Leben und sein Werk mit besonderer Berücksichtigung
            der Sinfonien und Cembalokonzerte","Karl-Heinz Löbner",author
1967,141,"Das Geschäft mit dem Schlager","Joachim Lucius",author
1967,142,"Georg Philipp Telemanns Hamburger 'Kapitänsmusiken'","Willi Maertens",author
1967,143,"G. Ph. Telemann - Sechs Sonatinen für Violine und Basso continuo","Willi Maertens",editor
1967,144,"G. Ph. Telemann - Konzertsuite A-Dur für Violine u. Streichorchester","Willi Maertens",editor
1967,145,"G. Ph. Telemann - Ouvertüren-Suite F-Dur für Holzbläser, Streichorchester und Basso
            Continuo","Willi Maertens",editor
1967,146,"G. Ph. Telemann - 'Hamburger Admiralitätsmusik' (1723) für Soli, Chor und Orchester
            nach einer Serenade von M. Richey","Willi Maertens",editor
1967,147,"G. Ph. Telemann - Ouvertürensuite D-Dur für Trompete, Streichorchester und Basso
            continuo","Willi Maertens",editor
1967,148,"Telemann in Frankfurt (1712) und Hamburg (1721-1767)","Willi Maertens",author
1967,149,"Paul Hindemith, Avantgardist, Traditionalist","Jürgen Mainka",author
1967,150,"Warschauer Herbst 1967","Jürgen Mainka",author
1967,151,"Walther Vetter zum Gedenken","Jürgen Mainka",author
1967,152,"Franz Schubert. Biographie","Wolfgang Marggraf",author
1967,153,"Liederernte im Liederfrühling. Bemerkungen zum Massenliedschaffen des 1. Halbjahres
            1967","Ludwig Matthies",author
1967,154,"Semiotik und Sprachgefüge der Kunst","Günter Mayer",author
1967,155,"Luigi Nono - 'La fabbrica illuminata' Referat, Ms. 16 S.","Günter Mayer",author
1967,156,"Dokument und Musik. Teil I","Günter Mayer",author
1967,157,"Dokument und Musik. Teil II","Günter Mayer",author
1967,158,"Musik in der sozialistischen Gesellschaft","Günter Mayer",author
1967,159,"Musik - Kunst der Zeitgestaltung","Klaus Mehner",author
1967,160,"Akustisch-harmonische Ursachen für unsauberes Singen","Klaus Mehner",author
1967,161,"Volksliedkundliche Einordnung und erzieherischer Wert des deutschen
            Arbeiterliedes","Klaus Mehner",author
1967,162,"Ober Schwingungsformen von Geigenkörpern","Hermann Meinel",author
1967,163,"Ober Schwingungen von Platten und Geigen: Unpubl","Hermann Meinel",author
1967,164,"Traueransprache für Walther Vetter am 7.4.1967","Ernst Hermann Meyer",author
1967,165,"Referat zum 50. Jahrestag der Oktoberrevolution","Ernst Hermann Meyer",author
1967,166,"Zum Musikschaffen in der DDR. Diskussionsbeitrag auf der Sitzung der V. Tagung des
            Staatsrates","Ernst Hermann Meyer",author
1967,167,"The Singers of Battersea","Ernst Hermann Meyer",author
1967,168,"Zur Musik der Reformationszeit","Ernst Hermann Meyer",author
1967,168,"Zur Musik der Reformationszeit","Johanna Rudolph",author
1967,169,"Musikpsychologische Untersuchungen über die optimale Entwicklung musikalischer
            Fähigkeiten in den ersten Lebensjahren","Paul Michel",author
1967,170,"Sozialistische Bewußtseinsbildung im Musikunterricht","Paul Michel",author
1967,171,"Sozialistische Bewußtseinsbildung im musikalischen Fachunterricht","Paul Michel",author
1967,172,"Über die historische Wandelbarkeit des musikalischen Hörens","Paul Michel",author
1967,173,"Beitrag des Musikunterrichts zur ideologischen und ästhetischen Bildung und Erziehung
            und Anforderungen an die Koordinierung mit anderen Pachern","Paul Michel",author
1967,174,"Akzeleration und Mutation","Paul Michel",author
1967,175,"'Die beiden Grenadiere' von Heinrich Heine in der Vertonung von Robert
            Schumann","Eberhard Möller",author
1967,175,"'Die beiden Grenadiere' von Heinrich Heine in der Vertonung von Robert
            Schumann","Johannes Besser",author
1967,176,"Gedanken über die Entwicklung des sowjetischen Musikschaffens","Günther Müller",author
1967,177,"Brecht und die Musikdramatik. Zur Brecht-Woche der Deutschen Staatsoper
            Berlin","Hans-Peter Müller",author
1967,178,"Musik im Hörspiel","Tilo Müller-Medek",author
1967,179,"Integration der Obertöne","Berthold Nennstiel",author
1967,180,"Allgemeine Einführung in die Analyse von Musikwerken","Christel Neumann",author
1967,181,"J. S. Bach - Hochzeitskantate ('O holder Tag, erwünschte Zeit'), BWV 210.
            Faksimile-Ausg. m. e. Vorwort","Werner Neumann",editor
1967,182,"J. S. Bach - Matthäuspassion, BWV 244. Schallplattentextheft","Werner Neumann",author
1967,183,"Handbuch der Kantaten J. S. Bachs. Dritte neubearb. Auf1","Werner Neumann",author
1967,184,"Zur Frage der Reihenfolge von Musikbeispielen im interview","Konrad Niemann",author
1967,185,"Zum 50. Jahr des Roten Oktober","Nathan Notowicz",author
1967,186,"Dmitri Schostakowitschs 8. Streichquartett und Möglichkeiten seiner Verwendung in der
            Schule","Ekkehard Ochs",author
1967,187,"Aufgaben und Gestaltungsmögliclikeiten einer zielgerichteten Liedeinführung","Günter Olias",author
1967,188,"Lehrstoff in der Praxis","Günter Olias",author
1967,189,"Musikpädagogik - ein bildungs- und erziehungstheoretisches Problem unserer
            Zeit","Günter Olias",author
1967,190,"Zur Spezifik und Methodologie der Werkbetrachtung im Musikunterricht","Günter Olias",author
1967,191,"Barockes Mißverständnis","Hans-Gerald Otto",author
1967,192,"'Der letzte Schuß'","Hans-Gerald Otto",author
1967,193,"Entscheidung für das Leben","Hans-Gerald Otto",author
1967,194,Masaniello,"Hans-Gerald Otto",author
1967,195,"Ballade vom Glück","Hans-Gerald Otto",author
1967,196,"Broadway-Import? Streiflichter zum Thema Musical","Hans-Gerald Otto",author
1967,197,"Vertonungen von Brecht-Werken","Werner Otto",author
1967,198,"Geschichte der Deutschen Staatsoper Berlin","Werner Otto",author
1967,199,"Die Stellung des Musikers in der Bach-Händel-Telemann-Epoche","Richard Petzoldt",author
1967,200,"Ein Leben für die Musikerziehung. Zum Tode Zoltán Kodálys","Richard Petzoldt",author
1967,201,"Die gesellschaftlichen Anforderungen an den Musikunterricht und die sich daraus
            ergebenden Hauptaufgaben für die Bildung und Erziehung der Schüler","Hans Pezold",author
1967,202,"Johannes Paul Thilman - Sonatine für Violine und Klavier op. 82","Hans Pezold",author
1967,203,"Die Harmonik der modernen Tanz- und Jazzmusik","Siegfried Pfeiffer",author
1967,204,"Robert und Clara Schumann im Roman und in der Novelle","Hans-Martin Pleßke",author
1967,205,"Besonderheiten der musikalischen Anlagen, Fähigkeiten und Fertigkeiten cerebral
            geschädigter Kinder","Otto Preu",author
1967,206,"Der vormusikalische Ausdruck der Kinderstimme in den ersten beiden
            Lebensjahren","Otto Preu",author
1967,207,"Die Beurteilung der Kinderstimme","Otto Preu",author
1967,208,"Die Rezeption einfacher rhythmischer Signale durch cerebralparetische und nicht
            geschädigte Kinder","Otto Preu",author
1967,209,"""... der Arbeit wegen, und um dem Nächsten zu dienen"". - Ansprache auf dem Festakt
            zum 200. Todestages Georg Philipp Telemanns während der 3. Magdeburger Telemann-Festtage
            vom 22.-26. Juni 1967.","Werner Rackwitz",author
1967,210,"Händel und die Singebewegung","Werner Rackwitz",author
1967,211,"Zum Händel-Bild deutscher England-Reisender in der zweiten Hälfte des 18.
            Jahrhunderts. Prof. em. D. Dr. Max Schneider zum 90. Geburtstag gewidmet.","Werner Rackwitz",author
1967,212,"Ansprache aus Anlaß des zehnjährigen Bestehens der
            Georg-Friedrich-Händel-Gesellschaft.","Werner Rackwitz",author
1967,213,"Georg Philipp Telemanns Tafelmusik. - 'Rundfunkvortrag'","Werner Rackwitz",author
1967,214,"Ein bedeutendes Gegenwartsballett 'Ballade vom Glück' von Kurt Schaen.","Eberhard Rebling",author
1967,215,"Masaniello. Oper von Reinhard Keiser","Horst Richter",author
1967,216,"Berliner Tanzstücke aus der Zeit um 1830 - als Beispiele kommerzialisierter
            Volkskunst","Lukas Richter",author
1967,217,"Die Berliner Couplets der Gründerzeit","Lukas Richter",author
1967,218,"""Des Psellos vollständiger kurzer Inbegriff der Musik"" in Mizlers 'Bibliothek'. Ein
            Beitrag zur Rezeption der byzantinischen Musiktheorie im 18. Jahrhundert.","Lukas Richter",author
1967,219,"Zum Stilwandel der griechischen Musik im 5./4. Jahrhundert","Lukas Richter",author
1967,220,"Gedanken zum Verhältnis musiktheoretischer Lehrsysteme zur musikgeschichtlichen
            Entwicklung","Gerd Rienäcker",author
1967,221,"Die 2. Sinfonie von Ruth Zechlin. Versuch einer Analyse","Gerd Rienäcker",author
1967,222,"Der musikalische ""Scharfrichter"": Hans Richard Weinhöppel zum 100. Geburtstag","Walter Rösler",author
1967,223,"'Irene und die Kapitäne'. Notizen zu Conny Odds neuem Musical","Walter Rösler",author
1967,224,"Neue Dokumente zur Schumann-Forschung im Stadtarchiv Leipzig","Hans-Joachim Rothe",author
1967,225,"Die Sinfonien Aram Chatschaturjans","Hans-Joachim Rothe",author
1967,225,"Die Sinfonien Aram Chatschaturjans","Eberhard Kneipel",author
1967,226,"Max Reger","Hans-Joachim Rothe",author
1967,227,"225 Jahre Gewandhausorchester","Hans-Joachim Rothe",author
1967,228,"Entwicklungstendenzen der zeitgenössischen Musik in der DDR, dargestellt am Schaffen
            Ernst Hermann Meyers","Hans-Joachim Rothe",author
1967,229,"Wege zur Planmäßigkeit und Systematik in der chorischen Stimmbildung","Heinz Rożek",author
1967,230,"Reinhard Reiser und Barthold Feind - Masaniello oder Die Neapolitanische
            Fischer-Empörung. Textbuch. Mit einer Studie ('Masaniello' von Reinhard Reiser und.
            Barthold Feind - Eine frühe deutsche Oper) von Johanna Rudolph","Johanna Rudolph",editor
1967,231,"Zur Musik der Reformationszeit","Johanna Rudolph",author
1967,231,"Zur Musik der Reformationszeit","Ernst Hermann Meyer",author
1967,232,"Reinhard Keiser und 'Masaniello'. Zur Erstaufführung in der Deutschen
            Staatsoner","Johanna Rudolph",author
1967,233,"Historische Bezüge in Händels 'Messias'","Johanna Rudolph",author
1967,234,"Eine England-Studie Georg Kneplers","Johanna Rudolph",author
1967,235,"Instrumentenkunde und Instrumentation. Materialhinweise für die Interessen- und
            Arbeitsgemeinschaften 'Musik' im Deutschen Kulturbund","Konrad Sasse",author
1967,236,"Katalog zu den Sammlungen des Händel-Hauses in Halle. 4. Teil: Bildsammlung.
            Hogarth-Grafik; Darstellungen zur Geschichte, Händelpflege und Musikkunde","Konrad Sasse",editor
1967,237,"Sasse, Konrad: Händel-Bibliographie. 1. Nachtrag: 1962-1965","Konrad Sasse",author
1967,238,"Händel-Bibliographie. 2. verb. Aufl. m. Nachtrag f. d. Jahre 1962-1965","Konrad Sasse",author
1967,239,"Johann Cilenšek - Sinfonie Nr. 1; Siegfried Kurz - Konzert für Trompete und
            Streichorchester., op. 23. Schallplattentextheft'","Hansjürgen Schaefer",author
1967,240,"Paul Dessau - 'Meer der Stürme'","Hansjürgen Schaefer",author
1967,241,"Musikalisches Kammerspiel 'Die Blumen von Hiroshima' - eine neue Forest-Oper","Hansjürgen Schaefer",author
1967,242,"E. H. Meyer Sinfonietta. für großes Orchester","Hansjürgen Schaefer",author
1967,243,"Mythos - Melos - Musica. Zum Tode Walther Vetters","Hansjürgen Schaefer",author
1967,244,"Talent fürs Musiktheater","Hansjürgen Schaefer",author
1967,245,"Musik in der entwickelten sozialistischen Gesellschaft. Gedanken nach dem VII.
            Parteitag der SED","Hansjürgen Schaefer",author
1967,246,"Eldorado der Oper Musikbühnenjubiläum in der Hauptstadt der DDR","Hansjürgen Schaefer",author
1967,247,"I. Musik-Biennale in Berlin","Hansjürgen Schaefer",author
1967,248,"Auf ein Wort, Herr Intendant. Bemerkungen zu den Opernspielplänen unserer
            Theater","Hansjürgen Schaefer",author
1967,249,"Konzertplan-Analyse 1966/1967","Hansjürgen Schaefer",author
1967,250,"Musikkritik hier und heute","Hansjürgen Schaefer",author
1967,251,"Grundgedanken zur Musiktheorie und ihrer Methodik","Paul Schenk",author
1967,252,"Über verschiedene Harmoniesysteme","Paul Schenk",author
1967,253,"Festwochen zur Wiedereröffnung der Komischen Oper Berlin","Klaus Schlegel",author
1967,254,"Musikalische Strukturen aus menschlichen Verhaltensweisen nach einer Analyse eines
            Sinfoniesatzes von Dmitri Schostakowitsch","Carl Schmidt",author
1967,255,"Operette, von Abraham bis Ziehrer. 4. Aufl","Otto Schneidereit",author
1967,256,"Jaques Offenbach","Otto Schneidereit",author
1967,257,"Bemerkungen zum vorliegenden Notationsartikel von Yang Yin-liu","Gerd Schönfelder",author
1967,258,"Das spezifische Element der instrumental-improvisatorischen Begabung","Herbert Schramowski",author
1967,259,"Brecht und die Musikdramatik. Bedeutsame Dessau-Uraufführung und anregende
            Diskussionswoche in der Deutschen Staatsoper Berlin","Manfred Schubert",author
1967,260,"Johann Sebastian Bach und Christian Gottlob Meißner","Hans-Joachim Schulze",author
1967,261,"Ein unbekannter Brief von Silvius Leopold Weiß","Hans-Joachim Schulze",author
1967,262,"Zur Analyse von Aktivitätsfaktoren für die Förderung der musikalischen Tätigkeit in
            Chören und Orchestern","Helmut Schulze",author
1967,263,"Sammelbände der Robert-Schumann-Gesellschaft. Bd. II","Herbert Schulze",editor
1967,264,"Tradition und Gegenwart. Einige Bemerkungen zu Johannes Paul Thilmans Opus
            100","Herbert Schulze",author
1967,265,"Sorgen um die Schulmusik","Kurt Schwaen",author
1967,266,"Die Wiedergewinnung von Opern und Intermezzi des 18. Jahrhunderts durch Bearbeitung
            der Libretti","Gerhard Schwalbe",author
1967,267,"Die I. Musik-Biennale Berlin","Eckart Schwinger",author
1967,268,"Jahrbuch der Komischen Oper Berlin, Bd. VII. 1966/67","Horst Seeger",author
1967,268,"Jahrbuch der Komischen Oper Berlin, Bd. VII. 1966/67","Martin Vogler",author
1967,269,"Ziele und Aufgaben der sozialistischen Musikerziehung. Mit einer Einführung in die
            Musikästhetik und in die musikalische Analyse. Handbuch der Musikerziehung, Teil
            1","Walther Siegmund-Schultze",author
1967,270,"Händel-Jahrbuch 1966","Walther Siegmund-Schultze",editor
1967,271,"Telemann - ein Komponist der Aufklärung","Walther Siegmund-Schultze",author
1967,272,"Händel-Forschung an der Universität Halle-Wittenberg","Walther Siegmund-Schultze",author
1967,273,"Musik, dem Roten Oktober gewidmet","Walther Siegmund-Schultze",author
1967,274,"Probleme der Händel-Forschung","Walther Siegmund-Schultze",author
1967,275,"16. Händel-Festspiele Halle","Walther Siegmund-Schultze",editor
1967,276,"Zu einigen Problemen der Händel-Operninterpretation","Walther Siegmund-Schultze",author
1967,277,"Max Schneider verstorben","Walther Siegmund-Schultze",author
1967,278,"Die Musik der Reformation","Walther Siegmund-Schultze",author
1967,279,"Prof. Dr. habil. Siegfried Bimberg","Walther Siegmund-Schultze",author
1967,280,"Strömungen und Tendenzen im Musikschaffen des 20. Jahrhunderts in der Sicht der
            marxistischen Musikwissenschaft - ihre Bedeutung für die sozialistische
            Musikerziehung","Walther Siegmund-Schultze",author
1967,281,"Max Schneider zum Gedenken","Walther Siegmund-Schultze",author
1967,282,"Ansprache und Kolloquium zur Konferenz ""Fragen der Aufführungspraxis Händelscher
            Werke""","Walther Siegmund-Schultze",author
1967,283,"Bach und Händel","Walther Siegmund-Schultze",author
1967,284,"Monteverdi und Schütz","Walther Siegmund-Schultze",author
1967,285,"Zur Aufführungspraxis des 'Messias' in Halle","Walther Siegmund-Schultze",author
1967,286,"Die HauptVertreter der bürgerlichen Musikkultur im 20. Jahrhundert. Lehrbrief Nr.
            12","Walther Siegmund-Schultze",author
1967,287,"Musik der sozialistischen Länder. Lehrbrief Nr. 13","Walther Siegmund-Schultze",author
1967,288,"Beziehungen zwischen der russisch-sowjetischen und unserer Musik","Walther Siegmund-Schultze",author
1967,289,"G. F. Händels Operetta 'Imeneo'. Schallplatteneinführung","Walther Siegmund-Schultze",author
1967,290,"E.H. Meyer - Serenata pensierosa. Analyse","Walther Siegmund-Schultze",author
1967,291,"Probleme der Interpretation Händelscher Opern","Walther Siegmund-Schultze",author
1967,292,"Zum Menschenbild in der spätbürgerlichen Unterhaltung","Horst Slomma",author
1967,293,"Christoph Willibald Gluck - Orfeo ed Euridice (Orpheus und Eurydike).
            Schallplattentextheft","Heinrich Spieler",author
1967,294,"300 Jahre Dresdner Staatstheater"," Staatstheater Dresden",editor
1967,295,"Akustische Messungen an der Silbermannorgel in der Kirche St. Georg in Rötha","Gerhard Steinke",author
1967,296,"Experimentelle Musik mit dem subharmonischen Klangerzeuger 'Subharchord'","Gerhard Steinke",author
1967,297,"Physikalisch-technische und ästhetische Aspekte elektronischer Klangkunst","Gerhard Steinke",author
1967,298,"Heinrich Ignaz Franz von Biber - Psalmus 127 'Nisi Dominus aedificaverit Dornum' für
            Solovioline, Baß und Basso continuo","Wolfram Steude",editor
1967,299,"Aus der Arbeit der 'Study Group of Folk Music Systematization' beim International
            Folk Music Council","Doris Stockmann",author
1967,300,"Hörbild und Schallbild als Mittel musikethnologischer Dokumentation","Doris Stockmann",author
1967,301,"Tagung für Volksmusikforschung in Wien","Doris Stockmann",author
1967,302,"Sowjetische Volkslied- und Volksmusikforschung. Ausgewählte Studien","Erich Stockmann",author
1967,302,"Sowjetische Volkslied- und Volksmusikforschung. Ausgewählte Studien","Hermann Strobach",author
1967,302,"Sowjetische Volkslied- und Volksmusikforschung. Ausgewählte Studien","Kirill Čistov",author
1967,302,"Sowjetische Volkslied- und Volksmusikforschung. Ausgewählte Studien","Eugen Hippius",author
1967,303,"Neue Beiträge zur Erforschung der europäischen Volksmusikinstrumente","Erich Stockmann",author
1967,304,"Volksmusikinstrumente und Arbeit","Erich Stockmann",author
1967,305,"Aufsätze zur.Operninterpretation 1918-1933","Stephan Stompor",editor
1967,306,"Tendenzen im deutschen Volkslied nach der französischen Revolution von 1789","Kurt Thomas",author
1967,307,"Karl Dietrich - Konzertsuite für Streichorchester (1967). Analyse","Kurt Thomas",author
1967,308,"Zur gesellschaftlichen Funktion der Musikschulen","Joachim Thorbeck",author
1967,309,"Zu den Erziehungszielen der Musikschulen","Joachim Thorbeck",author
1967,310,"Das musikalische Ausbildungssystem in der Volksrepublik Bulgarien","Joachim Thorbeck",author
1967,311,"Untersuchungen zu den in der deutschen musikalischen Fachliteratur von 1918 bis 1964
            enthaltenen Methoden der musikalischen Werkanalyse","Manfred Vetter",author
1967,312,"Die musikalische Werkanalyse in der Schule im Spiegel der Großen Sozialistischen
            Oktoberrevolution","Manfred Vetter",author
1967,313,"Zu einigen Fragen der sozialistischrealistischen Musikkultur in der
            Sowjetunion","Manfred Vetter",author
1967,314,"Musikhören in der Unterstufe","Manfred Vetter",author
1967,315,"Sonderprobleme in Mozarts 'Zauberflöte' und im 'Titus'","Walther Vetter",author
1967,316,"über die Musikbühne","Rudolf Wagner-Régeny",author
1967,317,"Zur Gründungsgeschichte des Leipziger Konservatoriums","Martin Wehnert",author
1967,318,"Psychologische Grundlagen der Gesangspädagogik","Kurt Wichmann",author
1967,319,"Psychologische Grundlagen der Singefähigkeit","Kurt Wichmann",author
1967,320,"Richard Wagners geistige und künstlerische Entwicklung bis zum Jahre 1848 -
            Untersuchungen an Wagners Briefen, Schriften und Werken","Werner Wolf",author
1967,321,"Richard Wagner - 'Sämtliche Briefe'. Bd. 1","Werner Wolf",editor
1967,321,"Richard Wagner - 'Sämtliche Briefe'. Bd. 1","Gertrud Strobel",editor
1967,322,"Richard Wagner - 'Ring des Nibelungen'. Schallplattentexthefte","Werner Wolf",author
1967,323,"Ottmar Gerster - 'Enoch Arden' (Der Möwenschrei). Ausschnitte.
            Schallplattentextheft","Werner Wolf",author
1967,324,"Melodische Urform und Gestaltvariation bei Debussy","Hellmuth Christian Wolff",author
1967,325,"Grenzen der Musikwissenschaft","Hellmuth Christian Wolff",author
1967,326,"Rameaus 'Les Indes Galantes' als musikethnologische Quelle","Hellmuth Christian Wolff",author
1967,327,"Communication. La Haye 1967","Hellmuth Christian Wolff",author
1967,328,"Christian Felix Weisse.","Hellmuth Christian Wolff",author
1967,329,"Telemanns Liedschaffen und seine Bedeutung für die Entwicklung des deutschen Liedes
            In der ersten Hälfte des 18. Jahrhunderts","Karin Zauft",author
1967,330,"Bach und die Swingle-Singers","Dieter Zechlin",author
1967,331,"'Verdi-Konfigurationen' von Wilhelm Hübner. Werkbesprechung","Eleonore Zeim",author
1967,332,"Zum Instrumentarium um 1900","Helmut Zeraschi",author
1967,"N 1","Musiker und Musikpflege in Rostock von der Stadtgründung bis 1700","Hans Jürgen Daebeler",author
1967,"N 2","A. Vivaldi - Concerto con Violino Solo obligato D-Dur, op. 3, Nr. 9","Rudolf Eller",author
1967,"N 3","A. Vivaldi - Concerto con quattro Violini obligati D-Dur, op. 3, No. 1","Rudolf Eller",author
1967,"N 4","Vivaldi, Antonio","Rudolf Eller",author
1967,"N 5","Sebastian Lee - Melodische Etüden für Violoncello, op. 31, H. 1","Wolfgang Goldhan",editor
1967,"N 6","Jacobus Vide","Peter Gülke",author
1967,"N 7","Probleme der Analyse musikalischer Werke","Werner Kaden",author
1967,"N 8","Die Entwicklung der Arbeitersängerbewegung im Gau Chemnitz des Deutschen
            Arbeitersängerbundes von den Anfängen bis 1933","Werner Kaden",author
1967,"N 9","Ästhetische Probleme des künstlerischen Schaffens","H. Hetsch",author
1967,"N 10","Gedanken zur führenden Rolle der SED in der Musikentwicklung der Deutschen
            Demokratischen Republik","Günther Müller",author
1967,"N 11","Zur Frage der Notwendigkeit der stimmlichen und sprachlichen Oberprüfung von
            Bewerbern für das Lehrerstudium","Otto Preu",author
1967,"N 11","Zur Frage der Notwendigkeit der stimmlichen und sprachlichen Oberprüfung von
            Bewerbern für das Lehrerstudium","Günter Scholz",author
1967,"N 12","Die Realisierung der deutschen kurzen, offenen. Vokale im Gesang","Otto Preu",author
1967,"N 13","Zur Frage der Notwendigkeit der stimmlichen und sprachlichen Überprüfung von
            Bewerbern für das Lehrerstudium","Günter Scholz",author
1967,"N 13","Zur Frage der Notwendigkeit der stimmlichen und sprachlichen Überprüfung von
            Bewerbern für das Lehrerstudium","Otto Preu",author
1967,"N 14","Das Problem der Transkription in der musikethnologischen Forschung.","Doris Stockmann",author
1967,"N 15","Volksmusikinstrumente und instrumentale Volksmusik in deutschsprachigen
            Veröffentlichungen 1956-1965.","Erich Stockmann",author
1967,"N 15","Volksmusikinstrumente und instrumentale Volksmusik in deutschsprachigen
            Veröffentlichungen 1956-1965.","Herta Uhlrich",author
1967,"F 1","Rezeptionskundliche Untersuchungen zur Tanzmusik in der Deutschen Demokratischen
            Republik","Fritz Bachmann",author
1967,"F 2","Musikalische Landschaftsforschung","Bernd Baselt",author
1967,"F 3","G. F. Händels Werke und ihre Edition durch F. Chrysander. Eine kritische Auswertung
            der 1. Händel-Gesamtausgabesamtausgabe samt einem Verzeichnis aller darin
            veröffentlichten Werke","Bernd Baselt",author
1967,"F 4","Die Entwicklung der geigerischen Spieltechnik und der Schul- und Lehrwerke für die
            Violine. Ein Beitrag zur Geschichte der Violinmusik vom 17. bis zum 19.
            Jahrhundert","Friedrich Wilhelm Beinroth",author
1967,"F 5","Rezeptionskundliche Untersuchungen der Einführungsästhetik bei Lipps, Hartmann und
            Volkelt","Fritz Beinroth",author
1967,"F 6","Die Sinfonik des 19. Jahrhunderts und ihre Beziehungen zur gesellschaftlichen
            Entwicklung (Arbeitstitel)","Jürgen Beythien",author
1967,"F 7","Die Bedeutung des Davidbündlerkreises für die Musikanschauung und die Musikgeschichte
            des 19. Jahrhunderts","Johannes Besser",author
1967,"F 8","Die Effektivität von Unterrichtstonbändern","Siegfried Bimberg",author
1967,"F 9",Volksliedarchiv,"Siegfried Bimberg",author
1967,"F 10",Knabenchorentwicklung,"Siegfried Bimberg",author
1967,"F 11","Untersuchungen über den Leistungsstand der Studierenden im Fach Sprecherziehung von
            der Aufnahme bis zur Abschlußprüfung","Barbara Bley",author
1967,"F 12","Untersuchungen über die musikalische Entwicklung von Unterstufenkindern","Erich Boeck",author
1967,"F 13","Kritische Wertung der Arbeiten Eduard von Hanslicks","Dieter Breitkreutz",author
1967,"F 14","Max Butting","Dietrich Brennecke",author
1967,"F 15","Musikgeschichte der Stadt Wismar von 14. bis Ende des 17. Jahrhunderts","Burkhard Busse",author
1967,"F 16","Geschichte der Musikerziehung","Hella Brock",author
1967,"F 17","Funktion der Zeitschrift ""Musik in der Schule"" bei der Verwirklichung; der Bildungs-
            und Erziehungsziele in der sozialistischen Schule der DDR (Ein Beitrag zur Geschichte
            der Schulmusik in der DDR)","Günther Diezel",author
1967,"F 18","Akustische Untersuchungen, der Vibration bei Gesangsstimmen und ihre Bedeutung für
            den Informationswert beim Musikhören","Paul Wilhelm Donath",author
1967,"F 19",Bach-Forschung,"Rudolf Eller",author
1967,"F 20",Vivaldi-Forschung,"Rudolf Eller",author
1967,"F 21","Mecklenburgische Landes- und Lokalmusikgeschichtsforschung","Rudolf Eller",author
1967,"F 21","Mecklenburgische Landes- und Lokalmusikgeschichtsforschung","Alfred Hingst",author
1967,"F 21","Mecklenburgische Landes- und Lokalmusikgeschichtsforschung","Karl Heller",author
1967,"F 21","Mecklenburgische Landes- und Lokalmusikgeschichtsforschung","Hans Jürgen Daebeler",author
1967,"F 22","Arabische Musik","Jürgen Elsner",author
1967,"F 23","Zum Problem des Maqam oder Variabilität und Variantenbildung (Arbeitsthema)","Jürgen Elsner",author
1967,"F 24","Die Hauptrichtungen der westdeutschen Musikästhetik, dargestellt an ihrem Verhältnis
            zur neuen Musik","Mechthild Elßner",author
1967,"F 25","Die wissenschaftsgeschichtliche und philosophische Position von Erich M. von
            Hornbostel","Veit Ernst",author
1967,"F 26","Sozialpsychologie der musikalischen Unterhaltung","Veit Ernst",author
1967,"F 27","Untersuchungen zur Analyse und Entwicklung der Schülerleistungen im
            rhythmisch-metrischen Bereich des Musikunterrichts der Mittelstufe","Hans Fehske",author
1967,"F 28","Vertonung Brechtscher Stücke","Ingeborg Ferchland",author
1967,"F 29","Studien zum Musikleben der Römer","Günter Fleischhauer",author
1967,"F 30","Zur Geschichte der Händel-Biographik bis Chrysander","Siegfried Flesch",author
1967,"F 31","Untersuchungen am Liedgut der in der DDR verwendeten Schulliederbücher betreffs
            seiner Eignung zur Vorbereitung der Rezeption zeitgenössischer Vokalwerke","Joachim Fockenbrock",author
1967,"F 32","Thematik und Form im Werk Béla Bartóks","Johannes Forner",author
1967,"F 33","Zur Interpretation und Rezeption von Beethovens Klaviersonaten","Barbara Friege",author
1967,"F 34","Rezeptionskundliche Untersuchungen über die ideelle Programmatik in der Sinfonik bei
            Schostakowitsch","Evelin Fresenius",author
1967,"F 35","Der Marsch im Schaffen Schumanns","Ulrich Frick",author
1967,"F 36","Das Cembalo in der Musik des 20. Jahrhunderts","Eberhard Geiler",author
1967,"F 37","Psychologische und ästhetische Untersuchungen über Entwicklung und Stand der
            Gefühlstheorie als Voraussetzung für die Anwendung in der musikalischen
            Rezeption","William Geißler",author
1967,"F 38","Bestimmung des musikalischen Niveaus bei Schulanfängern","Dieter Gless",author
1967,"F 39","Die gemischten Register im historischen und zeitgenössischen deutschen
            Orgelbau","Frank-Harald Greß",author
1967,"F 40","Systematische Untersuchungen zur ästhetischen Einheit der'Musik.
            (Syntaktisch-semantische Struktur-Untersuchungen an der Vokal- und Instrumentalmusik,
            unter besonderer Berücksichtigung der Klassik)","Harry Goldschmidt",author
1967,"F 41","Beethovens Schaffensmethoden unter syntaktisch-semantischem Aspekt","Harry Goldschmidt",author
1967,"F 42","Erschließung von Musik des 16.-18. Jahrhunderts aus sächsischen Bibliotheken","Hans Grüß",author
1967,"F 43","Einflüsse des französischen Impressionismus auf Bartók","Iwanka Halatschewa",author
1967,"F 44","Dialektik von Werk und Ideologie bei Gustav Mahler","Mathias Hansen",author
1967,"F 45","Fidelio F. Finke. Leben und Werk","Dieter Härtwig",author
1967,"F 46","Programmierung des Musikunterrichts","Rainer Herberger",author
1967,"F 47","Untersuchungen über Beethovens späte Streichquartette","Eva Heinrich",author
1967,"F 48","Volksmusik in Cuba. Leipzig","Axel Hesse",author
1967,"F 49","Wege zur effektiven Gestaltung des Musikunterrichts auf dem Gebiet des Musikhörens
            unter besonderer Berücksichtigung der schöpferischen Arbeit der Schüler","Erhard Hienzsch",author
1967,"F 50","Die Musikgeschichte der Universität Rostock","Alfred Hingst",author
1967,"F 51","Systematische Grundlagen für das Musikhören in der Einheit von Singen und Erfassen
            musikalischer Zusammenhänge","Karl Hoffmann",author
1967,"F 52","Studien zu einer Metatheorie der Musikwissenschaft","Hans Gunter Hoke",author
1967,"F 53","Die Darstellung von Leben und Werk zeitgenössischer Komponisten in Lichtbildreihen am
            Beispiel einiger Komponisten der DDR","Hannelore Iske",author
1967,"F 54","Die Entwicklung der Musikerziehung in Westdeutschland seit 1945","Walter Jäger",author
1967,"F 55","Die Spezifik der Ballettmusik","Peter Jarchow",author
1967,"F 56","Gottfried August Homilius und die evangelische Kirchenmusik Dresdens im 18.
            Jahrhundert","Hans John",author
1967,"F 57","Die italienische und deutsche Violinsonate in der Dresdner Musikpflege des 18.
            Jahrhunderts","Hans Rudolf Jung",author
1967,"F 58","Untersuchungen über die Wirkung der Musik auf die Persönlichkeitsentwicklung","Werner Kaden",author
1967,"F 58","Untersuchungen über die Wirkung der Musik auf die Persönlichkeitsentwicklung","Eberhard Möller",author
1967,"F 59","Probleme der Harmonik in Prokofjews Klaviersonaten","Kurt Kallausch",author
1967,"F 60","Volkslied und motivische Konstruktion. Ein Beitrag zur Kompositionstechnik Béla
            Bartóks","Erich Kapst",author
1967,"F 61","Indonesische Gesänge (Arbeitsthema)","Margaret Kartomi",author
1967,"F 62","Idealbildung durch Musik als ein Faktor bei der Herausbildung der Persönlichkeit im
            Pubertätsalter","Erika Kießling",author
1967,"F 63","Das Musiktheater Carl Orffs","Udo Klement",author
1967,"F 64","Untersuchungen zur neueren szenischen Kantate","Klaus Köhler",author
1967,"F 65","Faktorenanalytische Typenbestimmung an einstimmigen Volksliedern (Versuch einer
            typologischen Systematisierung altmärkischer Volkslieder - Sammlungen Stockmann,
            Parisius u.a. - mit Hilfe eines Zeiss-Rechenautomaten)","Reiner Kluge",author
1967,"F 66","Untersuchungen zum sinfonischen Schaffen der jüngeren Komponistengeneration in der
            Deutschen Demokratischen Republik","Eberhard Kneipel",author
1967,"F 67","Zu einigen Aspekten des Musikschaffens von Hans-Georg Görner","Eberhard Kneipel",author
1967,"F 68","Spezifische Gestaltungsprinzipien der sozialistischen Vokalsinfonik","Siegfried Köhler",author
1967,"F 69","Die Klavierimprovisation Inder Musikerziehung der Gegenwart. Ein Beitrag zur
            schöpferischen Gestaltung des Musikunterrichts","Albrecht Krauß",author
1967,"F 70",Musikhören,"Irmgard Krauthoff",author
1967,"F 71","Zur Interpretation und Rezeption der weltlichen mehrstimmigen Vokalmusik des
            Cinquecento","Friedrich Krell",author
1967,"F 72","Das sozialistische Massenlied (Arbeitsthema). - Diss., Inst. f. Musikwiss.
            Leipzig.","Thomas Kunath",author
1967,"F 73","Untersuchung über Bedeutung und Wirkung des Interesses von Schülern für
            Unterhaltungs- und Tanzmusik im Erkenntnisprozeß des Faches Musik der zehnklassigen
            allgemeinbildenden polytechnischen Oberschule","Lothar Kunze",author
1967,"F 74","Der pädagogische Anteil zur Entwicklung der Singefähigkeit in den Schulgesangsbüchern
            des 19. Jahrhunderts","Klaus Kurz",author
1967,"F 75","Das italienische Intermezzo in der Dresdner Opernpflege des 18. Jahrhunderts","Ortrun Landmann",author
1967,"F 76","Untersuchungen über den Einfluß der Vokale auf die Tonhöhe","Reinhard Langer",author
1967,"F 77","Das mehrstimmige Hören als eine wichtige Grundlage der musikalischen Rezeption bei
            Schülern und werktätigen Hörern","Christian Lange",author
1967,"F 78","Die Entwicklung der Spieltechnik des Akkordeons und der Einfluß der
            gesellschaftlichen Kräfte auf diesen Prozeß","Hans Luck",author
1967,"F 79","Systematische Untersuchungen zur Intonation der Streichquartett-Instrumente","Rudolf Lüdeke",author
1967,"F 80","Johann Abraham Peter Schulz als Komponist und Musikschriftsteller","Jürgen Mainka",author
1967,"F 81","Zum Verhältnis von auditiver und visueller Analyse","Klaus Mehner",author
1967,"F 82","Untersuchung des Singeprozesses bei Jugendlichen während der Mutation","Siegfried Mesek",author
1967,"F 83","Probleme der Tanz- und Unterhaltungsmusik","Martin Meyer",author
1967,"F 84","Untersuchungen zum Problem musikalischer Begabungsdiagnostik","Paul Michel",author
1967,"F 85","Empirische Untersuchungen über die emotionale Wirkung von Musik verschiedener Epochen
            auf Kinder und Jugendliche","Paul Michel",author
1967,"F 86","Der Göttinger Hainbund und die Musik","Elisabeth Miller",author
1967,"F 87","Kuhnaus Klaviermusik. Ihre Vorbilder, ihre Nachwirkung","Wolfgang Miller",author
1967,"F 88","Untersuchungen über die Wirkung der Musik auf die Persönlichkeitsentwicklung","Eberhard Möller",author
1967,"F 88","Untersuchungen über die Wirkung der Musik auf die Persönlichkeitsentwicklung","Werner Kaden",author
1967,"F 89","Robert Schumanns künstlerische Entwicklung in seinem Liedschaffen","Eberhard Möller",author
1967,"F 90","Kurt Schwaen - Leben und Werk","Ludwig Müller",author
1967,"F 91","Rezeptionskundliche und aufführungspraktische Untersuchungen des deutschen Chorliedes
            um 1600","Christel Neumann",author
1967,"F 92","Johann Philipp Krieger","Brigitte Nitzsche",author
1967,"F 93","Die Kammermusik Dmitri Schostakowitschs (unter besonderer Berücksichtigung seiner
            Streichquartette)","Ekkehard Ochs",author
1967,"F 94","Die Entwicklung des Musikerlebens auf der Grundlage pädagogisch gesteuerter
            Motivsetzungen","Günter Olias",author
1967,"F 95","Untersuchungen zur musikalischen Leistungsfähigkeit cerebral gelähmter Kinder","Otto Preu",author
1967,"F 96","Spieltechnik und Klangcharakter des Naturhorns bis zur Einführung des Ventilhorns
            (1750-1835)","Bernd Pachnicke",author
1967,"F 97","Die Stellung von Franz Liszt in der Musikgeschichte des 19. Jahrhunderts","Werner Rackwitz",author
1967,"F 98","Neue Klaviermusik als Wegbereiter der Werkbetrachtung in der erweiterten
            Oberschule","Kurt Räder",author
1967,"F 99","Charakteristik und Werteinheit der Prinzipien linearen Gestaltens, dargestellt an
            Kompositionen Fred Lohses","Siegfried Raschke",author
1967,"F 100","Rosebery d'Arguto. Ein Beitrag zur Geschichte des Arbeitergesanges","Lotte Rebinger",author
1967,"F 101","Phantastische Gestalten in der deutschen Oper von 1790-1830. (Arbeitstitel)","Vera Reising",author
1967,"F 102","Zinn Problem der Reprise - Untersuchungen anhand einiger Instrumentalwerke im 1.
            Jahrzehnt des 20. Jahrhunderts in Österreich","Gerd Rienäcker",author
1967,"F 103","Die Entwicklung des Deutschen Sängerhundes 1862-1918","Hans-Joachim Rothe",author
1967,"F 104","Klavierspiel und musikalische Laienbildung im 18. Jahrhundert in Deutschland","Egon Rubisch",author
1967,"F 105","Die Entwicklung der russischen Klavierliteratur von Glinka bis Rachmaninow","Christoph Rüger",author
1967,"F 106",Jugendlied,"Klaus-Dieter Scharfenberg",author
1967,"F 107","Strukturen des musikalischen Kunstwerkes aus dem Hörerlebnis und Höranalysen von
            Kunstwerken nach Sinn und Form","Carl Schmidt",author
1967,"F 108","Wesen und Werden des europäischen Tonsystems","Peter Schmiedel",author
1967,"F 109","Robert Schumanns Lieder nach-Gedichten von Heinrich Heine. Ein Beitrag zur
            musikalischen Heine-Rezeption des 19. Jahrhunderts","Anneliese Schneider",author
1967,"F 110","Hans von Bülow - Leben und Werk. Diss., Inst. f. Musikwiss. Berlin.","Ernst Schneider",author
1967,"F 111","Das ban-Prinzip als musikalische Gestaltungsweise der Stile örlhuang und xipi in der
            Peking-Oper. Ein Beitrag zur Entwicklungsgeschichte der Musik","Gerd Schönfelder",author
1967,"F 112","Studien zur Geschichte der Beethoven-Rezeption","Martin Schoppe",author
1967,"F 113","Bedeutung, Grenzen und Aneignung, der musikalischen Improvisation","Herbert Schramowski",author
1967,"F 114","Zur Qualitätsbewertung von Musikinstrumenten","Helmut Seidl",author
1967,"F 115",Händel-Forschung,"Walther Siegmund-Schultze",author
1967,"F 116","Musikalische Rezeptionsforschung","Walther Siegmund-Schultze",author
1967,"F 117","Die elektronische Klanghafttafel - ein neues Unterrichtsmittel für den
            Musikunterricht","Martin Stiebritz",author
1967,"F 118","Die Musikpflege an der Fürstenschule Grimma","Wolfram Steude",author
1967,"F 119","Operninterpretation von 1918-1933","Stephan Stompor",author
1967,"F 120","Die Sinfonien Sergej Prokofjews. Ein Beitrag zur Methodik der Analyse.","Friedbert Streller",author
1967,"F 121","Die Klaviersonate von 1830-1850","Hanne-Dore Thäle",author
1967,"F 122","Untersuchungen zum Busoni-Bild anhand seines Nachlasses","Jutta Theurich",author
1967,"F 123","Beiträge zur Musikgeschichte der Stadt Quedlinburg","Eitelfriedrich Thom",author
1967,"F 124","Johann Adolf Hasse. Ein dramaturg. Vergleich mit G. P. Händel","Karl-Heinz Viertel",author
1967,"F 125","Beiträge zur Musikgeschichte der Stadt Stendal","Hans-Hermann Voigt",author
1967,"F 126","Werkanalysen im Rundfunk","Katharina Wauer",author
1967,"F 127","Zur Geschichte und Ästhetik der Begriffe ""Motiv"" und ""Thema""","Martin Wehnert",author
1967,"F 128","Anteil und Funktion vokaler und instrumentaler Stücke aus dem klassischen Erbe in den
            deutschen Musikschulwerken von 1918-1965","Fritz Westien",author
1967,"F 129","Rezeptionskundliche Untersuchungen von Gitarrenliteratur des 20. Jahrhunderts","Gerhard Willmitzer",author
1967,"F 130","Béla Bartók und seine Streichquartette","Ejichi Yasui",author
1967,"F 131","Die Geschichte des Musikverlages Breitkopf &amp; Härtel","Frieder Zschoch",author
1968,1,"Die Stralsunder Theaterzettel-Sammlung","Peter Ahnsehl",author
1968,2,"Musikalische Formenlehre. 2. verb. u. erw, Aufl","Günter Altmann",author
1968,3,"Musikerziehung in der Kinderkrippe","Fritz Bachmann",author
1968,4,"Formenlehre für die Ausbildung von Chor- und Instrumentalgruprenleitern","Fritz Bachmann",author
1968,5,"Rezeptionskundliche Untersuchungen zur Tanzmusik in der Deutschen Demokratischen
            Republik","Fritz Bachmann",author
1968,6,"Actus musicus und Historie um 1700 in Mitteldeutschland","Bernd Baselt",author
1968,7,"""Der neumodische Liebhaber Dämon"" oder ""Die Satyrn in Arcadien"". Oper in 3 Akten von
            G. Ph. Telemann","Bernd Baselt",editor
1968,8,"J. S. Bach - Vier Ouvertüren (Orchestersuiten). Notenband und Kritischer
            Bericht","Heinrich Besseler",editor
1968,8,"J. S. Bach - Vier Ouvertüren (Orchestersuiten). Notenband und Kritischer
            Bericht","Hans Grüß",editor
1968,9,"Falsche Autornamen in den Handschriften Strasbourg (Vitry) und Montecassino
            (Dufay)","Heinrich Besseler",author
1968,10,"Warum keine einheitliche Anwendung der Begriffe aus der Formenlehre in Analysen und
            Werkeinführungen","Johannes Besser",author
1968,11,"Möglichkeiten und Grenzen der Dodekaphonie","Jürgen Beythien",author
1968,12,"Schöpferische Nachgestaltung der Folklore im Schaffen Béla Bartóks","Jürgen Beythien",author
1968,13,"Zur Methodik von Untersuchungen musikalischer Interessen","Siegfried Bimberg",author
1968,13,"Zur Methodik von Untersuchungen musikalischer Interessen","Wolfgang Köhler",author
1968,14,"Der Zusammenhang von technischem und ästhetischem Denken als Voraussetzung für den
            Fortschritt In der Musikerziehung","Siegfried Bimberg",author
1968,15,"Didaktisch-methodische Grundlagen der Musikerziehung. Handbuch der Musikerziehung,
            Teil 3","Siegfried Bimberg",author
1968,16,"Neue Aspekte zur Tonalitätsforschung","Siegfried Bimberg",author
1968,17,"Entwurf einer Rezeptionslehre für die Musik","Siegfried Bimberg",author
1968,18,"Zur Konzeption der Musikpolitik im Deutschen Demokratisches Rundfunk","Dieter Boeck",author
1968,18,"Zur Konzeption der Musikpolitik im Deutschen Demokratisches Rundfunk","Klaus Kleinschmidt",author
1968,19,"Max Butting - die Musik und die Menschen. Aufsätze, Vorträge und ästhetische
            Überlegungen eines Komponisten","Dietrich Brennecke",author
1968,20,"Probleme des Kategoriensystems","Heinz Alfred Brockhaus",author
1968,21,"Hanns Eisler - Nonett Nr. 1: Quintett op. 70 ""Vierzehn Arten, den Regen zu
            beschreiben""; Nonett Nr. 2. Schallplattentextheft","Heinz Alfred Brockhaus",author
1968,22,"Die Bedeutung der Oktoberrevolution für das Schaffen Hanns Eislers","Heinz Alfred Brockhaus",author
1968,23,"Musikwissenschaft als Leitungswissenschaft","Heinz Alfred Brockhaus",author
1968,24,"Sinfonie singulière. Information über Berwald","Erich Brüll",author
1968,25,"Zur Methodologie der musikalischen Lokalgeschichtsforschung am Beispiel der
            Musikgeschichte der Stadt Wismar von der Gründung bis 1700","Burkhard Busse",author
1968,26,"Autobiographische Notizen","Max Butting",author
1968,27,"750 Jahre Rostocker Musikleben","Hans Jürgen Daebeler",author
1968,28,"Berufsbezeichnungen der Musiker in Rostock von 1300-1700 und Rostocker
            Musikerfamilien","Hans Jürgen Daebeler",author
1968,29,"Die Silbermannorgel in Pfaffroda im Erzgebirge","Ulrich Dähnert",author
1968,30,"Die Orgellandschaften Sachsens und Thüringens","Ulrich Dähnert",author
1968,31,"Zur Geschichte der Musikabteilung der Schweriner Landesbibiiothek","Rolf Dempe",author
1968,32,"Erinnerungen an Hermann Scherchen","Paul Dessau",author
1968,32,"Erinnerungen an Hermann Scherchen","Helmut Koch",author
1968,33,"Für einheitliche Begriffssysteme im Musikunterricht","Günther Diezel",author
1968,33,"Für einheitliche Begriffssysteme im Musikunterricht","Karl Büse",author
1968,34,"Zur Musikgeschichte von Zwickau","Georg Eismann",author
1968,35,"Zani, Andrea","Rudolf Eller",author
1968,36,"A. Vivaldi - Concerto con quattro Violini e Violoncello obligato, op. 3, Nr.
            7","Rudolf Eller",author
1968,37,"Umrisse einer mecklenburgischen Musikgeschichte","Rudolf Eller",author
1968,38,"Die Musikkultur Ägypters. Bericht über eine musikwissenschaftliche
            Forschungsreise","Jürgen Elsner",author
1968,39,"Die Majakowski-Vertonungen Hanns Eislers","Jürgen Elsner",author
1968,40,"Gedanken zum Thema Jazz","Jürgen Elsner",author
1968,41,"Curt Sachs - Die Musik der Alten Welt. Nachwort zur deutschen Fassung","Jürgen Elsner",author
1968,42,"Der Begriff des Maqam im heutigen Ägypten","Jürgen Elsner",author
1968,43,"Zu Fragen der Musiksoziologie","Mechthild Elßner",author
1968,44,"Nikolai A. Rimski-Korsakow: Chronik meines musikalischen Lebens","Lothar Fahlbusch",editor
1968,45,"Siegfried Köhler: ""Reich des Menschen"". Poem in drei Teilen nach Dichtungen von J. R.
            Becher für Soli, Chor und Orchester","Werner Felix",author
1968,46,"Karl-Rudi Griesbach - Afrikanische Sinfonie (1963); Otto Reinhold - Konzertante Musik
            für Flöte, Bratsche und Orchester (1963). Schallplattentextheft","Werner Felix",author
1968,47,"Über die Entwicklungstendenzen im neuesten sinfonischen Schaffen der DDR","Werner Felix",author
1968,48,"Die Entwicklung der Opernkunst in der DDR","Werner Felix",author
1968,49,"Hába der Harmoniker","Fidelio F. Finke",author
1968,50,"Zunftwesen. A: Musikervereinigungen der Antike","Günter Fleischhauer",author
1968,51,"Zu den Kantaten des Eröffnungskonzerts","Siegfried Flesch",author
1968,52,"Ein unveröffentlichter Regerbrief. Über die Begegnung Othmar Schoecks mit Max
            Reger","Johannes Forner",author
1968,53,"Pflanzgarten der Tonkunst. 125 Jahre Hochschule für Musik Leipzig","Johannes Forner",author
1968,54,"Die Massenwirksamkeit der Musik","William Geißler",author
1968,55,"Über Hanns Eislers Kammerkantaten","Manfred Grabs",author
1968,56,"Errungenschaften und Grenzen neuer Musiktheorie","Karl-Rudi Griesbach",author
1968,57,"Alban Bergs Kammerkonzert für Klavier und Geige mit dreizehn Bläsern","Hans Grüß",author
1968,58,"Versuch zur Ästhetik der Musik Leos Janáčeks","Peter Gülke",author
1968,59,"Johanni Pullois Opera Omnia (Foreword)","Peter Gülke",author
1968,60,"In memoriam Fidelio F. Finke","Dieter Härtwig",author
1968,61,"Rudolf Wagner-Régenys ""Einleitung und Ode für sinfonisches Orchester"" und ihre
            Stellung in der Orchestermusik des Komponisten","Dieter Härtwig",author
1968,62,"Dieter Howka: Sonate III für Kammerorchester","Walter Heinecke-Oertel",author
1968,63,"Hermann Kretzschmars Wirken in Rostock 1877-1887","Karl Heller",author
1968,64,"Eine Episode aus der Kapellmeistertätigkeit Gustav Mahlers in Leipzig","Gunter Hempel",author
1968,65,"Wach, Carl Gottfried Wilhelm","Gunter Hempel",author
1968,66,"Das Sinfonische und das Dramatische. Kommentar zu Fritz Geißlers 111,
            Sinfonie","Fritz Hennenberg",author
1968,67,"Kosmosforschung als sinfonisches Sujet. Kommentar zur Orchestermusik Nr. 2 ""Meer der
            Stürme"" von Paul Dessau","Fritz Hennenberg",author
1968,68,"Das Leipziger GewandhausOrchester","Fritz Hennenberg",author
1968,69,"Versuche zur intensiven und effektiven Gestaltung des Musikunterrichts","Rainer Herberger",author
1968,70,"Mozarts Briefe","Stephan Hermlin",author
1968,71,"Die Musikerziehung in Rostock seit Gründung der Universität bis ins 18.
            Jahrhundert","Alfred Ringst",author
1968,72,"über die Entwicklung des Intonationsgehörs mit Hilfe technischer Mittler","Lothar Höchel",author
1968,73,"Zur Entwicklung des Intonationsgehörs im Chor","Lothar Höchel",author
1968,74,"Der Schlager. Ein Panorama der leichten Musik. Bd. 1","Heinz Peter Hofmann",author
1968,74,"Der Schlager. Ein Panorama der leichten Musik. Bd. 1","Peter Czerny",author
1968,75,"Tanzmusik heute","Heinz Peter Hofmann",author
1968,75,"Tanzmusik heute","Peter Czerny",author
1968,76,"Das Massenlied - Studien zu seiner Entwicklung und Bedeutung in der DDR. II. Teil:
            Die musikalischen Strukturanalysen","Winfried Hoffmann",author
1968,77,"Das Hirtenblasen im Thüringer Wald","Winfried Hoffmann",author
1968,78,"Christian Gottlob Saupe, Leben und Werk","Walter Hüttel",author
1968,79,"Die Substanzgemeinschaft in der Instrumentalmusik Dietrich Buxtehudes","Walter Hüttel",author
1968,80,"'Die weiße Rose' von Udo Zimmermann","Hans-Jochen Irmer",author
1968,81,"Die Einheitlichkeit der Musikbühne","Hans-Jochen Irmer",author
1968,82,"Franz Liszts Beziehungen zu Dresden","Hans John",author
1968,83,"Allgemeine Musiklehre","Kurt Johnen",author
1968,84,"Der Einfluß der KPD auf die musikalische Entwicklung in Deutschland vor 1933","Werner Kaden",author
1968,85,"Hanns Eislers Lieder und Chöre zu Brechts ""Die Mutter""","Karl Kleinig",author
1968,86,"Musik für Kinder. Schallplattentextheft","Eberhardt Klemm",author
1968,87,"Charles Burney - Tagebuch einer musikalischen Reise durch Frankreich und Italien,
            durch Flandern, die Niederlande und am Rhein bis Wien, durch Böhmen. Sachsen,
            Brandenburg, Hamburg","Eberhardt Klemm",editor
1968,88,"Der Essay als Gattung der Musikliteratur","Georg Knepler",author
1968,89,"Entwicklungstendenzen der sowjetischen Musikkultur","Georg Knepler",author
1968,90,"Analogien zur Tonalität","Klaus-Peter Koch",author
1968,91,"Rudolf Wagner-Régeny zum 65. Geburtstag","Manfred Koerth",author
1968,92,"Jean Kurt Forest - Die Blumen von Hiroshima; Opernquerschnitt.
            Schallplattentextheft","Ernst Krause",author
1968,93,"Abel, Clamor Heinrich: Erstlinge musikalischer Blumen. Frankfurt/M. 1674","Heinz Krause-Graumnitz",editor
1968,94,"Musikhören in der Unterstufe","Irmgard Krauthoff",author
1968,95,"Aufführungspraktische Prinzipien bei der Interpretation der Madrigale von Marenzio,
            Gesualdo und Monteverdi","Friedrich Krell",author
1968,96,"Zur Entwicklung der Arbeitersängerbewegung in Rostock","Eberhard Kremtz",author
1968,97,"Zweimal die ""Unvollendete"". Begegnung mit dem Arbeiter Sinfonieorchester
            Karl-Marx-Stadt","Hans-Joachim Kynaß",author
1968,98,"Zu den Musikhandschriften des 18. Jahrhunderts in der Rostocker
            Universitätsbibliothek","Ortrun Landmann",author
1968,99,"Die soziale Funktion unserer Kunst bei der Entwicklung einer sozialistischen
            Volkskultur","Wolfgang Lesser",author
1968,100,"Die musikalische Linearität des 20. Jahrhunderts als ordnendes Prinzip einer
            historisch begründeten und neuentwickelten Systematik des Tonsatzes","Fred Lohse",author
1968,101,"Die geistigen Grundlagen der musikalischen Entwicklung zwischen 1750 und 1815;
            Studienmaterial für den Unterricht an der Musikhochschule","Jürgen Mainka",author
1968,102,"Schostakowitsch filmporträtiert","Liesel Markowski",author
1968,103,"Musikgeschichte in klingenden Beispielen","Liesel Markowski",author
1968,104,"""unsere neue musik"". Eine Schallplattenreihe bei Eterna","Liesel Markowski",author
1968,105,"Autograph und Druck","Kurt Masur",author
1968,106,"Hanns Eisler über die Intelligenz in der Musik","Günter Mayer",author
1968,107,"Hanns Eisler und die Tradition","Günter Mayer",author
1968,108,"Volksliedkundliche Einordnung und erzieherischer Wert des deutschen
            Arbeiterliedes","Klaus Mehner",author
1968,109,"Akustisch-harmonische Ursachen für unsauberes Singen","Klaus Mehner",author
1968,110,"Die Bedeutung der Sowjetunion für mein Schaffen","Ernst Hermann Meyer",author
1968,111,"Getreuer Eckart der DDR-Musik","Ernst Hermann Meyer",author
1968,112,"Zu Hanns Eisler 70. Geburtstag","Ernst Hermann Meyer",author
1968,113,"Max Butting zum 80. Geburtstag","Ernst Hermann Meyer",author
1968,114,"Zur Systematik des Musikhörens","Paul Michel",author
1968,115,"Die sozialistische Musikhochschule","Paul Michel",author
1968,116,"Akzeleration und Mutation","Paul Michel",author
1968,117,"Psychologische Probleme des musikalischen Hörens","Paul Michel",author
1968,118,"Psychologische Grundlagen der Musikerziehung. Handbuch der Musikerziehung, Teil
            2","Paul Michel",author
1968,119,"Musikleben und Musikerziehung in Frankreich","Paul Michel",author
1968,120,"Musik und Hörer in unserer Zelt. Psychologische und pädagogisch-methodische
            Grundfragen der Musikverbreitung im Deutschen Kulturbund","Paul Michel",author
1968,121,"Ergebnisse musikpsychologischer Forschungen über den Einfluß von Rundfunk und
            Fernsehen auf die musikalische Entwicklung von Kindern und Jugendlichen und Folgerungen
            für die Musikerziehung in der Schule","Paul Michel",author
1968,122,"Wilhelm Weismann: Wilhelm-Busch-Zyklus","Norbert Molkenbur",author
1968,123,"Prokofjews V. Sinfonie auf zwei sowjetischen Schallplatten","Hans-Peter Müller",author
1968,124,"Karl Marx und unsere sozialistische Kulturpolitik - Zum 150. Geburtstag von Karl Marx
            am 5. Mai 1968","Günther Müller",author
1968,125,"Die Novemberrevolution und ihre Auswirkungen auf das musikalische Schaffen","Günther Müller",author
1968,126,"Leo Kestenberg - Künstler und Pädagoge","Walter Müller",author
1968,127,"Aufführungspraktische Prinzipien bei der Interpretation des deutschen Chorliedes um
            1600","Christel Neumann",author
1968,128,"J. S. Bach - Sämtliche Kantatentexte. Unter Mitbenutzung von Rudolf Wustmanns Ausgabe
            der Bachschen Kirchenkantatentexte","Werner Neumann",author
1968,129,"Experimentelle und soziologische Methoden zur Ermittlung des Musikniveaus. Ein
            Beitrag zur Methodik empirischer Musiksoziologie","Konrad Niemann",author
1968,130,"Hanns Eisler - Dokumente. Schallplattentextheft","Nathan Notowicz",author
1968,131,"Dmitri Schostakowitsch - 8. Streichquartett. Möglichkeiten seiner Verwendung im
            außerschulischen Bereich","Ekkehard Ochs",author
1968,132,"Über einige Aspekte des kammermusikalischen Schaffens D. Schostakowitschs","Ekkehard Ochs",author
1968,133,"Zur Spezifik und Methodologie der Werkbetrachtung im Musikunterricht","Günter Olias",author
1968,134,"Musikpädagogik - ein bildungs- und erziehungstheoretisches Problem unserer
            Zeit","Günter Olias",author
1968,135,"Aufgaben und Gestaltungsmöglichkeiten einer zielgerichteten Liedeinführung","Günter Olias",author
1968,136,"Hans Christian Bartel: Konzert für Orchester","Bernd Pachnicke",author
1968,137,"Sowjetische Tanzliteratur","Kurt Petermann",author
1968,137,"Sowjetische Tanzliteratur","Heinz Legler",author
1968,138,"Überlegungen zur Strukturanalyse des mecklenburgischen Volkstanzes","Kurt Petermann",author
1968,139,"Gesellige Tänze und Tanzspiele","Kurt Petermann",author
1968,140,"Tanzbibliographie. Verzeichnis des deutschsprachigen Schrifttums über den Volks-,
            Gesellschafts- und Bühnentanz. 6 Bände","Kurt Petermann",author
1968,141,"Ludwig van Beethoven","Richard Petzoldt",author
1968,142,"Georg Philipp Telemann. Leben und Werk","Richard Petzoldt",author
1968,143,"Brecht und die gesellschaftliche Funktion der Musik. Zum 70. Geburtstag des Dichters
            am 10. Februar","Hans Pischner",author
1968,144,"Bibliographie des Schrifttums zur Geschichte deutscher und österreichischer
            Musikverlage","Hans-Martin Pleßke",author
1968,145,"Die Beurteilung der Kinder stimme","Otto Preu",author
1968,146,"Die Rezeption einfacher rhythmischer Signale durch zerebralparetische und
            nichtgeschädigte Kinder","Otto Preu",author
1968,147,"""Impulse"", Ballett von Uwe Ködderitzsch","Eberhard Rebling",author
1968,148,"Threnodiae sacrae. Katalog der gedruckten Kompositionen des 16.-18. Jahrhunderts in
            Leichenpredigtsammlungen innerhalb der Deutschen Demokratischen Republik","Wolfgang Reich",author
1968,149,"Die Neue Musik der griechischen Antike. Teil I: Die italienische Überlieferung; Teil
            II: Die Tondenkmäler","Lukas Richter",author
1968,150,"Tonalitätsvorrat der Elisabethanischen Liedkanzone - eine tonale und harmonische
            Analyse der engl. ""ballets"" und ""canzonets"" um 1600","Renate Richter",author
1968,151,"Probleme der Hamburger deutschen Frühoper","Johanna Rudolph",author
1968,152,"Georg Friedrich Händel - Judas Maccabäus. Schallplattentextheft","Johanna Rudolph",author
1968,153,"Angewandte Musik. Notizen zu Bühnenmusiken Hanns Eislers","Walter Rösler",author
1968,154,"Griechische Hochzeit. Notizen zu Robert Hanells neuer Oper","Walter Rösler",author
1968,155,"Das Mansfelder Bergmannslied - Versuch einer Sammlung und Interpretation","Klaus Rösler",author
1968,156,"225 Jahre Gewandhausorchester Leipzig","Hans-Joachim Rothe",author
1968,157,"Max Butting - Sinfonie Nr. 7, op. 67; Streichquartett Nr. 8, op. 96 (Die Nachgeburt).
            Schallplattentextheft","Hansjürgen Schaefer",author
1968,158,Alternativen,"Hansjürgen Schaefer",author
1968,159,"Wolfgang Lesser: ""Ein Tag in unserer Stadt""","Hansjürgen Schaefer",author
1968,160,"Siegfried Matthus - ""Der letzte Schuß""","Hansjürgen Schaefer",author
1968,161,"Konzerte im Profil. Bemerkungen zur Spielzeit 1967/68","Hansjürgen Schaefer",author
1968,162,"Musik in der sozialistischen Gesellschaft","Hansjürgen Schaefer",author
1968,163,"Bruckners VII. Sinfonie, gespielt vom Berliner Sinfonieorchester","Hansjürgen Schaefer",author
1968,164,"Johann Cilensek: Konzertstück für Klavier und Orchester","Gerhard Schmidt",author
1968,165,"Vokalsolistische Interpretation von Arbeiter- und Kampfliedern, dargestellt am
            Schaffen Hanns Eislers","Hildegard Schotte",author
1968,166,"Berlin, wie es weint und lacht. Spaziergänge durch Berlins
            Operettengeschichte","Otto Schneidereit",author
1968,167,"Auf welchen Musikinstrumenten soll man heute die Musik Johann Sebastian Bachs
            spielen","Winfried Schrammek",author
1968,168,"Musikinstrumenten-Museum Leipzig mit alter Tradition","Winfried Schrammek",author
1968,169,"Gedanken zur Restaurierung historischer Musikinstrumente","Winfried Schrammek",author
1968,170,"Vorwort zu: ""Partita über ein eigenes Thema für Orgel-Positiv"" von Georg Trexler
            (1965)","Winfried Schrammek",author
1968,171,"Georg Trexler 65 Jahre","Winfried Schrammek",author
1968,172,"Zweite Internationale Arbeitstagung für die Erforschung der Volksmusikinstrumente
            Europas","Winfried Schrammek",author
1968,173,"Die Orgel als Gegenstand landschaftlicher Denkmalpflege, dargestellt an der
            Ladegast-Orgel im Dom zu Schwerin","Winfried Schrammek",author
1968,174,"Eine Studienreise in die Volksrepublik Ungarn","Lothar Schubert",author
1968,174,"Eine Studienreise in die Volksrepublik Ungarn","Günter Diezel",author
1968,175,"Das ""Kleine Magnificat"" BWV Anh. 21 und sein Komponist","Hans-Joachim Schulze",author
1968,176,"Methodik und therapeutischer Effekt der regulativen Musiktherapie bei funktionellen
            Herz-Kreislaufstörungen","Christoph Schwabe",author
1968,177,"Untersuchungen über Entwicklung und Stand der Musiktherapie","Christoph Schwabe",author
1968,178,"Drei Uraufführungen von Ernst Hermann Meyer. Kantate: Oktoberpoem","Horst Seeger",author
1968,179,"Wir und die Musik","Horst Seeger",author
1968,180,"Beiträge zu einem neuen Monteverdi-Bild","Walther Siegmund-Schultze",author
1968,181,"Gedanken zum Bach-Bild der Gegenwart","Walther Siegmund-Schultze",author
1968,182,"Händels Operntyp und seine Darbietungsprobleme","Walther Siegmund-Schultze",author
1968,183,"Zur Realismus-Diskussion in der Musik","Walther Siegmund-Schultze",author
1968,184,"Georg Philipp Telemann - ein hervorragender musikalischer Repräsentant der
            Aufklärung","Walther Siegmund-Schultze",author
1968,185,"Der spezifische Ausdruckscharakter der Musik","Walther Siegmund-Schultze",author
1968,186,"Zum Wertproblem der sozialistischen Gegenwartsmusik","Walther Siegmund-Schultze",author
1968,187,"Max Schneider. 1875-1967","Walther Siegmund-Schultze",author
1968,188,"Der Bitterfelder Weg und die Musik","Walther Siegmund-Schultze",author
1968,189,"Besprechung von Aufführungen der X. Arbeiterfestspiele","Walther Siegmund-Schultze",author
1968,190,"Händels ""Alcina""","Walther Siegmund-Schultze",author
1968,191,"Historische Grundlagen der DDR-Musik","Walther Siegmund-Schultze",author
1968,192,"Was erwartet der Musikwissenschaftler vom Musikalienhandel","Walther Siegmund-Schultze",author
1968,193,"Händel auf der Wende von der Oper zum Oratorium","Walther Siegmund-Schultze",author
1968,194,"Die Prinzipien des Bitterfelder Weges und die Musik","Walther Siegmund-Schultze",author
1968,195,"Günter Kochan ""Die Asche von Birkenau""; Ernst Hermann Meyer - Serenata pensierosa.
            Schallplattentextheft","Heinrich Spieler",author
1968,196,"Drei Uraufführungen, von Ernst Hermann Heyer. Zweites Präludium für Violine
            solo","Heinrich Spieler",author
1968,197,"Drei Uraufführungen von Ernst Hermann Meyer. Neue Lieder","Heinrich Spieler",author
1968,198,"Muslkalische und technische Aspekte der elektronischen Klangkunst","Gerhard Steinke",author
1968,199,"Neue Schütz-Ermittlungen","Wolfram Steude",author
1968,200,"Berliner Volksliedarchiv (BVA)","Doris Stockmann",author
1968,201,"Internationale Arbeitstagung für Volksmusikforschung in Polen","Doris Stockmann",author
1968,202,"Erste Arbeitstagung der Studiengruppe zur Erforschung und Edition älterer
            Volksliedquellen des International Folk Music Council","Doris Stockmann",author
1968,203,"3. Arbeitskonferenz der Study Group of Folk Music Systematization des IFMC","Doris Stockmann",author
1968,204,"Aufgaben der Volksmusikinstrumentenforschung","Erich Stockmann",author
1968,205,"Zur Typologie der Volksmusikinstrumente","Erich Stockmann",author
1968,205,"Zur Typologie der Volksmusikinstrumente","Oskár Elschek",author
1968,206,"Handbuch der europäischen Volksmusikinstrumente 1/1: Sárosi, Bálint: Die
            Volksmusikinstrumente Ungarns","Erich Stockmann",editor
1968,206,"Handbuch der europäischen Volksmusikinstrumente 1/1: Sárosi, Bálint: Die
            Volksmusikinstrumente Ungarns","Ernst Emsheimer",editor
1968,207,"Musikethnologische Jahresbibliographie. 1","Erich Stockmann",editor
1968,207,"Musikethnologische Jahresbibliographie. 1","Oskár Elschek",editor
1968,207,"Musikethnologische Jahresbibliographie. 1","Ivan Macák",editor
1968,208,"Das Libretto im musikalischen Bühnenschaffen der Gegenwart","Stephan Stompor",author
1968,209,"Spartakus lebt. Bemerkungen zum Ballett ""Spartakus"" von Aram Chatschaturjan","Friedbert Streller",author
1968,210,"Aram Chatschaturjan","Friedbert Streller",author
1968,211,"Debakel des Nonkonformismus. Das 41. Weltfestival des IGNM","Johannes Paul Thilman",author
1968,212,"Hochschule für Musik Leipzig, gegründet als Conservatorium der Musik.
            1843-1968","Martin Wehnert",editor
1968,213,"Stimmstörungen im Kinderchor","Jürgen Wendler",author
1968,214,"Psychologische und physiologische Ursachen des Detonierens im A-cappella-Chor","Kurt Wichmann",author
1968,215,"225 Jahre Gewandhausorchester - 225 Jahre Gewandhauskonzerte","Werner Wolf",author
1968,216,"L'influsso die Monte-verdi sull'opera veneziana","Hellmuth Christian Wolff",author
1968,217,"Vivaldi und der Stil der italienischen Oper","Hellmuth Christian Wolff",author
1968,218,"Felix Mendelssohn-Bartholdy - Sinfonie IX—XIII; Sinfoniesatz in c","Hellmuth Christian Wolff",editor
1968,219,"Jedermann und die moderne Kunst","Hellmuth Christian Wolff",author
1968,220,"Zur Erstausgabe von Mendelssohns Jugendsinfonien","Hellmuth Christian Wolff",author
1968,221,"Musikgeschichte in Bildern: Oper, Szene und Darstellung von 1600 bis 1900","Hellmuth Christian Wolff",author
1968,222,"Repertoire iconographique de l'Opera (RICO)","Hellmuth Christian Wolff",author
1968,223,"Ein Weg zum Jazz","Herbert Zimpel",author
1968,224,"Kleine Anleitung zum Komponieren einfacher Kanons","Herbert Zimpel",author
1968,"F 1","Die historischen Theaterzettel-Sammlungen in der DDR und ihre
            musikwissenschaftlicher. Aspekte","Peter Ahnsehl",author
1968,"F 2","Rezeptionskundliche Untersuchungen zur Tanzmusik in der Deutschen Demokratischen
            Republik","Fritz Bachmann",author
1968,"F 3","Weltanschauliche Formierung der Komponistenpersönlichkeit (Arbeitsthema)","Wilhelm Baethge",author
1968,"F 4","Musikalische Landschaftsforschung (Inventarisierung mitteldeutscher
            Musikdenkmäler)","Bernd Baselt",author
1968,"F 5","G. F. Händels Werke und ihre Edition durch F. Chrysander. Eine kritische Auswertung
            der 1. Händel-Gesamtausgabe samt einem Verzeichnis aller darin veröffentlichten
            Werke","Bernd Baselt",author
1968,"F 6","Die Entwicklung der geigerischen Spieltechnik und der Schul- und Lehrwerke für die
            Violine. Ein Beitrag zur Geschichte der Violinmusik vom 17. bis zum 19.
            Jahrhundert","Friedrich Wilhelm Beinroth",author
1968,"F 7","Rezeptionskundliche Untersuchungen der Einfühlungsästhetik bei Lipps, Hartmann und
            Volkelt","Fritz Beinroth",author
1968,"F 8","Die Bedeutung des Davidsbündlerkreises für die Musikanschauung und die
            Musikgeschichte des 19. Jahrhunderts","Johannes Besser",author
1968,"F 9","Struktur und Wirkung des Instrumentalkonzertes in der DDR 1945 bis 1969","Jürgen Beythien",author
1968,"F 10","Volksliedarchiv, Lied in der Schule","Siegfried Bimberg",author
1968,"F 11",Knabenchorentwicklung,"Siegfried Bimberg",author
1968,"F 12","Die Effektivität von Unterrichtstonbändern","Siegfried Bimberg",author
1968,"F 12","Die Effektivität von Unterrichtstonbändern","Christa Barthel",contributor
1968,"F 12","Die Effektivität von Unterrichtstonbändern","Siegmar Buchwald",contributor
1968,"F 12","Die Effektivität von Unterrichtstonbändern","Jordano Herbst",contributor
1968,"F 12","Die Effektivität von Unterrichtstonbändern","Hans Nolte",contributor
1968,"F 12","Die Effektivität von Unterrichtstonbändern","Norbert Reglin",contributor
1968,"F 13","Untersuchungen über den Leistungsstand der Studierenden im Fach Sprecherziehung von
            der Aufnahme bis zur Abschlußprüfung","Barbara Bley",author
1968,"F 14","Untersuchungen über die musikalische Entwicklung von Unterstufenkindern","Erich Boeck",author
1968,"F 15","Zur Wertung verschiedener musikästhetischer Begriffe der Arbeiten Eduard
            Hanslicks","Dieter Breitkreutz",author
1968,"F 16","Das Lebenswerk Max Buttings","Dietrich Brennecke",author
1968,"F 17","Geschichte der Musikerziehung","Hella Brock",author
1968,"F 18","Beiträge zur Musikgeschichte der Stadt Wismar von der Gründung der Stadt bis Ende des
            17. Jahrhunderts","Burkhard Busse",author
1968,"F 19","Die Funktion der Zeitschrift ""Musik in der Schule"" bei der Verwirklichung der
            Bildungs- und Erziehungsziele in der sozialistischen Schule der DDR. (Ein Beitrag zur
            Geschichte der Schulmusik in der DDR)","Günther Diezel",author
1968,"F 20","Die Wandlungen der Klavierkunst zur Mitte des 18. Jahrhunderts, insbesondere die
            Stileigenschaften der Klaviermusik in der Zeit des Nebeneinanderbestehens von
            Clavichord, Cembalo und Hammerflügel","Claus Dittmann",author
1968,"F 21","Akustische Untersuchungen der Vibration bei Gesangsstimmen und ihre Bedeutung für den
            Informationswert beim Musikhören","Paul Wilhelm Donath",author
1968,"F 22",Bach-Forschung,"Rudolf Eller",author
1968,"F 23",Vivaldi-Forschung,"Rudolf Eller",author
1968,"F 24","Mecklenburgische Landes und Lokalmusikgeschichtsforschung","Rudolf Eller",author
1968,"F 24","Mecklenburgische Landes und Lokalmusikgeschichtsforschung","Alfred Hingst",contributor
1968,"F 24","Mecklenburgische Landes und Lokalmusikgeschichtsforschung","Karl Heller",contributor
1968,"F 24","Mecklenburgische Landes und Lokalmusikgeschichtsforschung","Hans Jürgen Daebeler",contributor
1968,"F 25","Arabische Musik","Jürgen Elsner",author
1968,"F 26","Der Begriff des Maqam im heutigen Ägypten","Jürgen Elsner",author
1968,"F 27","Die Hauptrichtungen der westdeutschen Musikästhetik, dargestellt an ihrem Verhältnis
            zur neuen Musik","Mechthild Elßner",author
1968,"F 28","Sozialpsychologie der musikalischen Unterhaltung","Veit Ernst",author
1968,"F 29","Die wissenschaftsgeschichtliche und philosophische Position von Erich M. von
            Hornbostel","Veit Ernst",author
1968,"F 30","Untersuchungen zur Analyse und Entwicklung der Schülerleistungen im
            rhythmisch-metrischen Bereich des Musikunterrichts der Mittelstufe","Hans Fehske",author
1968,"F 31","Vertonung Brechtscher Stücke","Ingeborg Ferchland",author
1968,"F 32","Studien zum Musikleben der Römer","Günter Fleischhauer",author
1968,"F 33","Zur Geschichte der Händel-Biographik bis Chrysander","Siegfried Flesch",author
1968,"F 34","Die Sonatenform im Schaffen Béla Bartóks (Arbeitstitel)","Johannes Forner",author
1968,"F 35","Zur Interpretation und Rezeption von Beethovens Klaviersonaten","Barbara Friege",author
1968,"F 36","Rezeptionskundliche Untersuchungen über die ideelle Programmatik in der Sinfonik bei
            Schostakovitsch","Evelin Fresenius",author
1968,"F 37","Der Marsch im Schaffen Schumanns","Ulrich Frick",author
1968,"F 38","Das Cembalo in der Musik des 20. Jahrhunderts","Eberhard Geiler",author
1968,"F 39","Psychologische und ästhetische Untersuchungen über Entwicklung und Stand der
            Gefühlstheorie als Voraussetzung für die Anwendung in der musikalischen
            Rezeption","William Geißler",author
1968,"F 40","Untersuchungen über die Singefähigkeit bei Schulanfängern zum Zeitpunkt des
            Schulbeginns und über die Möglichkeiten, die Singefähigkeit bei stimmunsicheren und
            falschsingenden Schulanfängern zu entwickeln","Dietrich Gleß",author
1968,"F 41","Freude schöner Götterfunken. Konzeptionelle Struktur-Untersuchungen an einigen Werken
            Beethovens","Harry Goldschmidt",author
1968,"F 42","Dialektische Methoden der musikalischen Inhalts-Erforschung (Syntaktisch-semantische
            Struktur-Untersuchungen)","Harry Goldschmidt",author
1968,"F 43","Die gemischten Register im historischen und zeitgenössischen deutschen
            Orgelbau","Frank-Harald Greß",author
1968,"F 44","Erschließung von Musik des 16.-18. Jahrhunderts aus sächsischen Bibliotheken","Hans Grüß",author
1968,"F 45","Der Einfluß der Technik auf die Entwicklung der Tanz- und Unterhaltungsmusik","Ingolf Haedicke",author
1968,"F 46","Fidelio F. Finke – Leben und Werk","Dieter Härtwig",author
1968,"F 47","Einflüsse des französischen Impressionismus auf Bartók","Iwanka Halatschewa",author
1968,"F 48","Dialektik von Werk und Ideologie bei Gustav Mahler","Mathias Bansen",author
1968,"F 49","Mussorgski in Deutschland","Christoph Hellmundt",author
1968,"F 50","Das zwölfstufig temperierte Tonsystem im Hinblick auf eine arteigene
            Musiktheorie","Walter Helm",author
1968,"F 51","Der Musikdramatiker Carl Orff","Fritz Hennenberg",author
1968,"F 52","Möglichkeiten und Grenzen der Programmierung des Musikunterrichts in kybernetischer
            Sicht","Rainer Herberger",author
1968,"F 53","Die ""Transmissionen"" der kubanischen Spiritisten (Musikethnologische und
            soziologische Untersuchungen zum Transkulturationsproblem) - Diss., Inst. f. Musikwiss
            Leipzig.","Axel Hesse",author
1968,"F 54","Wege zur effektiven Gestaltung des Musikunterrichts auf dem Gebiet des Musikhörens
            unter besonderer Berücksichtigung der schöpferischen Arbeit der Schüler","Erhard Hienzsch",author
1968,"F 55","Der Einfluß der Folklore auf die Musik des 20. Jahrhunderts","Eva-Maria Hillmann",author
1968,"F 56","Musiklehre und Musikleben an der Universität Rostock 1419-1789","Alfred Hingst",author
1968,"F 57","Systematische Grundlagen für das Musikhören in der Einheit von Singen und Erfassen
            musikalischer Zusammenhänge","Karl Hoffmann",author
1968,"F 58","Studien zu einer Metatheorie der Musikwissenschaft","Hans Gunter Hoke",author
1968,"F 59","Die klingenden Denkmale in der Glauchauer Pflege","Walter Hüttel",author
1968,"F 60","Die Musikerziehung in Westdeutschland seit der Zerschlagung des Faschismus - ein
            Beitrag zur Klärung ihrer politischen, ideologischen, pädagogischen und methodischen
            Position","Walter Jäger",author
1968,"F 61","Die Spezifik der Ballettmusik","Peter Jarchow",author
1968,"F 62","Gottfried August Homilius und die evangelische Kirchenmusik Dresdens in der zweiten
            Hälfte des 18. Jahrhunderts","Hans John",author
1968,"F 63","Die italienische und deutsche Violinsonate in der Dresdner Musikpflege des 18.
            Jahrhunderts","Hans Rudolf Jung",author
1968,"F 64","Untersuchungen über die Wirkung der Musik auf die Persönlichkeitsentwicklung","Werner Kaden",author
1968,"F 64","Untersuchungen über die Wirkung der Musik auf die Persönlichkeitsentwicklung","Eberhard Möller",author
1968,"F 65","Probleme der Harmonik in Prokofjews KlavierSonaten","Kurt Kallausch",author
1968,"F 66","Bartoks ""polymodale Chromatik"" - Ein Beitrag zur Analyse seines Schaffens","Erich Kapst",author
1968,"F 67","Matjapat-Lieder in den Kulturgebieten von Zentral- und Westjava","Margaret Kartomi",author
1968,"F 68","Marin Marais","Erwin Kestner",author
1968,"F 69","Idealbildung durch Musik als ein Faktor bei der Herausbildung der Persönlichkeit im
            Pubertätsalter","Erika Kießling",author
1968,"F 70","Das Musiktheater Carl Orffs","Udo Klement",author
1968,"F 71","Faktorenanalytische Typenbestimmung an Volksliedmelodien. Versuch einer typologischen
            Ordnung altmärkischer Melodien - Sammlungen Parisius, Stockmann u.a","Reiner Kluge",author
1968,"F 72","Untersuchungen zum sinfonischen Schaffen der jüngeren Komponistengeneration in der
            Deutschen Demokratischen Republik","Eberhard Kneipel",author
1968,"F 73","Hindemiths Fugentechnik","Hans D. Knorrn",author
1968,"F 74","Störfaktoren beim Hören musikalischer Werke","Anita Kober",author
1968,"F 75","Der Einfluß der polnischen Musik auf die deutsche Musik im 16.-17.
            Jahrhundert","Klaus-Peter Koch",author
1968,"F 76","Untersuchungen zur szenischen Kantate für Kinder und Jugendliche in dem Zeitraum von
            1945 bis 1966","Klaus Köhler",author
1968,"F 77","Spezifische Gestaltungsprinzipien der sozialistischen Vokalsinfonik","Siegfried Köhler",author
1968,"F 78","Musikpflege der Stadt Jena von 1750 bis zur Gegenwart","Rüdiger Kopczak",author
1968,"F 79","Die Klavier-Improvisation in der Musikerziehung der Gegenwart. Ein Beitrag zur
            schöpferischen Gestaltung des Musikunterrichts","Albrecht Krauß",author
1968,"F 80","Musikhören in der allgemeinbildenden polytechnischen Oberschule","Irmgard Krauthoff",author
1968,"F 81","Zur Interpretation und Rezeption der weltlichen mehrstimmigen Vokalmusik des
            Cinquecento","Friedrich Krell",author
1968,"F 82","Versuch einer Klassifikation von nach 1945 entstandenen volkstümlichen Liedern unter
            besonderer Berücksichtigung ihres Verhältnisses zu den Intonationen des
            Volksliederbes","Thomas Kunath",author
1968,"F 83","Untersuchungen über Bedeutung und Wirkung des Interesses von Schülern für Tanz- und
            Unterhaltungsmusik im Unterrichtsprozeß des Faches Musik der zehnklassigen
            allgemeinbildenden polytechnischen Oberschule","Lothar Kunze",author
1968,"F 84","Untersuchung gesangsmethodischer Tendenzen in den bedeutendsten Schulliederbüchern
            und Schulgesetzen von 1810 bis 1930; ein Beitrag für die Förderung der Singefähigkeit in
            der sozialistischen Schule","Klaus Kurz",author
1968,"F 85","Der Einfluß des Bewegungsvorganges beim Klavierspielen auf die Interpretation","Welitschka Lakowa",author
1968,"F 86","Das italienische Intermezzo in der Dresdener Opernpflege des 18. Jahrhunderts
            (Arbeitstitel)","Ortrun Landmann",author
1968,"F 87","Die Funktion des Akkordeons innerhalb der Musikkultur Deutschlands und die
            Entwicklung seiner Spieltechnik in der Zeit von 1918 bis zur Gegenwart, dargestellt an
            den wichtigsten Schulwerken und der Spielliteratur","Hans Luck",author
1968,"F 88","Systematische Untersuchungen zur Intonation der Streichquartettinstrumente","Rudolf Lüdeke",author
1968,"F 89","Johann Abraham Peter Schulz als Komponist und Musikschriftsteller","Jürgen Mainka",author
1968,"F 90","Die Beziehungen zwischen französischer Operette und deutschem Singspiel 1750 bis
            1780","Jürgen Mainka",author
1968,"F 91","Analyse einer musiksoziologischen Untersuchung","Wernfried Maltusch",author
1968,"F 91","Analyse einer musiksoziologischen Untersuchung","Roland Nauenburg",contributor
1968,"F 91","Analyse einer musiksoziologischen Untersuchung","Gudrun Drude",contributor
1968,"F 91","Analyse einer musiksoziologischen Untersuchung","Lilo Mühlberg",contributor
1968,"F 92","Das Verhältnis von auditiver und visueller Analyse beim Erfassen musikalisch
            gestalteter Zeitstrukturen","Klaus Mehner",author
1968,"F 93","Untersuchung des Singeprozesses bei Jugendlichen während der Mutation","Siegfried Mesek",author
1968,"F 94","Empirische Untersuchungen über die emotionale Wirkung von Musik verschiedener Epochen
            auf Kinder und Jugendliche","Paul Michel",author
1968,"F 95","Untersuchungen zum Problem musikalischer Begabungsdiagnostik","Paul Michel",author
1968,"F 96","Der Göttinger Hainbund und die Musik","Elisabeth Miller",author
1968,"F 97","Kuhnau - seine Klaviermusik. Ihre Vorbilder, ihre Nachwirkung","Wolfgang Miller",author
1968,"F 98","Tanzmusik und Pubertät","Norbert Molkenbur",author
1968,"F 99","Untersuchungen über die Wirkung der Musik auf die Persönlichkeitsentwicklung","Eberhard Möller",author
1968,"F 99","Untersuchungen über die Wirkung der Musik auf die Persönlichkeitsentwicklung","Werner Kaden",author
1968,"F 100","Robert Schumanns künstlerische Entwicklung in seinem Liedschaffen","Eberhard Möller",author
1968,"F 101","Das Beethoven-Bild in der Pädagogischen Literatur","Günther Müller",author
1968,"F 102","Die gesellschaftlichen Wurzeln des Fortschrittsbegriffes bei Max Reger","Helmut Müller",author
1968,"F 103","Darstellung des Lebensbildes und der schöpferischen Entwicklung von Kurt
            Schwaen","Ludwig Müller",author
1968,"F 104","Untersuchungen zur Aufführungspraxis von Chorwerken Hans Leo Haßlers","Christa Neumann",author
1968,"F 105","Das Kantatenschaffen Johann Philipp Kriegers","Brigitte Nitzsche",author
1968,"F 106","Untersuchungen zur Musikgeschichte Meiningens","Heinz Nolte",author
1968,"F 107","Die Streichquartette Dmitri Schostakowitschs","Ekkehard Ochs",author
1968,"F 108","Entwicklung des Musikerlebens auf der Grundlage pädagogisch gesteuerter
            Motivsetzungen","Günter Olias",author
1968,"F 109","Johannes Weyrauch","Wolfgang Orf",author
1968,"F 110","Einstellungsstereotype bei der Rezeption von Tanzmusik und tanzmusikähnlicher Musik
            durch Jugendliche","Karl-Heinz Otte",author
1968,"F 111","Funktion und Formen des Tanzes zwischen 1800 und 1914: Studien zur Geschichte und
            Rezeption des Tanzes in Deutschland","Kurt Petermann",author
1968,"F 112","Untersuchungen zur Musikkultur Wernigerodes","Wolfgang Pilz",author
1968,"F 113","Untersuchungen zum kommunikativen Effekt in Liedgesang","Otto Preu",author
1968,"F 114","Untersuchungen zur musikalischen Leistungsfähigkeit cerebral gelähmter Kinder","Otto Preu",author
1968,"F 115","Die Stellung von Franz Liszt in der Musikgeschichte des 19. Jahrhunderts","Werner Rackwitz",author
1968,"F 116","Möglichkeiten der Werkanalyse zeitgenössischer Klavierwerke im Dienste der Rezeption
            von Musikwerken bei Schülern der EOS und werktätigen Hörern","Kurt Räder",author
1968,"F 117","Charakteristik und Wirksamkeit der Prinzipien linearen Gestaltens - untersucht und
            dargestellt an Kompositionen von Fred Lohse","Siegfried Raschke",author
1968,"F 118","Zum Problem der Reprise - Untersuchungen zum Instrumentalschaffen im 1. Jahrzehnt des
            XX. Jahrhunderts in Österreich","Gerd Rienäcker",author
1968,"F 119","Die Entwicklung des Deutschen Sängerbundes 1862-1918","Hans-Joachim Rothe",author
1968,"F 120","Das Klavierspiel und seine Lehre im deutschsprachigen musikalischen und pädagogischen
            Schrifttum des 18. Jahrhunderts. Beiträge zur Geschichte der musikalischen Bildung im
            Zeitalter der Aufklärung","Egon Rubisch",author
1968,"F 121","Untersuchungen zur Musikgeschichte Eisenachs","Helmuth Rudloff",author
1968,"F 122","Entwicklung der russischen Klaviermusik von Glinka bis Rachmaninow","Christof Rüger",author
1968,"F 123","Die Entwicklung des Jugendliedes seit 1945 im Gebiet der DDR","Klaus-Dieter Scharfenberg",author
1968,"F 124","Die Musikerziehung in Deutschland zwischen der Französischen Revolution von 1789 und
            der bürgerlich-demokratischen Revolution von 1848","Gerhard Schmidt",author
1968,"F 125","Robert Schumann und Heinrich Heine. Eine historisch-ästhetische Untersuchung anhand
            der Vertonungen mit Berücksichtigung einiger Probleme der Liedanalyse","Anneliese Schneider",author
1968,"F 126","Hans von Bülow - Leben und Werk (Arbeitstitel)","Ernst Schneider",author
1968,"F 127","Das ""Yuemu cizi"" in seinerschlagrhythmischen und formstrukturellen Gestaltung","Gerd Schönfelder",author
1968,"F 128","Schumann im Spiegel der Tagesliteratur, ein Beitrag zur Erforschung der
            Schumann-Rezeption zwischen 183o und 1956","Martin Schoppe",author
1968,"F 129","Der Einfluß der instrumentalen Improvisation auf den künstlerischen Entwicklungsgang
            und das Schaffen des Komponisten","Herbert Schramowski",author
1968,"F 130","Zur Qualitätsbewertung von Musikinstrumenten (Arbeitstitel)","Helmut Seidl",author
1968,"F 131","Händel-Forschung: Forschungsarbeit, Inst. f. Musikwiss. Halle","Walther Siegmund-Schultze",author
1968,"F 132","Musikalische Rezeptionsforschung","Walther Siegmund-Schultze",author
1968,"F 132","Musikalische Rezeptionsforschung","Siegfried Bimberg",author
1968,"F 133","Untersuchungen zur Dialektik von Persönlichkeitsbildung und Unterhaltung in der
            sozialistischen Nationalkultur","Horst Slomma",author
1968,"F 134","Das mitteldeutsche Singspiel in der zweiten Hälfte des 18. Jahrhunderts","Eberhard Steindorf",author
1968,"F 135","Die Musikpflege an der ehemaligen Fürstenschule St. Augustin zu Grimma","Wolfram Steude",author
1968,"F 136","Kommauntersuchungen beim zweistimmigen Singen mittels Zählröhrenmeßgerät","Martin Stiebritz",author
1968,"F 137","Probleme der Herausarbeitung der realistischen Tendenzen bei der musikalischen
            Einstudierung von Opern","Todor Stoeff",author
1968,"F 138","Operninterpretation 1918-1933","Stephan Stompor",author
1968,"F 139","Die Sinfonien Sergej Prokofjews. Ein Beitrag zur Methodik der Analyse","Friedbert Streller",author
1968,"F 140","Beziehungen des deutschen Liedes zur russisch-sowjetischen Folklore","Reinhard Szeskus",author
1968,"F 141","Die Klaviersonate von 1830-1850. Ein Beitrag zur Geschichte der Klaviersonate","Hanne-Dore Thäle",author
1968,"F 142","Untersuchungen zum Busoni-Bild anhand seines Nachlasses","Jutta Theurich",author
1968,"F 143","Die Ästhetik des Jugend-Liedes (1945-1970)","Gottwald Thielemann",author
1968,"F 144","Heinrich Sattler, ein Beitrag zur Landschaftsforschung","Eitelfriedrich Thom",author
1968,"F 145","Johann Adolf Hasse. Ein dramaturgischer Vergleich von Hasses Dresdener Antrittsoper
            'Cleofide' (1731) und Händels 'Poro' (1731 London). Untersuchung zur Affekterkennung an
            Opern des 18. Jahrhunderts","Karl-Heinz Viertel",author
1968,"F 146","Beiträge zur Geschichte der Stadt Stendal","Hans-Hermann Voigt",author
1968,"F 147","Das musikalische Thema - seine tonsprachlichen Funktionen und Positionen
            (Arbeitstitel)","Martin Wehnert",author
1968,"F 148","Anteil und Funktion des musikalischen Erbes in den deutschen Musikschulwerken von
            1918-1966","Fritz Westien",author
1968,"F 149","Die Liedbegleitung auf der Gitarre (Laute) und das Lautenlied in der Zeit der
            deutschen Jugendbewegung (1900-1933)","Gerhard Willmitzer",author
1968,"F 150","Die Solokonzerte von Dmitri Schostakowitsch","Carlferdinand Zech",author
1968,"F 151","Das Klavierwerk von Mendelssohn","Günter Zenner",author
1968,"F 152","Zum Begriff des Sinfonischen in den Kammersinfonien (einschließlich Sinfonien für
            Kammerorchester) des 20. Jahrhunderts","Reiner Zimmermann",author
1968,"F 153","Zur Herausgabe von musikalischen Denkmälern im 19. Jahrhundert (Arbeitstitel)","Frieder Zschoch",author
1969,1,"Probleme unserer Tanzmusik","Heinz Arenz",author
1969,2,"Analytische Aspekte der Tanzmusikproduktion und -rezeption","Fritz Bachmann",author
1969,3,"Musikgeschichte in Bildern III, Lieferung 3 = Smits van Waes-berghe, Josef:
            Musikerziehung. Lehre und Theorie der Musik im Mittelalter","Werner Bachmann",editor
1969,3,"Musikgeschichte in Bildern III, Lieferung 3 = Smits van Waes-berghe, Josef:
            Musikerziehung. Lehre und Theorie der Musik im Mittelalter","Heinrich Besseler",editor
1969,4,"Telemann, Georg Philipp, Musikalische Werke Bd. XXI: Der neumodische Liebhaber Dämon
            oder Die Satyrn in Arcadien, Oper, Hamburg 1724","Bernd Baselt",editor
1969,5,"Carl Loewe (30.11.1796-20.4.1869). Zur Konzeption eines zeitgenössischen
            Loewe-Bildes","Bernd Baselt",author
1969,6,"Renaissance-Elemente im deutschen Lied 1450 - 1500","Heinrich Besseler",author
1969,7,"Musikgeschichte in Bildern III, Lieferung 3: Smits van Waesberghe, Josef:
            Musikerziehung. Lehre und Theorie der Musik im Mittelalter","Heinrich Besseler",editor
1969,7,"Musikgeschichte in Bildern III, Lieferung 3: Smits van Waesberghe, Josef:
            Musikerziehung. Lehre und Theorie der Musik im Mittelalter","Werner Bachmann",editor
1969,8,"Die Einflüsse August Schumanns, Carl Ernst Richters und Martin Oberländers auf die
            politische Entwicklung Robert Schumanns","Johannes Besser",author
1969,9,"Zu Fragen der musikalischen Hermeneutik","Johannes Besser",author
1969,10,"Fragen zur Fagottbesetzung in den kirchenmusikalischen Werken Johann Sebastian
            Bachs","Konrad Brandt",author
1969,11,"Kriterien des sozialistischen Neuerertums","Heinz Alfred Brockhaus",author
1969,12,"Probleme der Hanns-Eisler-Forschung","Heinz Alfred Brockhaus",author
1969,13,"Zu Robert Schumanns letzten Kompositionen","Georg Eismann",author
1969,14,"Bemerkenswertes zur Genealogie Robert Schumanns","Georg Eismann",author
1969,15,"Über Charakter und Geschichte der Dresdner Vivaldi-Manuskripte","Rudolf Eller",author
1969,16,"Über Dresdens Bedeutung für das Schaffen Bachs: In: Bach-Fest-Buch zum 43. Deutschen
            Bach-Fest","Rudolf Eller",author
1969,17,"Serie und Zyklus in Bachs Instrumentalsammlungen: In: Bach-Interpretationen","Rudolf Eller",author
1969,18,"Franz Liszt (Biografie)","Werner Felix",author
1969,19,"G.Ph. Telemann, Konzert D-Dur für 3 Clarinen (Trompeten), Pauken, 2 Oboen, Fagott (ad
            lib.), Streichorchester und Bc","Günter Fleischhauer",editor
1969,20,"Die Musik G.Ph. Telemanns im Urteil seiner Zeit (I. Teil)","Günter Fleischhauer",author
1969,21,"Anmerkungen zu Friedrich Chrysanders Gesamtausgabe der Werke Händels und zu seiner
            Editionstechnik","Siegfried Flesch",author
1969,22,"G.F. Händel, Sieben Sonaten für zwei Violinen.und Basso continuo op. 5","Siegfried Flesch",editor
1969,23,"G.F. Händel, Orlando, Oper in 3 Akten. Partitur: In: Hallische Händel-Ausgabe. Serie
            II: Opern, Bd. 28","Siegfried Flesch",editor
1969,24,"Zu einigen Problemen der Unterrichtsgestaltung im Fach Musik","Siegfried Flügel",author
1969,25,"Das Bachschrifttum 1958-1962","Erhard Franke",author
1969,26,"Zwanzig Notizen zu einer Aufführungskonzeption von ""Porgy and Bess""","Götz Friedrich",author
1969,27,"Über Massenwirksamkeit von Musik","William Geißler",author
1969,28,"Bemerkungen zum Bericht von W. Lottermoser","Klaus Gernhardt",author
1969,28,"Bemerkungen zum Bericht von W. Lottermoser","Winfried Schrammek",author
1969,29,"Möglichkeiten des Tanztheaters","Werner Gommlich",author
1969,30,"Klanganalytische Untersuchungen der beiden Orgeln in der Thomaskirche zu
            Leipzig","Frank-Harald Greß",author
1969,30,"Klanganalytische Untersuchungen der beiden Orgeln in der Thomaskirche zu
            Leipzig","Dietmar Krieger",author
1969,31,"Zur Aufführung des Zyklus ""Unsere Träume sind aus Glas und Tau"" von A. Müller und G.
            Fredrich durch den Chor des VEB Chemische Werke Buna","Claus Haake",author
1969,32,"Der Bitterfelder Weg und unser Chorschaffen","Claus Haake",author
1969,33,"... nicht von anderen Genres isolieren","Wolfram Heicking",author
1969,34,"Der Komponist Hans Pfitzner","Werner Heller",author
1969,35,"Die Musikpflege an der Universität Leipzig von 1800 bis zur Gegenwart","Gunter Hempel",author
1969,36,"Das Leipziger Gewandhausorchester","Fritz Hennenberg",author
1969,37,"Dialektische musikdramaturgische Verfahren in der Oper ""Der letzte Schuß""","Fritz Hennenberg",author
1969,38,"Dessau/Maurer - Lieder (Schallplattentextheft)","Fritz Hennenberg",author
1969,39,"Wilhelm Weismann - Lieder und Chöre (Schallplattentextheft)","Fritz Hennenberg",author
1969,40,"Kurt Schwaen - Leonce und Lena (Schallplattentextheft)","Fritz Hennenberg",author
1969,41,"Ludwig van Beethovens Konversationshefte. Band 4, Hefte 38-48","Grita Herre",editor
1969,41,"Ludwig van Beethovens Konversationshefte. Band 4, Hefte 38-48","Karl-Heinz Köhler",editor
1969,41,"Ludwig van Beethovens Konversationshefte. Band 4, Hefte 38-48","Ignaz Weinmann",contributor
1969,42,"Hülsdorf - Gotha aktuell","Joachim Herz",author
1969,43,"Flamenco: In: Fiesta Gitana, Flamencotänze spanischer Zigeuner (Programmheft)","Axel Hesse",author
1969,44,"Ballett Brasiliana Rio de Janeiro (Programmheft)","Axel Hesse",author
1969,45,"Indische Tänze und Musik (Programmheft)","Axel Hesse",author
1969,46,"Die ""Jüdische Chronik” im Unterricht der erweiterten Oberschule","Heinrich Hillmann",author
1969,47,"Sechs Bagatellen zwischen Breitkopf &amp; Härtel und Beethoven: In: Pasticcio auf
            das 250jährige Bestehen des Verlages Breitkopf &amp; Härtel. Beiträge zur Geschichte
            des Hauses","Ferdinand Hirsch",author
1969,48,"Publikationen der Musikverlage zum 20. Jahrestag der DDR","Ferdinand Hirsch",author
1969,49,"""positionen - kammermusik junger komponisten""","Ferdinand Hirsch",author
1969,50,"Bildungs- und Erziehungsaufgaben in der Musikschule und Möglichkeiten ihrer Erfüllung
            durch die Arbeit an Werken des sozialistischen Gegenwartsschaffens","Hellmut Hübner",author
1969,51,"Jacques Offenbachs Werke in Wien und Berlin. Zum 150. Geburtstag des Komponisten am
            20. Juni 1969","Hans-Jochen Irmer",author
1969,52,"Musikalisches Bühnenwerk und musizierend darstellende Kunst","Hans-Jochen Irmer",author
1969,53,"Unveröffentlichte Briefe Franz Liszts","Hans John",author
1969,54,"Mathematische Untersuchungen zur musikalischen Akkordlehre","Franz John",author
1969,55,"Leopold Mozart, Gründliche Violinschule. Faksimile - Nachdruck der 3. Auflage","Hans Rudolf Jung",editor
1969,56,"Die Stellung der Berufsmusiker in der Gesellschaft des antiken Griechenland","Christian Kaden",author
1969,57,"Die ""polymodale Chromatik"" Bela Bartóks. Ein Beitrag zur stilkritischen
            Analyse","Erich Kapst",author
1969,58,"Wir brauchen die schöpferische Gemeinschaft! Kooperation von Zirkeln schreibender und
            komponierender Arbeiter","Karl Kleinig",author
1969,59,"Die Lust am Schaffen in der Lebensbejahung des Sozialismus entzünden und bewahren! -
            In","Karl Kleinig",author
1969,60,"Das Musiktheater Carl Orffs. Untersuchungen zu einem bürgerlichen Kunstwerk","Udo Klement",author
1969,61,"Interpretationskritik: Gustav Mahlers I. Sinfonie","Eberhardt Klemm",author
1969,62,"Faktorenanalytische Typenbestimmung an Volksmelodien. Versuch einer typologischen
            Ordnung altmärkischer Melodien - Sammlung Parisius, Stockmann u.a: mit Hilfe eines
            Rechenautomaten ZRA 1","Reiner Kluge",author
1969,63,"Polarität und Metamorphose. Anmerkungen zu Siegfried Thieles Sinfonie in fünf
            Sätzen","Eberhard Kneipel",author
1969,64,"Die Musik im Zeitalter des sich entfaltenden Kapitalismus (2. Teil),
            (Schallplattenheft)","Georg Knepler",author
1969,65,"Erinnerungen an Hanns Eisler","Georg Knepler",author
1969,66,"Improvisation - Komposition, Überlegungen zu einem ungeklärten Problem der
            Musikgeschichte","Georg Knepler",author
1969,67,"Die Improvisation in Händels Orgelkonzerten","Robert Köhler",author
1969,68,"Ludwig van Beethovens Konversationshefte. Band 4, Hefte 38-48","Karl-Heinz Köhler",editor
1969,68,"Ludwig van Beethovens Konversationshefte. Band 4, Hefte 38-48","Herre Grita",editor
1969,68,"Ludwig van Beethovens Konversationshefte. Band 4, Hefte 38-48","Ignaz Weinmann",editor
1969,69,"Mozarts Kompositionsweise. Beobachtungen am Figaro-Autograph","Karl-Heinz Köhler",author
1969,70,"Wir lieben unsere Heimat. Jugend- und Massenlieder, 2. Folge
            (Schallplattentextheft)","Siegfried Köhler",author
1969,71,"Die Entwicklung der Schallplattenproduktion in der DDR","Siegfried Köhler",author
1969,72,"Die Funktion der Schallplatte und ihre Wirksamkeit in der Öffentlichkeit","Siegfried Köhler",author
1969,73,"Eine unbekannte Liederhandschrift des 16. Jahrhunderts","Günther Kraft",author
1969,74,"Meister unseres Musiktheaters. Zum 75. Geburtstag Paul Dessaus","Ernst Krause",author
1969,75,"Vom Wesen der Oper. Opernkomponisten über die Oper","Heinz Krause-Graumnitz",author
1969,76,"Klanganalytische Untersuchungen der beiden Orgeln in der Thomaskirche zu
            Leipzig","Dietmar Krieger",author
1969,76,"Klanganalytische Untersuchungen der beiden Orgeln in der Thomaskirche zu
            Leipzig","Frank-Harald Greß",author
1969,77,"Die Verwendung der Schreibmaschine als Notenschreibmaschine","Willy Kühne",author
1969,78,"Veränderungen, im Intonationsbild unserer neuen volksliedhaften
            Liedschöpfungen","Thomas Kunath",author
1969,79,"""Die Hochzeit der Tiere"" - eine neue Kantate im Musikhören Klasse 6","Lothar Kunze",author
1969,80,"Gesang vom Sozialismus, über die Entwicklung des Singens und Liedschaffens der
            Jugend","Hans-Joachim Kynaß",author
1969,81,"Die Mehrstimmigkeit - Stiefkind des Musikunterrichts","Christian Lange",author
1969,82,"Carl Maria von Weber - Kunstansichten. Ausgewählte Schriften","Karl Laux",editor
1969,83,"Der Einfluß reaktionärer Kreise auf die Musikerziehung in der Bundesrepublik,
            dargelegt an den Publikationen des westdeutschen Musikpädagogen Josef Heer","Karl-Heinz Löbner",author
1969,84,"Manipulation mit Musik","Joachim Lucius",author
1969,85,"Zeitgenössische Musik in der Sicht der Hörer. Eine soziologische Betrachtung zur
            Rezeption","Wernfried Maltusch",author
1969,86,"Trend und Details in der An- und Aufnahme von Wort- und Musiksendereihen des
            Deutschen Demokratischen Rundfunks","Wernfried Maltusch",author
1969,86,"Trend und Details in der An- und Aufnahme von Wort- und Musiksendereihen des
            Deutschen Demokratischen Rundfunks","Roland Mauenburg",contributor
1969,86,"Trend und Details in der An- und Aufnahme von Wort- und Musiksendereihen des
            Deutschen Demokratischen Rundfunks","Jörn Fechner",contributor
1969,87,"Thematische Arbeit in den Fugen des Wohltemperierten Klaviers","Wolfgang Marggraf",author
1969,88,"Ernst Hermann Meyers 3. Streichquartett","Liesel Markowski",author
1969,89,"Einführung in die Rhythmik und Metrik","Klaus Mehner",author
1969,90,"Einheit von Wahrheit, Menschlichkeit und Größe. Aus der Diskussion der Zentralen
            Delegiertenkonferenz des VDK","Ernst Hermann Meyer",author
1969,91,"""Seht. Großes ward vollbracht!"" Gedanken zum 20. Jahrestag der DDR","Ernst Hermann Meyer",author
1969,92,"Zum Gedenken Walther Vetters 10.5.1891 - 1.4.1967","Ernst Hermann Meyer",author
1969,93,"Louis Fürnberg zum Gedenken","Ernst Hermann Meyer",author
1969,94,"Die Aufgaben der Musikerziehung im System der sozialistischen
            Allgemeinbildung","Paul Michel",author
1969,95,"Musik und Musikunterricht im Urteil der Schüler","Paul Michel",author
1969,96,"Sozialistisches Menschenbild - Kunst und Kultur","Paul Michel",author
1969,97,"Musik und Jugend","Paul Michel",author
1969,98,"Geschichte, gegenwärtiger Entwicklungsstand und Perspektiven der Musikpsychologie
            (ungarisch)","Paul Michel",author
1969,99,"Das historische Hören (ungarisch)","Paul Michel",author
1969,100,"Akzeleration und Mutation: In: Festschrift für Frantisek Lýsek","Paul Michel",author
1969,101,"Spielhemmungen bei Übung und Konzert und Möglichkeiten ihrer Überwindung (ungarisch):
            In: Sammlung allgemein- und musikpsychologischer Studientexte","Paul Michel",author
1969,102,"Musikpsychologische Grundlagen der Musikerziehung (bulgarisch): In: Musik in der
            Schule (Schriftenreihe für die Theorie u. Praxis der Musikerziehung)","Paul Michel",author
1969,103,"Kulturpolitische Positionen bei der Ausbildung von Diplomlehrern für Musik/Deutsch
            bzw. Deutsch/Musik in Zusammenhang mit Maßnahmen der 3. Hochschulreform","Günther Müller",author
1969,104,"In Gesamtaufnahme: Beethovens Violinsonaten","Hans-Peter Müller",author
1969,105,"Darstellung des Lebensbildes und der schöpferischen Entwicklung von Kurt
            Schwaen","Ludwig Müller",author
1969,106,"Rudolf Wagner-Régeny, Begegnungen. Biographische Aufzeichnungen, Tagebücher und sein
            Briefwechsel mit Caspar Neher","Tilo Müller-Medek",editor
1969,107,"""Die Zauberflöte"" in der Inszenierung von Gustav Gründgens 1938 an der Deutschen
            Staatsoper Berlin","Alfred Nehring",author
1969,108,"Fremdschriftliche und gedruckte Dokumente zur Lebensgeschichte Johann Sebastian Bachs
            1685-1750","Werner Neumann",author
1969,108,"Fremdschriftliche und gedruckte Dokumente zur Lebensgeschichte Johann Sebastian Bachs
            1685-1750","Hans-Joachim Schulze",author
1969,109,"Probleme der Aufführungspraxis im Spiegel der Geschichte der Neuen
            Bachgesellschaft","Werner Neumann",author
1969,110,"Dmitri Schostakowitschs 2. Klavierkonzert im Musikunterricht der erweiterten
            Oberschule (Abiturstufe)","Ekkehard Ochs",author
1969,111,"Zum Problem der nationalen Eigenständigkeit im musikalischen und musikpädagogischen
            Denken osteuropäischer Länder","Günter Olias",author
1969,112,"Zur geistigen Entwicklung der Schüler im Musikunterricht","Günter Olias",author
1969,113,"Johannes Weyrauch. Biographie und Untersuchungen über die Einflüsse traditioneller
            und zeitgenössischer Musik auf seinen Personalstil","Wolfgang Orf",author
1969,114,"Zur Geschichte der Musikpflege an der ehemaligen Universität Erfurt: In: Beiträge zur
            Geschichte der Universität Erfurt (1392-1816). Heft 13","Siegfried Orth",author
1969,115,"Musical hierzulande. Ein Bericht und einige Erwägungen","Hans-Gerald Otto",author
1969,116,"Nicht nur der Prinz hat zugenommen","Hans-Gerald Otto",author
1969,117,"""Verlieb dich nicht in eine Heilige"" von C.U. Wiesner und. Siegfried Schäfer an der
            Staatsoperette Dresden","Hans-Gerald Otto",author
1969,117,"""Verlieb dich nicht in eine Heilige"" von C.U. Wiesner und. Siegfried Schäfer an der
            Staatsoperette Dresden","Heinz Rennhack",author
1969,117,"""Verlieb dich nicht in eine Heilige"" von C.U. Wiesner und. Siegfried Schäfer an der
            Staatsoperette Dresden","Rosemarie Dietrich",author
1969,118,"Das gesellschaftliche ""Bäh!"". Kunads neue Oper ""Maitre Pathelin"" an der Staatsoper
            Dresden","Hans-Gerald Otto",author
1969,119,"Musiktheater 1969. Erwägungen nach einer Spielzeit","Hans-Gerald Otto",author
1969,120,"Bühnenraum und Musiktheater. Ein Gespräch mit Anmerkungen","Hans-Gerald Otto",author
1969,120,"Bühnenraum und Musiktheater. Ein Gespräch mit Anmerkungen","Reinhart Zimmermann",author
1969,121,"Heimatland, reck deine Glieder - Gedanken zur Behandlung der im Stoffverteilungsplan
            für den Musikunterricht Klasse 7 angegebenen Thematik","Hans Petzold",author
1969,122,"Zur musikalischen Ausgestaltung von Jugendweihefeiern","Hans Pezold",author
1969,123,"Zu einigen methodischen Aspekten der Übungsbehandlung von Stimm- und
            Sprachstörungen","Otto Preu",author
1969,124,"Max Schneider zum Gedächtnis","Werner Rackwitz",author
1969,125,"Charakteristik und Wirksamkeit der Prinzipien linearen Gestaltens - untersucht und
            dargestellt an Kompositionen von Fred Lohse","Siegfried Raschke",author
1969,126,"Unsere Musikschulen - stolzes Ergebnis zwanzigjähriger Kontinuität kultureller
            Entwicklung","Wolfgang Reckling",author
1969,127,"Mein Liebchen hat ein Etwas. Derbdreiste Volkslieder","Lukas Richter",author
1969,128,"Der antiklassische Trend in der griechischen Musik der Klassik","Lukas Richter",author
1969,129,"Maitre Pathelin oder die Hammelkomödie. Bemerkungen zu Rainer Kunads neuer
            Oper","Walter Rösler",author
1969,130,"Deutscher Sängerbund (DSB) 1862-1945","Hans-Joachim Rothe",author
1969,131,"Händelrenaissance. Band II. Händels Rolle als Aufklärer","Johanna Rudolph",author
1969,132,"Die historischen Bezüge des ""Messias""","Johanna Rudolph",author
1969,133,"""Saul"" - ein Geschichtsoratorium","Johanna Rudolph",author
1969,134,"Musikalisches Arkadien","Johanna Rudolph",author
1969,135,"Grundfragen der Händel-Renaissance der Deutschen Demokratischen Republik","Johanna Rudolph",author
1969,136,"Untersuchungen über Stimmbereiche bei männlichen Jugendlichen","Bruno Salomon",author
1969,137,"Ludwig van Beethoven Briefe. Eine Auswahl","Hansjürgen Schaefer",editor
1969,138,"""Ändere die Welt, sie braucht es!"" Notizen zum vokalsinfonischen Schaffen in der
            DDR","Hansjürgen Schaefer",author
1969,139,"Musik im Dienste des neuen Gegenstandes. Bemerkungen zum sinfonischen Schaffen in der
            DDR","Hansjürgen Schaefer",author
1969,140,"Siegfried Kurz - Konzert für Klavier und Orchester, op. 32; Wolfgang Hohensee -
            Konzertstück für Klavier und Orchester (Schallplattentextheft)","Hansjürgen Schaefer",author
1969,141,"Ernst Hermann Meyer - Concerto grosso für zwei Trompeten, Tenorposaune, Pauken und
            Streichorchester (1966); Konzert für Harfe und Orchester (1968).
            (Schallplattentextheft)","Hansjürgen Schaefer",author
1969,142,"Joachim Werzlau. Ein Komponistenporträt (Schallplattentextheft)","Hansjürgen Schaefer",author
1969,143,"Bekenntnis zum Ungewöhnlichen. Verdis Mitarbeit am Aida-Libretto","Klaus Schlegel",author
1969,144,"""La Traviata"" 1960-1967","Klaus Schlegel",author
1969,145,"Felsenstein inszeniert Prokofjew. In","Klaus Schlegel",author
1969,146,"Ein Weg zu Kurt Schwaen","Helmut Schmidt",author
1969,147,"Faust bei H. Berlioz. Zum 100.Geburtstag des Komponisten","Frank Schneider",author
1969,148,"Konzertplan in der öffentlichen Diskussion","Frank Schneider",author
1969,149,"Das ""Yuemu cizi"" in seiner schlagrhythmischen und formstrukturellen
            Gestaltung","Gerd Schönfelder",author
1969,150,"Bemerkungen zum Bericht von W. Lottermoser: Fehler bei der Umrechnung von Graden der
            Foernerschen Windwaage in Millimeter-Wassersäule","Winfried Schrammek",author
1969,150,"Bemerkungen zum Bericht von W. Lottermoser: Fehler bei der Umrechnung von Graden der
            Foernerschen Windwaage in Millimeter-Wassersäule","Klaus Gernhardt",author
1969,151,"Georg Trexler","Winfried Schrammek",author
1969,152,"Die Ausbildung von Musikinstrumenten-Restauratoren im Musikinstrumenten-Museum der
            Karl-Marx-Universität Leipzig","Winfried Schrammek",author
1969,153,"Musik-Lehrbuch für die Klassen 11 und 12","Lothar Schubert",editor
1969,154,"Fremdschriftliche und gedruckte Dokumente zur Lebensgeschichte Johann Sebastian Bachs
            1685-1750","Hans-Joachim Schulze",author
1969,154,"Fremdschriftliche und gedruckte Dokumente zur Lebensgeschichte Johann Sebastian Bachs
            1685-1750","Werner Neumann",author
1969,155,"Johann Sebastian Bach und Christian Gottlob Meißner","Hans-Joachim Schulze",author
1969,156,"Johann Sebastian Bachs Kanonwidmungen","Hans-Joachim Schulze",author
1969,157,"Verleger und Autor","Herbert Schulze",author
1969,158,"Musiktherapie bei Neurosen und funktionellen Störungen","Christoph Schwabe",author
1969,159,"Entwicklung und gegenwärtiger Stand der Musiktherapie","Christoph Schwabe",author
1969,160,"Jahrbuch der Komischen Oper Berlin VIII. Spielzeit 1967/68","Horst Seeger",editor
1969,161,"Jahrbuch der Komischen Oper Berlin IX. Spielzeit 1968/69","Horst Seeger",editor
1969,162,"Entwurf eines Systems der Wissenschaft vom musizierenden Theater","Horst Seeger",author
1969,163,"Probleme der Gestaltung des sozialistischen Menschenbildes auf der Musikbühne","Horst Seeger",author
1969,164,"Die musikalische Gedankenwelt des ""Messias""","Walther Siegmund-Schultze",author
1969,165,"Die Halleschen Händelfestspiele. Höhepunkte im sozialistischen Musikleben der
            Deutschen Demokratischen Republik","Walther Siegmund-Schultze",author
1969,166,"Die nationale Kulturpolitik der DDR","Walther Siegmund-Schultze",author
1969,166,"Die nationale Kulturpolitik der DDR","Thomas Höhle",author
1969,166,"Die nationale Kulturpolitik der DDR","Hans-Joachim Mrusek",author
1969,167,"Unser neues Bach-Bild","Walther Siegmund-Schultze",author
1969,168,"Zum Problem der Entwicklung einer selbständigen Instrumentalmusik in Deutschland im
            17. Jahrhundert: In: Kongreßbericht Musica Antiqua Acta Scientifica","Walther Siegmund-Schultze",author
1969,169,"Die Entwicklung des Musikschaffens in der Deutschen Demokratischen Republik
            1949-1969: In: Lehrbriefe für das Fernstudium Musik, Reihe A, Lehrbrief 14","Walther Siegmund-Schultze",author
1969,170,"Breitkopf &amp; Härtel und die Musikwissenschaft: In: Pasticcio auf das
            250-jährige Bestehen des Verlages Breitkopf &amp; Härtel","Walther Siegmund-Schultze",author
1969,171,"Zum Gedenken Max Schneiders","Walther Siegmund-Schultze",author
1969,172,"Hugo Riemann zum 50. Todestag (16.7.1849-10.7.1919)","Walther Siegmund-Schultze",author
1969,173,"Untersuchungen zur Dialektik von Unterhaltung und Persönlichkeitsbildung in der
            sozialistischen Nationalkultur","Horst Slomma",author
1969,174,"Elektronische Datenverarbeitung in der Ethnologie und den ihr nahestehenden
            Wissenschaften","Doris Stockmann",author
1969,175,"Methoden der Klassifikation von Volksweisen","Doris Stockmann",editor
1969,175,"Methoden der Klassifikation von Volksweisen","Oskár Elschek",editor
1969,176,"Europäische Volksmusik auf Schallplatten - I. Rumänische Volksmusik","Erich Stockmann",author
1969,177,"2. Musiktheater-Seminar, Juni 1969. Bericht aus der Arbeitsgruppe ""Von der Konzeption
            zur Aufführung""","Stephan Stompor",author
1969,178,"""Die Liebe zu drei Orangen"". Dokumente zur Aufführungsgeschichte","Stephan Stompor",author
1969,179,"Gustav Mahler als Dirigent und Regisseur. Ein Beitrag zur Geschichte der
            Operninterpretation","Stephan Stompor",author
1969,180,"Tendenzen im deutschen Volkslied nach der Französischen Revolution von 1789","Kurt Thomas",author
1969,181,"Beiträge zur Geschichte der Musik der Stadt Stendal","Hans-Hermann Voigt",author
1969,182,"Probleme vergleichender Liedbetrachtung","Wilhelm Weismann",author
1969,183,"Psychologische Grundlagen zur Entwicklung der Singefähigkeit: In: Festschrift für
            Frantisek Lýsek","Kurt Wichmann",author
1969,184,"Die mütterlichen Verwandten Johann Sebastian Bachs in Erfurt. Ergänzungen und
            Berichtigungen zur Bachforschung","Fritz Wiegand",author
1969,185,"Das Tempo bei Telemann","Hellmuth Christian Wolff",author
1969,186,"Schumanns ""Genoveva"" und der Manierismus des 19. Jahrhunderts: In: Beiträge zur
            Geschichte der Oper","Hellmuth Christian Wolff",author
1969,187,"Bühnenbild und Inszenierung der italienischen Oper 1600-1700: In: Claudio Monteverdi
            e il suo tempo","Hellmuth Christian Wolff",author
1969,188,"Laterna Magica-Projektionen auf dem Barocktheater: In: Maske und Kothurn","Hellmuth Christian Wolff",author
1969,189,"Bemerkungen zur Behandlung und zum Verständnis der Kantate ""Die Teppichweber von
            Kujan-Bulak"" von Brecht/Eisler (10. Klasse)","Wolfgang Wunder",author
1969,190,"Musikbibliotheken in der DDR","Hartmut Zenker",author
1969,191,"Lehrprogramm zur Weiterbildung in Kursen für Lehrer im Fach Musik"," Zentralinstitut für Weiterbildung der Lehrer und Erzieher beim
                    Ministerium für Volksbildung der DDR",author
1969,192,"Pasticcio auf das 250jährige Bestehen des Verlages Breitkopf &amp; Härtel.
            Beiträge zur Geschichte des Hauses","Helmut Zeraschi",author
1969,193,"Aus der Geschichte des Hauses Breitkopf &amp; Härtel: In: Pasticcio auf das
            250jährige Bestehen des Verlages Breitkopf &amp; Härtel","Helmut Zeraschi",author
1969,194,"Breitkopf &amp; Härtels Instrumentenhandel und Klavierbau: In: Pasticcio auf das
            250jährige Bestehen des Verlages Breitkopf &amp; Härtel","Helmut Zeraschi",author
1969,195,"Sirventes: In: Pasticcio auf das 250jährige Bestehen des Verlages Breitkopf &amp;
            Härtel","Helmut Zeraschi",author
1969,196,"Bühnenraum und Musiktheater. Ein Gespräch mit Anmerkungen","Reinhart Zimmermann",author
1969,196,"Bühnenraum und Musiktheater. Ein Gespräch mit Anmerkungen","Hans-Gerald Otto",author
1969,197,"Aus dem Schaffen fortschrittlicher Komponisten des 18. Jahrhunderts","Herbert Zimpel",author
1969,198,"Vorschläge zur Schulfeiergestaltung zum 20. Jahrestag der Deutschen Demokratischen
            Republik","Herbert Zimpel",author
1969,199,"""Der Freischütz"" im Musikunterricht der Klasse 8","Herbert Zimpel",author
1969,200,"Johann Friedrich Reichardt: Goethes Lieder, Oden, Balladen und Romanzen. Dritte
            Abteilung. Balladen und Romanzen. Nachdruck der ersten Ausgabe von 1809","Frieder Zschoch",editor
1969,201,"Zur Herausgabe von Musikalischen Denkmälern im 19. Jahrhundert: In: Pasticcio auf das
            250jährige Bestehen des Verlages Breitkopf &amp; Härtel","Frieder Zschoch",author
1969,"F 1","Die historischen Theaterzettelsammlungen in der DDR und ihre musikwissenschaftlichen
            Aspekte","Peter Ahnsehl",author
1969,"F 2","Weltanschauliche Formierung der Komponistenpersönlichkeit (Arbeitsthema)","Wilhelm Baethge",author
1969,"F 3","G.F. Händels Werke und ihre Edition durch F. Chrysander. Eine kritische Auswertung
            der 1. Händel-Gesamtausgabe samt einem Verzeichnis aller darin veröffentlichten
            Werke","Bernd Baselt",author
1969,"F 4","Musikalische Landschaftsforschunq (Inventarisierung mitteldeutscher
            Musikdenkmäler)","Bernd Baselt",author
1969,"F 5","Die Entwicklung der geigerischen Spieltechnik und der Schul- und Lehrwerke für die
            Violine. Ein Beitrag zur Geschichte der Violinmusik vom 17. bis zum 19.
            Jahrhundert","Friedrich Wilhelm Beinroth",author
1969,"F 6","Rezeptionskundliche Untersuchungen der Einfühlungsästhetik bei Lipps, Hartmann und
            Volkelt","Fritz Beinroth",author
1969,"F 7","Die Bedeutung des Davidsbündlerkreises für die Musikanschauung und die.
            Musikgeschichte des 19. Jahrhunderts","Johannes Besser",author
1969,"F 8","Struktur und Wirkung des Instrumentalkonzertes in der DDR 1945 bis 1969","Jürgen Beythien",author
1969,"F 9","Untersuchungen über den Leistungsstand der Studierenden im Fach Sprecherziehung von
            der Aufnahme bis zur Abschlußprüfung","Barbara Bley",author
1969,"F 10","Das Lebenswerk Max Buttings","Dietrich Brennecke",author
1969,"F 11","Beiträge zur Musikgeschichte der Stadt Wismar von der Stadtgründung bis 1700","Burkhard Busse",author
1969,"F 12","Orgel-Inventar des Denkmalbezirks Erfurt. Forschungsauftrag. Beginn","Ulrich Dähnert",author
1969,"F 13","Orgel-Inventar des Denkmalbezirkes Dresden. Forschungsauftrag, Institut für
            Denkmalpflege Dresden. Beginn","Ulrich Dähnert",author
1969,"F 14","Die Funktion der Zeitschrift ""Musik in der Schule"" bei der Verwirklichung der
            Bildungs- und Erziehungsziele in der sozialistischen Schule der DDR. (Ein Beitrag zur
            Geschichte der Schulmusik in der DDR)","Günther Diezel",author
1969,"F 15","Die Wandlung der Klavierkunst zur Mitte des 18. Jahrhunderts, insbesondere die
            Stileigenschaften der Klaviermusik in der Zeit des Nebeneinanderbestehens von
            Clavichord, Cembalo und Hammerflügel","Claus Dittmann",author
1969,"F 16","Akustische Untersuchungen der Vibration bei Gesangsstimmen und ihre Bedeutung für den
            Informationswert beim Musikhören","Paul Wilhelm Donath",author
1969,"F 17","Die Instrumentalmusik in der deutschen Arbeiterbewegung vor 1933","Traude Ebert-Obermeier",author
1969,"F 18","Kritische Betrachtung der Harmoniksysteme von Moritz Hauptmann und Arthur von
            Oettingen","Günther Eisenhardt",author
1969,"F 19",Bach-Forschung,"Rudolf Eller",author
1969,"F 20",Vivaldi-Forschung,"Rudolf Eller",author
1969,"F 21","Mecklenburgische Regional-Musikgeschichtsforschung","Rudolf Eller",author
1969,"F 21","Mecklenburgische Regional-Musikgeschichtsforschung","Karl Heller",contributor
1969,"F 21","Mecklenburgische Regional-Musikgeschichtsforschung","Hans Jürgen Daebeler",contributor
1969,"F 22","Arabische Musik","Jürgen Elsner",author
1969,"F 23","Der Begriff des maqām in Ägypten in neuerer Zeit","Jürgen Elsner",author
1969,"F 24","Die Hauptrichtungen der westdeutschen Musikästhetik, dargestellt an ihrem Verhältnis
            zur neuen Musik","Mechthild Elßner",author
1969,"F 25","Sozialpsychologie der musikalischen Unterhaltung","Veit Ernst",author
1969,"F 26","Die wissenschaftsgeschichtliche und philosophische Position von Erich M. von
            Hornbostel","Veit Ernst",author
1969,"F 27","Studien zum Musikleben der Römer","Günter Fleischhauer",author
1969,"F 28","G.F. Händels Triosonaten op. 2","Siegfried Flesch",author
1969,"F 29","Die Sonatenform im Schaffen Béla Bartóks","Johannes Forner",author
1969,"F 30","Rezeptionskundliche Untersuchungen über die ideelle Programmatik in der Sinfonik bei
            Schostakowitsch","Evelin Fresenius",author
1969,"F 31","Der Marsch im Schaffen Schumanns","Ulrich Frick",author
1969,"F 32","Beiträge zur Interpretationsgeschichte der Klaviersonaten Beethovens","Barbara Friege",author
1969,"F 33","Die Bedeutung der Pionier-und Jugendblasorchester in der DDR für die musikalische
            Bildung und Erziehung","Johannes Fritzsche",author
1969,"F 34","Zur Ausbildung von Lehrern für den Unterricht im Fach Gesang/Musik an
            allgemeinbildenden Schulen in Deutschland seit 1900","Wolfgang Frohberg",author
1969,"F 35","Das Cembalo in der Musik des 20. Jahrhunderts","Eberhard Geiler",author
1969,"F 36","Psychologische und ästhetische Untersuchungen über Entwicklung und Stand der
            Gefühlstheorie als Voraussetzung für die Anwendung in der musikalischen
            Rezeption","William Geißler",author
1969,"F 37","Untersuchungen über die Singefähigkeit bei Schulanfängern zum Zeitpunkt des
            Schulbeginns und über die Möglichkeiten, die Singefähigkeit bei stimmunsicheren und
            falschsingenden Schulanfängern zu entwickeln","Dietrich Gieß",author
1969,"F 38","Dialektische Methoden der musikalischen Inhalts-Erforschung (Syntaktisch-semantische
            Struktur-Untersuchungen)","Harry Goldschmidt",author
1969,"F 39","Konzeptionelle Struktur-Untersuchungen an einigen Werken Beethovens","Harry Goldschmidt",author
1969,"F 40","Die gemischten Register im historischen und zeitgenössischen deutschen
            Orgelbau","Frank-Harald Greß",author
1969,"F 41","Erschließung von Musik des 16. bis 18. Jahrhunderts aus sächsischen
            Bibliotheken","Hans Grüß",author
1969,"F 42","Die Bedeutung des Chorgesangs für die ästhetische Bildung der Arbeiterklasse in der
            DDR","Claus Haake",author
1969,"F 43","Der Einfluß der Technik auf die Entwicklung der Tanz- und Unterhaltungsmusik","Ingolf Haedicke",author
1969,"F 44","'Einflüsse des französischen Impressionismus auf Bartók","Iwanka Halatschewa",author
1969,"F 45","Dialektik von Werk und Ideologie bei Gustav Mahler","Mathias Hansen",author
1969,"F 46","Untersuchungen zur Aufnahme der Werke Mussorgskis in Deutschland (von den Anfängen
            bis ca. 1930)","Christoph Hellmundt",author
1969,"F 47","Das zwölfstufig temperierte Tonsystem im Hinblick auf eine arteigene
            Musiktheorie","Walter Helm",author
1969,"F 48","Möglichkeiten und Grenzen der Programmierung des Musikunterrichts","Rainer Herberger",author
1969,"F 49","Das Transmissionen-Singen im kubanischen Spiritismus. Musikethnologisch-soziologische
            Untersuchungen zur Transkulturations-Problematik im städtisch-halbproletarischen
            Kontaktbereich afroider und europäider Gruppenkulturen Kubas","Axel Hesse",author
1969,"F 50","Wege zur effektiven Gestaltung des Musikunterrichts auf dem Gebiet des Musikhörens
            unter besonderer Berücksichtigung der schöpferischen Arbeit der Schüler","Erhard Hienzsch",author
1969,"F 51","Das Massenlied. Zum Begriff und zur Entwicklungsgeschichte in der DDR seit 1945.
            Beginn","Eva-Maria Hillmann",author
1969,"F 52","Musiklehre und Musikleben an der Universität Rostock von ihrer Gründung 1419 bis zum
            Ende des 18. Jahrhunderts","Alfred Hingst",author
1969,"F 53","Systematische Grundlagen für das Musikhören in der Einheit von Singen und Erfassen
            musikalischer Zusammenhänge","Karl Hoffmann",author
1969,"F 54","Studien zu einer Metatheorie der Musikwissenschaft","Hans Gunter Hoke",author
1969,"F 55","Die Musikerziehung in Westdeutschland seit der Zerschlagung des Faschismus. Ein
            Beitrag zur Klärung ihrer politischen, ideologischen, pädagogischen und methodischen
            Position","Walter Jäger",author
1969,"F 56","Die Spezifik der Ballettmusik","Peter Jarchow",author
1969,"F 57","Gottfried August Homilius und die evangelische Kirchenmusik Dresdens im 18.
            Jahrhundert","Hans John",author
1969,"F 58","Bedeutung und Funktion der musikalischen Bildung und Erziehung für die
            Persönlichkeitsentwicklung des sozialistischen Staatsbürgers","Werner Kaden",author
1969,"F 58","Bedeutung und Funktion der musikalischen Bildung und Erziehung für die
            Persönlichkeitsentwicklung des sozialistischen Staatsbürgers"," Mitarbeiter",contributor
1969,"F 59","Probleme der Harmonik in Prokofjews Klaviersonaten","Kurt Kallausch",author
1969,"F 60","Die ""polymodale Chromatik"" Béla Bartóks. Ein Beitrag zur stilkritischen
            Analyse","Erich Kapst",author
1969,"F 61","Marin Marais. Pieces de Viole (Bde I-V, incl. B.C: Bde)","Erwin Kestner",author
1969,"F 62","Idealbildung durch Musik als ein Faktor bei der Herausbildung der Persönlichkeit im
            Pubertätsalter","Erika Kießling",author
1969,"F 63","Das Musiktheater Carl Orffs. Untersuchungen zu einem bürgerlichen Kunstwerk","Udo Klement",author
1969,"F 64","Faktorenanalytische Typenbestimmung an Volksmelodien. Versuch einer typologischen
            Ordnung altmärkischer Melodien - Sammlung Parisius, Stockmann u.a: mit Hilfe eines
            Rechenautomaten ZRA 1","Reiner Kluge",author
1969,"F 65","Untersuchungen zum sinfonischen Schaffen der jüngeren Komponistengeneration in der
            DDR","Eberhard Kneipel",author
1969,"F 66","Untersuchungen zur Systematik im Lehrgangsaufbau Musikhören des Musiklehrplanes der
            allgemein-bildenden Schule","Anita Kober",author
1969,"F 67","Der Einfluß der polnischen Musik auf die deutsche des heutigen Territoriums der DDR
            im 16. und 17. Jahrhundert","Klaus-Peter Koch",author
1969,"F 68","Untersuchungen zur deutschsprachigen szenischen Kantate für Kinder und Jugendliche in
            dem Zeitraum von 1945-1966","Klaus Köhler",author
1969,"F 69","Spezifische Gestaltungsprinzipien, der sozialistischen Vokalsinfonik","Siegfried Köhler",author
1969,"F 70","Musikpflege der Stadt Jena von 1750 bis zur Gegenwart","Rüdiger Kopczak",author
1969,"F 71","Die Bedeutung der Klavierimprovisation in der Musikerziehung der DDR. Ein Beitrag zur
            schöpferischen Gestaltung des Musikunterrichts und zur Entwicklung sozialistischer
            Erziehungspersönlichkeiten","Albrecht Krauß",author
1969,"F 72","Zur Interpretation und Rezeption der italienischen weltlichen mehrstimmigen
            Vokalmusik des 16. Jahrhunderts","Friedrich Kroll",author
1969,"F 73","Untersuchungen über die Struktur musikalischer Interessen bei Schülern der Klassen
            5-12 unserer sozialistischen Oberschule unter dem besonderen Aspekt des Anteils von
            Interessen für Tanz- und Unterhaltungsmusik","Lothar Kunze",author
1969,"F 74","Der Einfluß des Bewegungsvorganges beim Klavierspielen auf die Interpretation","Welitschka Lakowa",author
1969,"F 75","Das italienische Intermezzo in der Dresdener Opernpflege des 18. Jahrhunderts","Ortrun Landmann",author
1969,"F 76","Die Funktion des Akkordeons innerhalb der Musikkultur Deutschlands und die
            Entwicklung seiner Spieltechnik in der Zeit von 1918 bis zur Gegenwart, dargestellt an
            den wichtigsten Schulwerken und der Spielliteratur","Hans Luck",author
1969,"F 77","Systematische Untersuchungen zur Intonation der Streichquartettinstrumente","Rudolf Lüdeke",author
1969,"F 78","Die Beziehungen zwischen französischer Operette und deutschem Singspiel
            1750-1780","Jürgen Mainka",author
1969,"F 79","Johann Abraham Peter Schulz und die musikalische Entwicklung im Zeitalter von Sturm
            und Drang","Jürgen Mainka",author
1969,"F 80","Analyse einer musiksoziologischen Untersuchung","Wernfried Maltusch",author
1969,"F 80","Analyse einer musiksoziologischen Untersuchung","Roland Nauenburg",author
1969,"F 80","Analyse einer musiksoziologischen Untersuchung","Gudrun Drude",author
1969,"F 80","Analyse einer musiksoziologischen Untersuchung","Lilo Mühlberg",author
1969,"F 81","Das Verhältnis von auditiver und visueller Analyse beim Erfassen musikalisch
            gestalteter Zeitstrukturen","Klaus Mehner",author
1969,"F 82","Untersuchung des Singeprozesses bei Jugendlichen während der Mutation","Siegfried Mesek",author
1969,"F 83","Empirische Untersuchungen über die emotionale Wirkung von Musik verschiedener Epochen
            auf Kinder und Jugendliche","Paul Michel",author
1969,"F 84","Untersuchungen zum Problem musikalischer Begabungsdiagnostik","Paul Michel",author
1969,"F 85","Psychologische Untersuchungen zum Entwicklungsniveau musikalischer Fähigkeiten bei
            Schuleintritt","Paul Michel",author
1969,"F 86","Der Hainbund und die Musik","Elisabeth Miller",author
1969,"F 87","Kuhnau - seine Klaviermusik. Ihre Vorbilder, ihre Nachwirkung","Wolfgang Miller",author
1969,"F 88","Tanzmusik und Pubertät","Norbert Molkenbur",author
1969,"F 89","Robert Schumanns künstlerische Entwicklung in seinem Liedschaffen","Eberhard Möller",author
1969,"F 90","Beiträge zur Musikgeschichte der Stadt Weißenfels im 19. Jahrhundert","Erdmuthe Müller",author
1969,"F 91","Der Wandel des Beethoven-Bildes und sein Niederschlag in der musikpädagogischen
            Literatur - Ein Beitrag zum Beethoven-Jahr 1970 - HabSchr., Halle. Beginn","Günther Müller",author
1969,"F 92","Darstellung des Lebensbildes und der schöpferischen Entwicklung von Kurt
            Schwaen","Ludwig Müller",author
1969,"F 93","Das Musikhören als Bestandteil des Musikunterrichts der allgemeinbildenden Schule in
            Geschichte und Gegenwart. Ein theoretisch-historischer Beitrag zur Niveaubestimmung des
            Musikhörens im Musikunterricht der allgemeinbildenden sozialistischen Schule","Walter Müller",author
1969,"F 94","Das Kantatenschaffen Johann Philipp Kriegers","Brigitte Nitzsche",author
1969,"F 95","Untersuchungen zur Musikgeschichte Meiningens","Hans Nolte",author
1969,"F 96","Die Streichquartette Dmitri Schostakowitschs","Ekkehard Ochs",author
1969,"F 97","Untersuchungen zur Entwicklung der musikalischen Erlebnisfähigkeit","Günter Olias",author
1969,"F 98","Die unveröffentlichten handschriftlichen Stimmbücher der Bibliothek der Thomaskirche
            zu Leipzig (Th.-K. Ms 49/50, Ms 51) aus der Mitte des 16. Jahrhunderts in der
            Universitätsbibliothek Leipzig. Ein Beitrag zur bibliographischen, buchkundlichen und
            musikhistorischen Erschließung älterer musikalischer Quellen","Wolfgang Orf",author
1969,"F 99","Johannes Weyrauch. Biographie und Untersuchungen über die Einflüsse traditioneller
            und zeitgenössischer Musik auf seinen Personalstil","Wolfgang Orf",author
1969,"F 100","Einstellungsstereotype bei der Rezeption von Tanzmusik und tanzmusikähnlicher Musik
            durch Jugendliche","Karl-Heinz Otte",author
1969,"F 101","Die Entwicklung des theoretisch-ästhetischen Denkens im Bereich der Berliner
            Musikkultur von den Anfängen der Aufklärung bis zu Reichardt und Zelter","Hans-Günter Ottenberg",author
1969,"F 102","Funktion und Formen des Tanzes zwischen 1800 und 1914: Studien zur Geschichte und
            Rezeption des Tanzes in Deutschland","Kurt Petermann",author
1969,"F 103","Untersuchungen zur Musikkultur Wernigerodes","Wolfgang Pilz",author
1969,"F 104","Untersuchungen zum kommunikativen Effekt im Liedgesang","Otto Preu",author
1969,"F 105","Charakteristik und Wirksamkeit der Prinzipien linearen Gestaltens - untersucht und
            dargestellt an Kompositionen von Fred Lohse","Siegfried Raschke",author
1969,"F 106","Zum Problem der Reprise - Untersuchungen zur Instrumentalmusik im ersten Jahrzehnt
            des. XX. Jahrhunderts in Österreich","Gerd Rienäcker",author
1969,"F 107","Das Klavierspiel und seine Lehre im deutschsprachigen musikalischen und pädagogischen
            Schrifttum des 18. Jahrhunderts. Beiträge zur Geschichte der musikalischen Bildung im
            Zeitalter der Aufklärung","Egon Rubisch",author
1969,"F 108","Die Geschichte der Musik der Stadt Eisenach in den Jahren 1750o bis 1850","Helmuth Rudloff",author
1969,"F 109","Entwicklung der russischen Klaviermusik von Glinka bis Rachmaninow","Christof Rüger",author
1969,"F 110","Untersuchungen über Stimmbereiche bei männlichen Jugendlichen","Bruno Salomon",author
1969,"F 111","Die Entwicklung des Jugendliedes seit 1945 im Gebiet der DDR","Klaus-Dieter Scharfenberg",author
1969,"F 112","Die Musikerziehung in Deutschland zwischen der Französischen Revolution von 1789 und
            der bürgerlich-demokratischen Revolution von 1848","Gerhard Schmidt",author
1969,"F 113","Robert Schumann und Heinrich Heine. Eine historisch-ästhetische Untersuchung anhand
            der Vertonungen mit Berücksichtigung einiger Probleme der Liedanalyse","Anneliese Schneider",author
1969,"F 114","Hans von Bülow - Pianist und Dirigent","Ernst Schneider",author
1969,"F 115","Das ""Yuemu cizi"" in seiner schlagrhythmischen und formstrukturellen
            Gestaltung","Gerd Schönfelder",author
1969,"F 116","Zur Qualitätsbewertung von Musikinstrumenten","Helmut Seidl",author
1969,"F 117",Händel-Forschung,"Walther Siegmund-Schultze",author
1969,"F 118","Untersuchungen zur Dialektik von Unterhaltung und Persönlichkeitsbildung in der
            sozialistischen Nationalkultur","Horst Slomma",author
1969,"F 119","Vertonungen gleicher Texte von Bertolt Brecht durch verschiedene Komponisten","Gerhard Stahlbaum",author
1969,"F 120","Das mitteldeutsche Singspiel in der zweiten Hälfte des 18. Jahrhunderts","Eberhard Steindorf",author
1969,"F 121","Die Musikpflege an der ehemaligen Fürstenschule St. Augustin zu Grimma","Wolfram Steude",author
1969,"F 122","Kommauntersuchungen beim zweistimmigen Singen mittels Zählröhrenmeßgerät","Martin Stiebritz",author
1969,"F 123","Interpretation Händelscher Opern 1918-1933","Stephan Stompor",author
1969,"F 124","Operninterpretation 1918-1933","Stephan Stompor",author
1969,"F 125","Die Sinfonien Sergej Prokofjews. Ein Beitrag zur Methodik der Analyse","Friedbert Streller",author
1969,"F 126","Die Klaviersonate von 1830-1850. Ein Beitrag zur Geschichte der Klaviersonate","Hanne-Dore Thäle",author
1969,"F 127","Untersuchungen zum Busoni-Bild anhand seines Nachlasses","Jutta Theurich",author
1969,"F 128","Die Ästhetik des Jugendliedes (1945-1970)","Gottwald Thielemann",author
1969,"F 129","Heinrich Sattler, ein Wegbereiter für die Entfaltung einer volkstümlichen
            Musikpflege. Ein Beitrag zur Landschaftsforschung im Bereich Vorderharz des 19.
            Jahrhunderts","Eitelfriedrich Thom",author
1969,"F 130","Der Arbeitergesang in Thüringen von seinen Anfängen bis zum Jahre 1914","Kurt Thomas",author
1969,"F 131","Untersuchungen zur Affekten-, Heuristik der Oper des 18. Jahrhunderts","Karl-Heinz Viertel",author
1969,"F 132","Beiträge zur Geschichte der Musik der Stadt Stendal","Hans-Hermann Voigt",author
1969,"F 133","Anteil und Funktion des musikalischen Erbes in den deutschen Musikschulwerken von
            1918-1968","Fritz Westien",author
1969,"F 134","Die Volksliedbegleitung auf der Gitarre (Laute) und das Lautenlied in der Zeit der
            deutschen Jugendbewegung (1900-1932)","Gerhard Willmitzer",author
1969,"F 135","Deutsche Neuausgabe der Händel-Biographie von Otto Erich Deutsch. Forschungsauftrag
            der Hallischen Händelgesellschaft. Abschluß","Hellmuth Christian Wolff",author
1969,"F 136","Möglichkeiten der Wiederbelebung der heiteren Oper des 18. Jahrhunderts","Karin Zauft",author
1969,"F 137","Die Solokonzerte vor. Dmitri Schostakowitsch","Carlferdinand Zech",author
1969,"F 138","Das Klavierwerk von Mendelssohn","Günter Zenner",author
1969,"F 139","Zur Herausgabe von musikalischen Denkmälern im 19. Jahrhundert","Frieder Zschoch",author
1970,1,"J. S. Bachs ""Clavier Übung. Dritter Theil"". Versuch einer Deutung","Christoph Albrecht",author
1970,2,"""... weil ich die Möglichkeiten der Tonalität noch nicht für erschöpft halte"" - Kurt
            Hessenberg: In: Credo musicale. Festgabe zum 80. Geburtstag von Rudolf
            Mauersberger","Christoph Albrecht",author
1970,3,"Bekenntnis zur Einheit des Glaubens - Günter Raphael: In: Credo musicale. Festgabe
            zum 80. Geburtstag von Rudolf Mauersberger","Hans-Heinrich Albrecht",author
1970,4,"Bachfest. - II. Internationales Bachfest Leipzig 17. bis 21. September 1970 in
            Verbindung mit dem 45. Bachfest","Werner Felix",contributor
1970,4,"Bachfest. - II. Internationales Bachfest Leipzig 17. bis 21. September 1970 in
            Verbindung mit dem 45. Bachfest"," Rat d. Stadt Leipzig",editor
1970,5,"Bach-Jahrbuch. Im Auftr. d. Neuen Bachges","Alfred Dürr",editor
1970,5,"Bach-Jahrbuch. Im Auftr. d. Neuen Bachges","Werner Neumann",editor
1970,6,"Einige Probleme der modernen Tanzmusik und ihre Behandlung im Musikunterricht","Fritz Bachmann",author
1970,7,"Die Beethoven-Sammlung in der Musikabteilung der Deutschen Staatsbibliothek.
            Verzeichnis. Autographe, Abschriften, Dokumente, Briefe. (Aufgen. u. zsgest. von Eveline
            Bartlitz.) - Berlin","Eveline Bartlitz",author
1970,8,"Actus musicus und Historie um 1700","Bernd Baselt",author
1970,9,"G. Ph. Telemann und das deutsche Singspiel","Bernd Baselt",author
1970,10,"Zum Typ der komischen Oper bei Georg Philipp Telemann","Bernd Baselt",author
1970,11,"Il Parnaso confuso (Part. m. Vorw. u. Krit.-Bericht.) - In: Gluck, Christoph
            Willibald: Sämtliche Werke III, Bd 25","Bernd Baselt",editor
1970,12,"Lebendige Aussage - Ernst Pepping: In: Credo musicale. Festgabe zum 80. Geburtstag
            von Rudolf Mauersberger","Lothar Baumgärtel",author
1970,13,"Beethoven. - Ludwig van Beethoven. Gesamtausgabe anläßl. d. Beethoven-Ehrung d.
            Deutschen Demokratischen Republik 1970. Verz. d. Veröff. bis 1970.","Hans Gunter Hoke",contributor
1970,14,"Beethoven. - Ludwig van Beethoven 1770-1827. Zum Beethoven-Jahr 1970","Walther Siegmund-Schultze",editor
1970,15,"Rezeptionskundliche Untersuchungen zur Einfühlungsästhetik bei Eduard von Hartmann,
            Theodor Lipps und Johannes Volkelt: Ein Beitrag zur Rezeption","Fritz Beinroth",author
1970,16,"Bericht über den Internationalen Musikwissenschaftlichen Kongreß Leipzig 1966","Carl Dahlhaus",editor
1970,16,"Bericht über den Internationalen Musikwissenschaftlichen Kongreß Leipzig 1966","Reiner Kluge",editor
1970,16,"Bericht über den Internationalen Musikwissenschaftlichen Kongreß Leipzig 1966","Ernst Hermann Meyer",editor
1970,16,"Bericht über den Internationalen Musikwissenschaftlichen Kongreß Leipzig 1966","Walter Wiora",editor
1970,17,"IV. Werkstattwoche der FDJ-Singeklubs","Horst Berner",author
1970,18,"Gockeltango und Bocksgalopp. ""Katz und Kätzchen"" von Schmidt/Tiefensee in
            Halberstadt","Horst Berner",author
1970,19,"Der Ausdruck der Individualität in der Musik: In: Musa-Mens-Musici. Im Gedenken an
            Walther Vetter","Heinrich Besseler",author
1970,20,"Die Sonate in G-Dur op. 78 von Johannes Brahms - ein Beitrag zum Verhältnis zwischen
            musikalischer Struktur und gedanklicher Konzeption bei Brahms","Jürgen Beythien",author
1970,21,"Neue Werke unserer Komponisten. Siegfried Matthus","Hans Böhm",author
1970,22,"Neue Werke unserer Komponisten. Heinz Röttger: Konzert für Kontrabass","Hans Böhm",author
1970,23,"Neue Werke unserer Komponisten. Johannes Paul Thilman: Orpheus","Hans Böhm",author
1970,24,"Neue Werke unserer Komponisten. Siegfried Kurz: Sonatine für Orchester","Hans Böhm",author
1970,25,"Neue Werke unserer Komponisten. Manfred Weiss: Suite für Orchester","Hans Böhm",author
1970,26,"Neue Werke unserer Komponisten. Siegfried Kurz: Musik für Blechbläser, Pauken und
            Streicher","Hans Böhm",author
1970,27,"Neue Werke unserer Komponisten. Johannes Paul Thilman: Kassation für
            Orchester","Hans Böhm",author
1970,28,"Leonore oder Die Gattenliebe","Jean Nicolas Bouilly",author
1970,29,"In der Tradition zum Aufbruch - Siegfried Reda: In: Credo musicale. Festgabe zum 80.
            Geburtstag von Rudolf Mauersberger","Volker Bräutigam",author
1970,30,"Die musikästhetischen Anschauungen Eduard Hanslicks und ihre Gültigkeit in der
            Gegenwart","Dieter Breitkreutz",author
1970,31,"Musikerziehung im Sendeprogramm des Berliner Rundfunks","Dietrich Brennecke",author
1970,32,"Musik - Lehrbuch für die Klassen 7 u. 8","Hella Brock",author
1970,32,"Musik - Lehrbuch für die Klassen 7 u. 8","Herbert Zimpel",author
1970,33,"Unterrichtshilfen Musik 7. u. 8. Klasse","Hella Brock",author
1970,33,"Unterrichtshilfen Musik 7. u. 8. Klasse","Herbert Zimpel",author
1970,34,"Zur Behandlung von O. Gersters ""Festouvertüre 1948"" in der 8. Klasse","Hella Brock",author
1970,35,"Ludwig van Beethoven - Würdigung seines Lebens und Schaffens in Schulfeiern","Hella Brock",author
1970,36,"Das Freundliche - ein Wesenszug unserer Musik. Zum Violinkonzert Paul
            Kurzbachs","Hella Brock",author
1970,37,"Fortschritt und Avantgardismus in der Musik","Heinz Alfred Brockhaus",author
1970,38,"Probleme der Realismustheorie. Arbeitsmaterial zur Diskussion über aktuelle Probleme
            d. Theorie d. Sozialist. Realismus auf d. Gebiete d. Musik: In: Probleme der
            Realismustheorie","Heinz Alfred Brockhaus",author
1970,39,"Probleme des Kategoriensystems","Heinz Alfred Brockhaus",author
1970,40,"Unter anderem - Beethoven. Internationaler musikwissenschaftlicher Kongreß in Bonn
            1970","Heinz Alfred Brockhaus",author
1970,40,"Unter anderem - Beethoven. Internationaler musikwissenschaftlicher Kongreß in Bonn
            1970","Peter Czerny",author
1970,41,"Beiträge zur Musikgeschichte der Stadt Wismar von der Stadtgründung bis 1700","Burkhard Busse",author
1970,42,"Beethovens Righinivariationen","Hans Clauß",author
1970,43,"Zur wissenschaftlichen Grundlegung der Musikerziehung","Walter Clemens",author
1970,44,"Blüh auf, gefrorner Christ! - Joseph Haas: In: Credo musicale. Festgabe zum 80.
            Geburtstag von Rudolf Mauersberger","Herbert Collum",author
1970,45,"Credo musicale. Komponistenportr. aus Programmen d. Dresdner Kreuzchores. Festgabe
            zum 80. Geburtstag von Rudolf Mauersberger","Ulrich von Brück",editor
1970,46,"Unter anderem - Beethoven. Internationaler musikwissenschaftlicher Kongreß in Bonn
            1970","Peter Czerny",author
1970,46,"Unter anderem - Beethoven. Internationaler musikwissenschaftlicher Kongreß in Bonn
            1970","Heinz Alfred Brockhaus",author
1970,47,"Johann Sebastian Bachs ideal organ","Ulrich Dähnert",author
1970,47,"Johann Sebastian Bachs ideal organ","Peter Williams",author
1970,48,"Mythos-Melos-Musica. Betrachtungen zu einem Buchtitel: In: Musa - Mens - Musici. Im
            Gedenken an Walther Vetter","Max Dehnert",author
1970,49,"Deutsches Jahrbuch der Musikwissenschaft für 1968","Rudolf Eller",editor
1970,50,"Deutsches Jahrbuch der Musikwissenschaft für 1969","Rudolf Eller",editor
1970,51,"Telemann der ""Vielschreiber""","Rudolf Eller",author
1970,52,"Der Begriff des maqām in Ägypten in neuerer Zeit","Jürgen Elsner",author
1970,53,"Zum Problem des Maqām","Jürgen Elsner",author
1970,54,"Einiges zur Entwicklung Hanns Eislers in den 20er Jahren: In: Sammelbände zur
            Musikgeschichte der Deutschen Demokratischen Republik. Bd 1","Jürgen Elsner",author
1970,55,"Ernst Busch und die Musik. (Zu seinem 70. Geburtstag am 22. Januar)","Jürgen Elsner",author
1970,56,"Hegel und Vischer über Gegenstand, Inhalt und Form in der Musik","Mechthild Elßner",author
1970,57,"Die wissenschaftsgeschichtliche und philosophische Position von Erich M. von
            Hornbostel","Veit Ernst",author
1970,58,"Zum Begriff der Tonalität","Veit Ernst",author
1970,59,"Liebeslieder. Paul Kurzbach, Karl-Rudi Griesbach, Fidelio F. Finke, Johannes Paul
            Thilman, Siegfried Matthus. (Schallplattentextheft)","Werner Felix",author
1970,60,"Musiktheater. Beiträge zur Methodik und zu Inszenierungs-Konzeptionen","Walter Felsenstein",author
1970,60,"Musiktheater. Beiträge zur Methodik und zu Inszenierungs-Konzeptionen","Götz Friedrich",author
1970,60,"Musiktheater. Beiträge zur Methodik und zu Inszenierungs-Konzeptionen","Joachim Herz",author
1970,60,"Musiktheater. Beiträge zur Methodik und zu Inszenierungs-Konzeptionen","Stephan Stompor",editor
1970,61,"Evangelische Kirchenmusik im Aufbruch: Hugo Distler - In: Credo musicale. Festgabe
            zum 80. Geburtstag von Rudolf Mauersberger","Kurt Flämig",author
1970,62,"Entwicklung und Stand der Magdeburger Telemannpflege. In","Günter Fleischhauer",author
1970,63,"Einige Gedanken zur Instrumentation Telemanns","Günter Fleischhauer",author
1970,64,"Zur Instrumentalmusik Telemanns","Günter Fleischhauer",author
1970,65,"4. Magdeburger Telemann-Festtage","Günter Fleischhauer",author
1970,66,"Sieben Sonaten für zwei Violinen und Basso continuo op. 5 (Part. m. Vorw.)","Siegfried Flesch",editor
1970,67,"Neun Sonaten für zwei Violinen und Basso continuo op. 2 (Part. m. Vorw.) - In:
            Hallische Händel-Ausgabe IV, Bd 10/1","Siegfried Flesch",editor
1970,68,"Aus den Erfahrungen lernen - auf die Zukunft vorbereiten","Siegfried Flügel",author
1970,68,"Aus den Erfahrungen lernen - auf die Zukunft vorbereiten","Heinz Witzke",author
1970,69,"Zur Entwicklung des neuen Lehrplanes für das Fach Musik","Siegfried Flügel",author
1970,69,"Zur Entwicklung des neuen Lehrplanes für das Fach Musik","Heinz Witzke",author
1970,70,"Johann Sebastian Bach und die deutsche Dichtung: In: Musa - Mens - Musici. Im
            Gedenken an Walther Vetter","Hans Franck",author
1970,71,"Die Aufgaben der Musikerziehung bei der Pflege und. Entwicklung revolutionärer
            Traditionen der Arbeiterklasse","Siegfried Freitag",author
1970,72,"Die Háry-János-Suite von Zoltán Kodály","Siegfried Freitag",author
1970,73,"Neue Werke unserer Komponisten. Hans-Georg Görner: Les mouvements","Karl-Heinz Friebel",author
1970,74,"Beiträge zur Interpretationsgeschichte der Klaviersonaten Ludwig van Beethovens. Bd
            1.2","Bärbel Friege",author
1970,75,"Musiktheater. Beiträge zur Methodik und zu Inszenierungs-Konzeptionen","Götz Friedrich",author
1970,75,"Musiktheater. Beiträge zur Methodik und zu Inszenierungs-Konzeptionen","Walter Felsenstein",author
1970,75,"Musiktheater. Beiträge zur Methodik und zu Inszenierungs-Konzeptionen","Joachim Herz",author
1970,75,"Musiktheater. Beiträge zur Methodik und zu Inszenierungs-Konzeptionen","Stephan Stompor",editor
1970,76,"Das Historische und das Konkrete. Ein Aufsatz von Götz Friedrich und ein
            Gespräch","Götz Friedrich",author
1970,76,"Das Historische und das Konkrete. Ein Aufsatz von Götz Friedrich und ein
            Gespräch","Horst Seeger",author
1970,77,"""Porgy und Bess"" an der Komischen Oper. Zur Inszenierungskonzeption","Götz Friedrich",author
1970,78,"Die Bedeutung der Pionier- und Jugendblasorchester in der DDR für die musikalische
            Bildung und Erziehung","Johannes Fritzsche",author
1970,79,"Zwischen großer Kirchenmusik und Gebrauchsmusik: Eberhard Wenzel - In: Credo
            musicale. Festgabe zum 80. Geburtstag von Rudolf Mauersberger","Herbert Gadsch",author
1970,80,"Zum Problem des sozialistischen Realismus im Schlager: In: Probleme der
            Realismustheorie","Caroline Gerlach",author
1970,81,"Untersuchungen über die Singefähigkeit hei Schulanfängern rum Zeitpunkt des
            Schulbeginns und über Möglichkeiten, die Singefähigkeit bei falschsingenden
            Schulanfängern zu entwickeln","Dietrich Gleß",author
1970,82,"Schein, ein hoher Mann, Schein, ein hoher Nam'!- Johann Hermann Schein: In: Credo
            musicale. Festgabe zum 80. Geburtstag von Rudolf Mauersberger","Ernst-Otto Göring",author
1970,83,"Ästhetische Erziehung - Persönlichkeitsund Bewußtseinsbildende Potenzen des
            Laienbühnentanzes -die ästhetische Erziehung der Tanzgruppenmitglieder","Jürgen Goewe",author
1970,84,"Um die Sache der Musik","Harry Gold Schmidt",author
1970,85,"Über die Einheit der vokalen und instrumentalen Sphäre in der klassischen
            Musik","Harry Goldschmidt",author
1970,86,"Zitat oder Parodie","Harry Goldschmidt",author
1970,87,"Film- und Bühnenmusik im sinfonischen Werk Hanns Eislers: In: Sammelbände zur
            Musikgeschichte der Deutschen Demokratischen Republik. Bd 1","Manfred Grabs",author
1970,88,"Thomas Mann musiziert: In: Musa-Mens-Musici. Im Gedenken an Walther Vetter","Hans Grandi",author
1970,89,"Die Unzulänglichkeit der systematisierten Dramaturgie. (Zum ""Entwurf eines Systems d.
            Wissenschaft vom musizierenden Theater"".)","Ernesto Grassi",author
1970,90,"Gedanken zur Perspektive der Pfeifenorgel und ihrer universellen und ökonomischen
            Gestaltung (gekürzt)","Frank-Harald Greß",author
1970,91,"Richard Münnich zum Gedenken","Helmut Großmann",author
1970,92,"Über die objektive Verlangsamung musikalischer Verläufe als Erscheinungsweise der
            historischen Entwicklung musikalischer Formen.","Hans Grüß",author
1970,93,". Die Wandlungen des musikalischen Hörens als Maßgabe der Interpretation","Peter Gülke",author
1970,94,"Introduktion als Widerspruch im System. Zur Dialektik von Thema und Prozessualität
            bei Beethoven","Peter Gülke",author
1970,95,"Kantabilität und thematische Abhandlung. Ein Beethovensches Problem und seine Lösung
            in den Jahren I806/I808","Peter Gülke",author
1970,96,"Heinrich Besseler zum Gedenken","Peter Gülke",author
1970,97,"Besseler, Heinrich","Peter Gülke",author
1970,98,"Der verdrängte Meyerbeer","Peter Gülke",author
1970,99,"Die Auswirkung der eigenen künstlerischen Betätigung auf die Formung der
            sozialistischen Persönlichkeit - dargestellt am Beispiel der Chorbewequng","Claus Haake",author
1970,100,"Vor neuen Aufgaben im Lenin-Jahr 1970","Claus Haake",author
1970,101,"""Das ist er!"" Rudolf Asmus - portraitiert","Manfred Haedler",author
1970,102,"Händelfestspiele. - 18. Händelfestspiele Halle (Saale) vom 7.-10. Juni 1969","Walther Siegmund-Schultze",editor
1970,103,"Händelfestspiele. - 19. Händelfestspiele Halle (Saale) 6.-9. Juni 1970","Walther Siegmund-Schultze",editor
1970,104,"Die Dresdner Philharmonie - Eine Chronik des Orchesters 1870-1970","Dieter Härtwig",author
1970,105,"Fidelio F. Finke - Entwicklung seines Schaffens: In: Sammelbände zur Musikgeschichte
            der Deutschen Demokratischen Republik. Bd 1","Dieter Härtwig",author
1970,106,"100 Jahre Dresdner Philharmonie","Dieter Hartwig",author
1970,107,"Melodische Tendenzen in Beethovens Eroica","Peter Hauschild",author
1970,108,"Zum Problem der Verständlichkeit: In: Probleme der Realismustheorie","Wolfram Heicking",author
1970,109,"Der Prozeß der Karin Lenz. Gespräch mit Günter Kochan über seine erste Oper","Betty Heiß",author
1970,110,"Die Bedeutung Johann Georg Pisendels für die deutsche Vivaldi-Rezeption","Karl Heller",author
1970,111,"Wolfgang Amadeus Mozart. Eine Biographie","Fritz Hennenberg",author
1970,112,"Paul Dessaus politische Chorkantaten 1944-1968: In: Sammelbände zur Musikgeschichte
            der Deutschen Demokratischen Republik. Bd 1","Fritz Hennenberg",author
1970,113,"Möglichkeiten und Grenzen der Programmierung des Musikunterrichts","Rainer Herberger",author
1970,114,"Ludwig van Beethovens Konversationshefte. Band 5, Hefte 49-60","Grita Herre",author
1970,114,"Ludwig van Beethovens Konversationshefte. Band 5, Hefte 49-60","Karl-Heinz Köhler",author
1970,114,"Ludwig van Beethovens Konversationshefte. Band 5, Hefte 49-60","Peter Pötschner",contributor
1970,115,"Zum 75. Geburtstag von Johann Nepomuk David","Ursula Herrmann",author
1970,116,"Johann Nepomuk David zu seinem 75. Geburtstag","Ursula Herrmann",author
1970,117,"Musiktheater. Beiträge zur Methodik und zu Inszenierungs-Konzeptionen","Joachim Herz",author
1970,117,"Musiktheater. Beiträge zur Methodik und zu Inszenierungs-Konzeptionen","Walter Felsenstein",author
1970,117,"Musiktheater. Beiträge zur Methodik und zu Inszenierungs-Konzeptionen","Götz Friedrich",author
1970,117,"Musiktheater. Beiträge zur Methodik und zu Inszenierungs-Konzeptionen","Stephan Stompor",editor
1970,118,"Johanna 70. Bemerkungen zu Tschaikowskis Oper ""Die Jungfrau von Orleans""","Joachim Herz",author
1970,119,"Zur Bedeutung der synästhetischen Wahrnehmung kosmischer Lichterscheinungen für den
            altindischen Klangzauber","Herbert Heyde",author
1970,120,"Wege zur effektiven Gestaltung des Musikunterrichts auf dem Gebiet des Musikhörens
            unter besonderer Berücksichtigung der schöpferischen Arbeit der Schüler","Erhard Hienzsch",author
1970,121,"Musiklehre und Musikleben an der Universität Rostock von ihrer Gründung 1419 bis zum
            Ende des 18. Jahrhunderts","Alfred Hingst",author
1970,122,"Georg Philipp Telemann und seine Schüler","Wolf Hobohm",author
1970,123,"Zwei Kondolenzschreiben zum Tode G. Ph. Telemanns","Wolf Hobohm",author
1970,124,"Zum Stil einiger Jugendwerke Telemanns","Wolf Hobohm",author
1970,125,"Zur Entwicklung des Intonationsgehörs im Bereich der Mehrstimmigkeit","Lothar Höchel",author
1970,126,"Untersuchungen zur Singebewegung: In: Sammelbände zur Musikgeschichte der Deutschen
            Demokratischen Republik. Bd 1","Winfried Hoffmann",author
1970,127,"Musikerziehung und Singebewegung - ""Das Volkslied in der Singebewegung""","Dorothea Hoffmann",author
1970,128,"Vorläufiges Verzeichnis der Kompositionen von Rudolf Wagner-Régeny. (Hrsg. von d. Dt.
            Akad. d. Künste zu Berlin, Sekt. Musik. Zsgest. von Günter Hofmeyer. Stand vom 1. Aug.
            1968.) - Berlin"," Dt. Akad. d. Künste zu Berlin, Sekt. Musik",editor
1970,128,"Vorläufiges Verzeichnis der Kompositionen von Rudolf Wagner-Régeny. (Hrsg. von d. Dt.
            Akad. d. Künste zu Berlin, Sekt. Musik. Zsgest. von Günter Hofmeyer. Stand vom 1. Aug.
            1968.) - Berlin","Günter Hofmeyer",contributor
1970,129,"Bibliographisches Verzeichnis der Kompositionen von Erwin Schulhoff."," Tschechoslowak. Akad. d. Wiss., Inst. f. Musikwiss.",editor
1970,129,"Bibliographisches Verzeichnis der Kompositionen von Erwin Schulhoff."," Dt. Akad. d. Künste zu Berlin, Sekt. Musik",editor
1970,129,"Bibliographisches Verzeichnis der Kompositionen von Erwin Schulhoff.","Günter Hofmeyer",contributor
1970,129,"Bibliographisches Verzeichnis der Kompositionen von Erwin Schulhoff.","Vlastimil Musil",contributor
1970,130,"Überlegungen zu einer Theorie der Musikwissenschaft","Hans Gunter Hoke",author
1970,131,"Christian Gottlob Saupe, Leben und Werk","Walter Hüttel",author
1970,132,"Anacker, August Ferdinand","Walter Hüttel",author
1970,133,"Bärmig, Johann Gotthilf","Walter Hüttel",author
1970,134,"Barth, Christian Samuel","Walter Hüttel",author
1970,135,"Barth, Friedrich August Wilhelm","Walter Hüttel",author
1970,136,"Zur Aufführung der Oper ""Lanzelot"" von Paul Dessau","Hans-Jochen Irmer",author
1970,137,"Biograph. Lichtbildreihen in der Musikerziehung dargestellt an Lichtbildreihen über
            Komponisten der Deutschen Demokratischen Republik","Hannelore Iske",author
1970,138,"Jahrbuch der Komischen Oper X. Spielzeit 1969/70"," Dramaturg. Abt. d. Komischen Oper Berlin",editor
1970,138,"Jahrbuch der Komischen Oper X. Spielzeit 1969/70","Horst Seeger",contributor
1970,139,"Die griechische Musikerziehuna während des Hellenismus und der Kaiserzeit: In:
            Musa-Mens-Musici. Im Gedenken an Walther Vetter","Hans John",author
1970,140,"Formerfassung und Atmung beim Klavierspiel. Erläutert an der c-Moll-Phantasie von
            Bach: In: Musa-Mens-Musici. Im Gedenken an Walther Vetter","Kurt Johnen",author
1970,141,"Telemann und die Mizlerscher ""Societät"" der musikalischen Wissenschaften","Hans Rudolf Jung",author
1970,142,"Lenins Lehre von den zwei Kulturen in einer bürgerlichen Nation","Werner Kaden",author
1970,143,"Stilkriterien der polymodal-chromatischen Gestaltungsweise im Werk Béla
            Bartóks","Erich Kapst",author
1970,144,"Bartóks Anmerkungen zum ""Mikrokosmos""","Erich Kapst",author
1970,145,"Händel in unserer Praxis. Bem. zur ""Deidamia"" - Neufassung","Wolfgang Kersten",author
1970,145,"Händel in unserer Praxis. Bem. zur ""Deidamia"" - Neufassung","Waltraut Lewin",author
1970,146,"Der Amateurkomponist und seine Aufgaben: Zehn Jahre Zirkel komponierender
            Arbeiter","Karl Kleinig",author
1970,147,"Carl Orff und seine Grenzen","Udo Klement",author
1970,148,"Carl Orff und Hans Werner Henze auf den Bühnen der DDR. Probleme d. Bündnispolitik
            mit bürgerlich-humanist. Komponisten d. Bundesrepublik","Udo Klement",author
1970,148,"Carl Orff und Hans Werner Henze auf den Bühnen der DDR. Probleme d. Bündnispolitik
            mit bürgerlich-humanist. Komponisten d. Bundesrepublik","Werner Wolf",author
1970,149,"Schindler, Anton: Biographie von Ludwig van Beethoven","Eberhardt Klemm",editor
1970,150,"Volksliedanalyse und -Systematisierung mit Hilfe eines Rechenautomaten","Reiner Kluge",author
1970,151,Epochenstil,"Georg Knepler",author
1970,152,"Zu Beethovens Wahl von Werkgattungen","Georg Knepler",author
1970,153,"Über Wechselbeziehungen der Künste in der Massenkommunikation: In: Probleme der
            Realismustheorie","Georg Knepler",author
1970,154,"Der polnische Tanz in deutschen Sammlungen des 16. und 17. Jahrhunderts. Ein Beitrag
            zu den polnisch-deutschen Musikbeziehungen","Klaus-Peter Koch",author
1970,155,"Ludwig van Beethovens Konversationshefte. Band 5, Hefte 49-60","Karl-Heinz Köhler",author
1970,155,"Ludwig van Beethovens Konversationshefte. Band 5, Hefte 49-60","Grita Herre",author
1970,155,"Ludwig van Beethovens Konversationshefte. Band 5, Hefte 49-60","Peter Pötschner",contributor
1970,156,"Beethovens Gespräche. (Bibliographische Aspekte zur Edition der noch
            unveröffentlichten Konversationshefte)","Karl-Heinz Köhler",author
1970,157,"Musikbibliothek - Musikwissenschaft. Ein Grundriß ihrer Beziehungen: In: Musa - Mens
            - Musici. Im Gedenken an Walther Vetter","Karl-Heinz Köhler",author
1970,158,"Untersuchungen zur deutschsprachigen szenischen Kantate für Kinder und Jugendliche in
            dem Zeitraum von 1945-1966. Bd 1.2","Klaus Köhler",author
1970,159,"Konferenzbericht der 3. Magdeburger Telemann-Festtage vom 22. bis 26. Juni 1967.
            Georg Philipp Telemann. Ein bedeutender Meister d. Aufklärungsepoche","Günter Fleischhauer",contributor
1970,159,"Konferenzbericht der 3. Magdeburger Telemann-Festtage vom 22. bis 26. Juni 1967.
            Georg Philipp Telemann. Ein bedeutender Meister d. Aufklärungsepoche","Walther Siegmund-Schultze",contributor
1970,161,"Das mittelthüringische SiedlungsZentrum der Familien Bach und Wölcken: In:
            Musa-Mens-Musici. Im Gedenken an Walther Vetter","Günther Kraft",author
1970,162,"Originalausgaben und ältere Drucke der Werke Johann Sebastian Bachs in der
            Musikbibliothek der Stadt Leipzig","Peter Krause",author
1970,163,"Ein unbekanntes Zeugnis Johann Sebastian Bachs: In: Bach-Jahrbuch. Jg 56","Peter Krause",author
1970,164,"Autographe, Handschriften, Erstausgaben und Faksimiles der Werke Ludwig van
            Beethovens in der Musikbibliothek der Stadt Leipzig","Peter Krause",author
1970,164,"Autographe, Handschriften, Erstausgaben und Faksimiles der Werke Ludwig van
            Beethovens in der Musikbibliothek der Stadt Leipzig","Herta Schetelich",author
1970,165,"Zur Interpretation und Rezeption der italienischen weltlichen mehrstimmigen
            Vokalmusik des 16. Jahrhunderts. Bd 1.2","Friedrich Krell",author
1970,166,"Wegbereiter der katholischen Kirchenmusik - Giovanni Pierluigi da Palestrina: In:
            Credo musicale. Festgabe zum 80. Geburtstag von Rudolf Mauersberger","Alfred Kröhnert",author
1970,167,"Realismusproblem in der zeitgenössischen Oper: In: Probleme der
            Realismustheorie","Rainer Kunad",author
1970,168,"Ernst Hermann Meyer: Symphonie für Streicher (Hinweise für die Behandlung in Klasse
            12)","Thomas Kunath",author
1970,169,"""Aus Böhmens Hain und Flur"" - eine Sinfonische Dichtung von Bedrich Smetana (Hinweise
            zur Behandlung des Werkes im Musikunterricht der Erweiterten Oberschule, Klasse
            11)","Lothar Kunze",author
1970,170,"Primadonnenstück oder musikalisches Drama. Konflikt, Musik und Szene in Donizettis
            ""Lucia di Lammermoor""","Harry Kupfer",author
1970,170,"Primadonnenstück oder musikalisches Drama. Konflikt, Musik und Szene in Donizettis
            ""Lucia di Lammermoor""","Walter Rösler",author
1970,171,"Das realistische Händelbild","Hans-Joachim Kynaß",author
1970,172,"Das Arbeiterlied","Inge Hammel",author
1970,173,"Seid umschlungen Millionen, diesen Kuß der ganzen Welt. Zur Beethovenpflege durch die
            Arbeiterchöre","Inge Lammel",author
1970,174,"Lenin und das deutsche Arbeiterlied","Inge Lammel",author
1970,175,"Der Verband diskutiert. Sorge mit den Ansprüchen. Von einem Kolloquium zu
            ""Lanzelot""","Wolfgang Lange",author
1970,176,"Wesen und Wandel des philharmonischen Gedankens: In: Musa-Mens-Musici. Im Gedenken an
            Walther Vetter","Karl Laux",author
1970,177,Festrede,"Karl Laux",author
1970,178,"Gibt es Gesetzmäßigkeiten der Entstehung und Entwicklung nationaler
            Musikkulturen","Dieter Lehmann",author
1970,179,"Der Initiator der Volksliedsammlung Pratsch Nikolai Alexandrowitsch Lwow: In:
            Musa-Mens-Musici. Im Gedenken an Walther Vetter","Dieter Lehmann",author
1970,180,"Händel in unserer Praxis. Bem. zur ""Deidamia"" - Neufassung","Waltraut Lewin",author
1970,180,"Händel in unserer Praxis. Bem. zur ""Deidamia"" - Neufassung","Wolfgang Kersten",author
1970,181,"Zur komplexen Gestaltung des neuen Gegenstandes im Ensemble der Künste: In: Probleme
            der Realismustheorie","Eberhard Lippold",author
1970,182,"Einige Erfahrungen mit der ""opera buffa"" G. Ph. Telemanns","Dietrich H. Litt",author
1970,183,"G, Ph. Telemanns ""Singgedicht im Frühling"", Kantate ""Die Zeit"" und Chöre aus
            ""Kapitänsmusiken""","Willi Maertens",author
1970,184,"Georg Philipp Telemanns Hamburger ""Admiralitätsmusik"" 1723","Willi Maertens",author
1970,185,"Johann Abraham Peter Schulz und die musikalische Entwicklung im Zeitalter von Sturm
            und Drang","Jürgen Mainka",author
1970,186,"Frühe Analysen zweier Stücke aus dem Wohltemperierten Klavier: In: Musa-Mens-Musici.
            Im Gedenken an Walther Vetter","Jürgen Mainka",author
1970,187,"Das Weltbild des jungen Beethoven","Jürgen Mainka",author
1970,188,"Musikalische Klangaufnahme und musikalische Schriftzeichen. Zu Tradition und Notation
            in der Moderne","Jürgen Maninka",author
1970,189,"Parodie und Realistik im norddeutschen und dänischen Singspiel um 179o","Jürgen Mainka",author
1970,190,"Die formale Entwicklung des Duetts in den Frühopern Giuseppe Verdis","Wolfgang Marggraf",author
1970,191,"Béla Bartók - ein großer Humanist und Demokrat","Liesel Markowski",author
1970,192,"Musik und darstellende Kunst","Siegfried Matthus",author
1970,193,"Die Kategorie des musikalischen Materials in den ästhetischen Anschauungen Hanns
            Eislers. Zur Entwicklung der Theorie und Geschichte des sozialistischen Realismus im
            Bereich der marxistischen Musikästhetik","Günter Mayer",author
1970,194,"Neue Musik - Neue Aspekte der Analyse: In: Sammelbände zur Musikgeschichte der
            Deutschen Demokratischen Republik. Bd 1","Günter Mayer",author
1970,195,"Über die musikalische Integration des Dokumentarischen","Günter Mayer",author
1970,196,"Kommauntersuchungen beim einstimmigen begleiteten Singen","Klaus Mehner",author
1970,197,"Die Bedeutung der musikalischen Formungsprinzipien für die Werkbetrachtung im
            Musikunterricht","Klaus Mehner",author
1970,198,"Meyer. - Ernst Hermann Meyer","Karl Laux",contributor
1970,199,"Klangsinnlichkeit, Terzengesang und Kantilenenmelodik","Ernst Hermann Meyer",author
1970,200,"Über die wechselseitige Beziehung musikwissenschaftlicher und kompositorischer
            Tätigkeit","Ernst Hermann Meyer",author
1970,201,"Musa Mens Musici. Im Gedenken an Walther Vetter: In: Musa-Mens-Musici. Im Gedenken an
            Walther Vetter","Ernst Hermann Meyer",author
1970,202,"Ottmar Gerster zum Gedenken. In","Ernst Hermann Meyer",author
1970,203,"Beethoven and Freedom","Ernst Hermann Meyer",author
1970,204,"Musikpsychologische Untersuchungen über die optimale Entwicklung musikalischer
            Fähigkeiten in den ersten Lebensjahren","Paul Michel",author
1970,205,"Komponist und Hörer: In: Probleme der Realismustheorie","Paul Michel",author
1970,206,"Zum Systemcharakter der sozialistischen Musikerziehung","Paul Michel",author
1970,207,"Zu Grundfragen und Problemen der musikalischen Erziehung","Paul Michel",author
1970,208,"Auf dem Wege zur sozialistischen Musikhochschule","Paul Michel",author
1970,209,"Beethoven in unserer Zeit","Paul Michel",author
1970,210,"Die Bedeutung der Musikpsychologie für die Musikerziehung","Paul Michel",author
1970,210,"Die Bedeutung der Musikpsychologie für die Musikerziehung","Vaclav Holzknecht",editor
1970,210,"Die Bedeutung der Musikpsychologie für die Musikerziehung","Wladimir Pos",editor
1970,211,"Die musikalische Entwicklung vom Kindergarten- bis zum Jugendalter","Paul Michel",author
1970,212,"Die musikalische Entwicklung des Kindes im Säuglingsalter","Paul Michel",author
1970,213,"Zur Verbesserung der Ausbildung von Instrumental- und Gesangspädagogen","Paul Michel",author
1970,214,"Musikerziehung in der DDR","Paul Michel",author
1970,215,"Karl Marx und die Musik","Eberhard Möller",author
1970,216,"Zur Analyse und zur Behandlung des Liedes ""Die Moorsoldaten"" im
            Musikunterricht","Eberhard Möller",author
1970,216,"Zur Analyse und zur Behandlung des Liedes ""Die Moorsoldaten"" im
            Musikunterricht","Hans Fehske",author
1970,217,"Lenins Verhältnis zur Musik","Eberhard Möller",author
1970,218,"Der Gesellschafts- und Turniertanz . Kulturpolitisches Studienmaterial zu Ästhetik
            und Choreographie","Norbert Molkenbur",author
1970,219,"Tanz und Gesellschaft. Abriß der Geschichte des Tanzes","Norbert Molkenbur",author
1970,220,"Lexikon der Tanzkunst","Norbert Molkenbur",editor
1970,220,"Lexikon der Tanzkunst"," Kollektiv",editor
1970,221,"""Damit die Kunst zum Volk und das Volk zur Kunst kommen kann...""","Günther Müller",author
1970,222,"Hallesche Konzertplandiskussion Nr. 2","Hans-Peter Müller",author
1970,223,"Werkstattgespräch mit Gerhard Rosenfeld","Hans-Peter Müller",author
1970,224,"Neue Werke unserer Komponisten, Manfred Schubert: Capriccietti","Hans-Peter Müller",author
1970,225,"Zum fünften Male","Hans-Peter Müller",author
1970,226,"Neuntes Chorleiter-Seminar","Hans-Peter Müller",author
1970,227,"Lenin-Sinfonie - zweimal interpretiert. Schostakowitschs XII, Sinfonie in
            Schallplatten-Aufnahmen mit Jewgeni Mrawinski und Ogan Durjan","Hans-Peter Müller",author
1970,228,"Kurt Schwaen - Ein biographischer Abriß: In: Sammelbände zur Musikgeschichte der
            Deutschen Demokratischen Republik. Bd 1","Ludwig Müller",author
1970,229,"Musik und Geräusch im Hörspiel: In: Probleme der Realismustheorie","Tilo Müller-Medek",author
1970,230,"Musa - Mens - Musici. Im Gedenken an Walther Vetter"," Inst. für Musikwiss. d. Humboldt-Universität zu Berlin",editor
1970,230,"Musa - Mens - Musici. Im Gedenken an Walther Vetter","Heinz Wegener",contributor
1970,231,"Bibliographisches Verzeichnis der Kompositionen von Erwin Schulhoff","Vlastimil Musil",contributor
1970,231,"Bibliographisches Verzeichnis der Kompositionen von Erwin Schulhoff","Günter Hofmeyer",contributor
1970,231,"Bibliographisches Verzeichnis der Kompositionen von Erwin Schulhoff"," Tschechoslowak. Akad. d. Wiss., Inst. f. Musikwiss.",editor
1970,231,"Bibliographisches Verzeichnis der Kompositionen von Erwin Schulhoff"," Dt. Akad. d. Künste zu Berlin, Sekt. Musik",editor
1970,232,"Bach, Johann Sebastian: Gott ist mein König. Mühlhäuser Ratswechselkantate 1708. BWV
            71 (Faksimiledr.)","Werner Neumann",editor
1970,233,"Eine Leipziger Bach-Gedenkstätte. Über die Beziehungen der Familien Bach und Bose:
            In: Bach-Jahrbuch. Jg 56","Werner Neumann",author
1970,234,"Zur Frage instrumentaler Gestaltungsprinzipien im Vokalwerk Joh. Seb. Bachs","Werner Neumann",author
1970,235,"Einige neue Quellen zu Bachs Herausgabe eigener und zum Mitvertrieb fremder
            Werke","Werner Neumann",author
1970,236,"Mehrdimensionale Musikurteile in der soziologischen Forschung","Konrad Niemann",author
1970,237,"Soziologische Analyse der Musikgespräche 1966: In: Sammelbände zur Musikgeschichte
            der Deutschen Demokratischen Republik. Bd 1","Konrad Niemann",author
1970,238,"Ernst Hermann Meyer 65 Jahre","Konrad Niemann",author
1970,239,"Franz Schuberts ""Lazarus""-Fragment und seine Beziehung zur Textdichtung","Annemarie Niemeyer",author
1970,240,"Einige Gedanken zu Fragen des Heiteren in unserer Neuen Musik: In: Probleme der
            Realismustheorie","Dieter Nowka",author
1970,241,"Die Streichquartette Dmitri Schostakowitschs","Ekkehard Ochs",author
1970,242,"Neues zur Biographie von Johann Christoph Bach (geb. 1676)","Claus Oefner",author
1970,243,"Neues zur Lebens- und Familiengeschichte, Daniel Eberlins","Claus Oefner",author
1970,244,"Kirchenmusik und Jazz-Heinz Werner Zimmermann: In: Credo musicale, Festgabe zum 80.
            Geburtstag von Rudolf Mauersberger","Heinz-Georg Oertel",author
1970,245,"Das Bach- und Beethoven-Bild im literarischen und musikkritischen Schrifttum Wladimir
            Fjodorowitsch Odojewskis","Günter Olias",author
1970,246,"Zur Methodik der Werkbetrachtung im Fach Musik auf der Grundlage von Prinzipien der
            marxistisch-leninistischen Ästhetik","Günter Olias",author
1970,247,"Zur Geschichte der Erfurter Domorgeln","Siegfried Orth",author
1970,248,"Musik im Rundfunk","Karl-Heinz Otte",author
1970,249,"Sein Weg zum Thomaskantor - Johann Sebastian Bach: In: Credo musicale. Festgabe zum
            80. Geburtstag von Rudolf Mauersberger","Hans Otto",author
1970,250,"Aspekte zum Wissenschaftssystem. Ein Diskussionsbeitrag. (Zum ""Entwurf eines Systems
            d. Wissenschaft vom musizierenden Theater"".)","Hans-Gerald Otto",author
1970,251,"Zur Inszenierung (""Joe Hill"", Oper von A. Bush)","Hans-Gerald Otto",author
1970,252,"Jean Kurt Forest: Erstrebte Aktualität. Zu Jean Kurt Forests Oper ""Die Blumen von
            Hiroshima"" und ""Die Odyssee der Kiu""","Hans-Gerald Otto",author
1970,253,"Die Lehár-Legende. Bemerkungen zu einem Phänomen","Hans-Gerald Otto",author
1970,253,"Die Lehár-Legende. Bemerkungen zu einem Phänomen","Walter Rösler",author
1970,254,"Unbehagen ohne Alternative","Hans-Gerald Otto",author
1970,255,"""Doch liegt der Weg in unserer Hand."" Zu Götz Friedrichs Inszenierung von Gershwins
            ""Porgy und Bess"" an der Komischen Oper Berlin","Hans-Gerald Otto",author
1970,256,"Zwischen Historie und Theater. Einige Anmerkungen zum Standort der
            Händel-Opern-Interpretation","Hans-Gerald Otto",author
1970,257,"Ludwig van Beethoven","Richard Petzoldt",author
1970,258,"Zur sozialen Stellung Telemanns und seiner Zeitgenossen","Richard Petzoldt",author
1970,259,"Das Beethoven-Bild unserer Zeit","Richard Petzoldt",author
1970,260,"Ommia ad maiorem Del Gloriam - Anton Bruckner","Hans Pflugheil",author
1970,261,"Zur Interpretation Bachscher Werke auf dem Cembalo: In: Musa - Mens - Musici. Im
            Gedenken an Walther Vetter","Hans Pischner",author
1970,262,"Umfangs- und Strukturfragen in Beethovens Klaviersonaten","Hans Pollack",author
1970,263,"Die Analyse. Zur I. Sinfonie von Wolfgang Strauß","Max Pommer",author
1970,264,"Zu einigen philosophisch-weltanschaulichen Grundfragen der Theorie des
            sozialistischen Realismus: In: Probleme der Realismustheorie","Erwin Pracht",author
1970,265,"Probleme der Realismustheorie. Arbeitsmaterial zur Diskussion über aktuelle Probleme
            d. Theorie d. sozialistischen Realismus auf d. Gebiete d. Musik"," Hauptkommission Musikwiss. d. Verb. Dt. Komponisten u.
                    Musikwissenschaftler",editor
1970,266,"Die Stellung der Musik im wissenschaftlichen Bibliothekswesen Mecklenburgs, Bericht,
            gehalten auf dem ""Kolloquium zur Mecklenburgischen Musikgeschichte"" vom 16.-18. Mai
            1968","Viktor Werner Promnitz",author
1970,267,Festrede,"Werner Rackwitz",author
1970,268,"Ballett heute","Eberhard Rebling",author
1970,269,"20 Jahre Musikhochschule Berlin","Eberhard Rebling",author
1970,270,"Der Berliner Gassenhauer. Darstellung, Dokumente, Sammlung","Lukas Richter",author
1970,271,"Tanzstücke des Berliner Biedermeier-Folklore an der Wende zur
            Kommerzialisierung","Lukas Richter",author
1970,272,"Schönbergs Harmonielehre und die freie Atonalität","Lukas Richter",author
1970,273,"Schönbergs Harmonielehre und die ""freie Atonalität""","Lukas Richter",author
1970,274,"Uwagina temat fragmentu muzycznego z tragedii Eurypidesa ""Orestes""","Lukas Richter",author
1970,275,"Ernst Hermann Meyer - Sinfonie in B","Gerd Rienäcker",author
1970,276,"Probleme der Gestaltungsweise in der Sinfonie in B von Ernst Hermann Meyer: In:
            Probleme der Realismustheorie","Gerd Rienäcker",author
1970,277,"Probleme des Opernschaffens der DDR","Gerd Rienäcker",author
1970,278,"""Zur musikalischen Dramaturgie des Lanzelot""","Gerd Rienäcker",author
1970,279,"Der Dramaturg des Musiktheaters","Gerd Rienäcker",author
1970,279,"Der Dramaturg des Musiktheaters","Karl-Heinz Viertel",author
1970,280,"Primadonnenstück oder musikalisches Drama. Konflikt, Musik und Szene in Donizettis
            ""Lucia di Lammermoor""","Walter Rösler",author
1970,280,"Primadonnenstück oder musikalisches Drama. Konflikt, Musik und Szene in Donizettis
            ""Lucia di Lammermoor""","Harry Kupfer",author
1970,281,"Die Lehár-Legende. Bemerkungen zu einem Phänomen","Walter Rösler",author
1970,281,"Die Lehár-Legende. Bemerkungen zu einem Phänomen","Hans-Gerald Otto",author
1970,282,"Laudatio für einen Unermüdlichen. Alan Bush zum 70. Geburtstag","Walter Rösler",author
1970,283,"Neue Dokumente zur Schumann-Forschung aus dem Leipziger Stadtarchiv","Hans-Joachim Rothe",author
1970,284,"Prof. Dr. Georg Grosch im 75. Geburtstag","Hans-Joachim Rothe",author
1970,285,"Zum Wiener Beethoven-Symposion","Johanna Rudolph",author
1970,286,"Sammelbände zur Musikgeschichte der Deutschen Demokratischen Republik","Heinz Alfred Brockhaus",editor
1970,286,"Sammelbände zur Musikgeschichte der Deutschen Demokratischen Republik","Konrad Niemann",editor
1970,287,"Rolland, Romain: Beethoven - Von der Eroica zur Appassionata","Hansjürgen Schaefer",editor
1970,288,"Charakter oder Typ? Gedanken zu Problemen des zeitgenössischen Musiktheaters und der
            zeitgenössischen Operninterpretation","Hansjürgen Schaefer",author
1970,289,"Ein paar Anmerkungen und Fragen. (Zum ""Entwurf eines Systems der Wissenschaft vom
            musizierenden Theater"".)","Hansjürgen Schaefer",author
1970,290,"""Lanzelot"" von Paul Dessau","Hansjürgen Schaefer",author
1970,291,"Gesellschaft und Musik - hier und heute. Im Lenin-Monat: Bemerkungen zur Entwicklung
            unseres Musiklebens","Hansjürgen Schaefer",author
1970,292,"Prof. Dr. Harry Goldschmidt 60","Hansjürgen Schaefer",author
1970,293,"400 Jahre Staatskapelle Berlin","Hansjürgen Schaefer",author
1970,294,"Angst vor Beethoven","Hansjürgen Schaefer",author
1970,295,"Zeitgenosse unserer Epoche. Zum 200. Geburtstag Ludwig van Beethovens","Hansjürgen Schaefer",author
1970,296,"Liebeslieder auf die gute Erde. Ernst Hermann Meyer 65","Hansjürgen Schaefer",author
1970,297,"Sozialistische Musik und ihre Hörer","Hansjürgen Schaefer",author
1970,298,"Otto Reinhold - Triptychon für Orchester; Paul Kurzbach - Concertino für Klavier und
            Streicher. (Schallplattentextheft)","Hansjürgen Schaefer",author
1970,299,"Siegfried Matthus - Der letzte Schuß. (Schallplattentextheft)","Hansjürgen Schaefer",author
1970,300,"Ein Tag in unserer Stadt; Fünf Lieder aus dem Dreistrophenkalender von Georg Maurer;
            Karl-Heinz Pick - Du schwarze Erde","Hansjürgen Schaefer",author
1970,300,"Ein Tag in unserer Stadt; Fünf Lieder aus dem Dreistrophenkalender von Georg Maurer;
            Karl-Heinz Pick - Du schwarze Erde","Wolfgang Lesser",author
1970,301,"Autographe, Handschriften, Erstausgaben und Faksimiles der Werke Ludwig van
            Beethovens in der Musikbibliothek der Stadt Leipzig","Herta Schetelich",author
1970,301,"Autographe, Handschriften, Erstausgaben und Faksimiles der Werke Ludwig van
            Beethovens in der Musikbibliothek der Stadt Leipzig","Peter Krause",author
1970,302,"""Porgy und Bess” an der Komischen Oper. Probennotate zum Duett Porgy/Bess (5.
            Bild)","Klaus Schlegel",author
1970,303,"Johann Sebastian Bachs ""Actus tragicus"" (BWV 106). Ein Beitrag zu seiner
            Entstehungsgeschichte: In: Bach-Jahrbuch. Jg 56","Hermann Schmalfuß",author
1970,304,"""Ahnung einer neuen Weltordnung"" - Willy Burkhard: In: Credo musicale, Festgabe zum
            80. Geburtstag von Rudolf Mauersberger","Erich Schmidt",author
1970,305,"Die Begriffe Melodie, Harmonie und Rhythmus und ihre Beziehung zum menschlichen
            Erleben sowie zur akustischen Schwingung","Peter Schmiedel",author
1970,306,"Robert Schumann und Heinrich Heine. Eine historisch-ästhetische Untersuchung anhand
            der Vertonungen mit Berücksichtigung einiger Probleme der Liedanalyse","Anneliese Schneider",author
1970,307,"Günter Kochan - Zweite Sinfonie (1968) - Analyse: In: Sammelbände zur Musikgeschichte
            der Deutschen Demokratischen Republik. Bd 1","Frank Schneider",author
1970,308,"Günter Kochans Zweite Sinfonie - Fragen des Widerspiegelungsgehaltes: In: Probleme
            der Realismustheorie","Frank Schneider",author
1970,309,"Die Musikwissenschaft in der DDR","Frank Schneider",author
1970,310,"Zur Situation der jungen Komponisten in der DDR","Frank Schneider",author
1970,311,"Die Analyse: Gedanken zur 5. Sinfonie von Fritz Geißler","Frank Schneider",author
1970,312,"Neue Werke unserer Komponisten: Helge Jung, Concerto für 15 Streicher","Frank Schneider",author
1970,313,"""... und forme Menschen nach meinem Bild"". Das Prometheus-Thema bei Beethoven","Frank Schneider",author
1970,314,"Die melodische Gerüstgestalt des Örlhuang und ihre Realisation","Gerd Schönfelder",author
1970,315,"Zu einigen Fragen der Musikrezeption: In: Probleme der Realismustheorie","Gerd Schönfelder",author
1970,316,"Gleichklang der Ideen- und Gefühlswelt. Über Lenins Vorliebe für die Musik
            Beethovens","Gerd Schönfelder",author
1970,317,"Romantik in der Kirche? Johannes Brahms: In: Credo musicale. Festgabe zum 80.
            Geburtstag von Rudolf Mauersberger","Walter Schönheit",author
1970,318,"Welche Musikinstrumente gehören heute in ein Musikinstrumenten-Museum","Winfried Schrammek",author
1970,319,"IX. Tagung der ISME in Moskau 1970","Lothar Schubert",author
1970,320,"Beiträge zur Bach-Quellenforschung","Hans-Joachim Schulze",author
1970,321,"Zu einigen neuen Aufgaben der Musikschulen im Perspektivplanzeitraum","Helmut Schulze",author
1970,322,"Probleme der Aus- und Weiterbildung auf dem Gebiet der Musiktherapie","Christoph Schwabe",author
1970,323,"Neue Werke unserer Komponisten. Manfred Grabs: Sonatine für Streichorchester","Eckart Schwinger",author
1970,324,"Ernst Hermann Meyer - Streichquartett Nr. 3; Max Butting - Drei Sätze für Streichtrio
            op. 86. (Schallplattentextheft)","Eckart Schwinger",author
1970,325,"Das Historische und das Konkrete. Ein Aufsatz von Götz Friedrich u. ein
            Gespräch","Horst Seeger",author
1970,325,"Das Historische und das Konkrete. Ein Aufsatz von Götz Friedrich u. ein
            Gespräch","Götz Friedrich",author
1970,326,"Antwort an Ernesto Grassi. (Zum ""Entwurf eines Systems d. Wissenschaft vom
            musizierenden Theater"".) - In","Horst Seeger",author
1970,327,"Das sinfonische Schaffen Ernst Hermann Meyers: In: Sammelbände zur Musikgeschichte
            der Deutschen Demokratischen Republik. Bd 1","Walther Siegmund-Schultze",author
1970,328,"Probleme des historischen Musikverständnisses","Walther Siegmund-Schultze",author
1970,329,"Zu Fragen des sozialistischen Realismus in der Instrumentalmusik: In: Probleme der
            Realismustheorie","Walther Siegmund-Schultze",author
1970,330,"Der Musikdramatiker Händel","Walther Siegmund-Schultze",author
1970,331,"Georg Philipp Telemann, Meister kunstvoller Popularität","Walther Siegmund-Schultze",author
1970,332,"Ludwig van Beethoven - Kurzbiographie","Walther Siegmund-Schultze",author
1970,333,"Der Charakter Beethovenscher Musik","Walther Siegmund-Schultze",author
1970,334,"Schönheit und schöpferische Überlegung. Gerhard Wohlgemuth zum 50. Geburtstag","Walther Siegmund-Schultze",author
1970,335,"Woher stammt die Melodie zu “Als die Römer frech geworden"": In: Musa - Mens - Musici.
            Im Gedenken an Walther Vetter","Wolfgang Steinitz",author
1970,336,"Wegweiser in die Zukunft: Heinrich. Schütz","Wolfram Steude",author
1970,337,"Die Markuspassion der Leipziger Passionen-Handschrift des Johann Zacharias
            Grundig","Wolfram Steude",author
1970,338,"Johann Sebastian Bach und das Leipziger gottesdienstliche Leben seiner Zeit","Günter Stiller",author
1970,339,"Musik als kommunikatives System. Informations- und zeichentheoretische Aspekte
            insbesondere bei der Erforschung mündlich tradierter Musik","Doris Stockmann",author
1970,340,"Wandlungen des deutschen Volksgesanges vom 19. Jahrhundert bis zur Gegenwart: In:
            Musa - Mens - Musici, Im Gedenken an Walther Vetter","Doris Stockmann",author
1970,341,"Ansprache des Vorsitzenden des Ministerrates der Deutschen Demokratischen Republik
            und Vorsitzenden des Komitees für die Beethoven-Ehrung 1970 Willi Stoph anläßlich der
            Konstituierung des Komitees","Willi Stoph",author
1970,342,"Musikalische Sprachmittel in Werken der zeitgenössischen Musik (Bartók,
            Chatschaturjan)","Friedbert Streller",author
1970,343,"Komitas - Musikforscher und Patriot","Reiner Szeskus",author
1970,344,"Musikerziehung und Singebewegung","Reinhard Szeskus",author
1970,345,"Hugo-Riemann-Konferenz = Ehrung des Forschers.","Rainer Szeskus",author
1970,346,"4. Magdeburger Telemann-Festtage vom 29. bis 31. Mai 1970"," Rat d. Stadt Magdeburg",editor
1970,346,"4. Magdeburger Telemann-Festtage vom 29. bis 31. Mai 1970"," Arbeitskreis ""Georg Philipp Telemann"" Magdeburg im Kulturbund d.
                    DDR",editor
1970,346,"4. Magdeburger Telemann-Festtage vom 29. bis 31. Mai 1970","Wolf Hobohm",contributor
1970,347,"Die Arbeiten am RISM in der Deutschen Demokratischen Republik","Jutta Theurich",author
1970,348,"Musikbibliothekare aus aller Welt in Leipzig. Jahrestagung der AIBM","Jutta Theurich",author
1970,349,"Musikbibliotheken und Musikaliensammlungen in der DDR. (Führer)","Jutta Theurich",author
1970,349,"Musikbibliotheken und Musikaliensammlungen in der DDR. (Führer)","Rose Hebenstreit",author
1970,349,"Musikbibliotheken und Musikaliensammlungen in der DDR. (Führer)","Peter Thüringer",author
1970,350,"Ottmar Gerster - Festouvertüre 1948, Oberhessische Bauerntänze; Sinfonie Nr. 2
            (Thüringische). (Schallplattentextheft)","Hans-Georg Uszkoreit",author
1970,351,"""Singend sprechen"" - Zur Aufführungspraxis von Opern des 18. Jahrhunderts","Karl-Heinz Viertel",author
1970,352,"Der Dramaturg des Musiktheaters","Karl-Heinz Viertel",author
1970,352,"Der Dramaturg des Musiktheaters","Gerd Rienäcker",author
1970,353,"Armin Knab und Wilhelm Weismann in ihrem Briefwechsel (geschr. 1961): In:
            Musa-Mens-Musici. Im Gedenken an Walther Vetter","Heinz Wegener",author
1970,354,"Zum Terminus 'Thema' in der Musik-und Sprachforschung der Gegenwart","Martin Wehnert",author
1970,355,"Zur Ästhetik der motivisch-thematischen Gestaltung der Sinfonietta von Leoš
            Janáček","Martin Wehnert",author
1970,356,"Neue Werke unserer Komponisten, Dieter Nowka: ""Fernstraße 5""","Erich Wiencke",author
1970,357,"Die Volksliedbegleitung auf der Gitarre (Laute) und das Lautenlied in der Zeit der
            deutschen Jugendbewegung (1900-1932). Bd 1.2","Gerhard Willmitzer",author
1970,358,"Richard Wagner - Sämtliche Briefe. Bd 2","Werner Wolf",editor
1970,358,"Richard Wagner - Sämtliche Briefe. Bd 2","Gertrud Strobel",editor
1970,359,"II, Internationales Bachfest in Leipzig","Werner Wolf",author
1970,360,"Carl Orff und Hans Werner Henze auf den Bühnen der DDR. Probleme d. Bündnispolitik
            mit bürgerlich-humanist. Komponisten d. Bundesrepublik","Werner Wolf",author
1970,360,"Carl Orff und Hans Werner Henze auf den Bühnen der DDR. Probleme d. Bündnispolitik
            mit bürgerlich-humanist. Komponisten d. Bundesrepublik","Udo Klement",author
1970,361,"Das Mendelssohn-Bild in Vergangenheit und Gegenwart: In: Musa - Mens - Musici. Im
            Gedenken an Walther Vetter","Hellmuth Christian Wolff",author
1970,362,"Das Tempo bei Telemann","Hellmuth Christian Wolff",author
1970,363,"Die Geschichte der Musikwissenschaft an den Universitäten Leipzig und Berlin","Hellmuth Christian Wolff",author
1970,364,"The Fairy-Tale of the Neapolitan Opera: In: Studies in Eighteenth-Century Music. Karl
            Geiringer-Festschrift","Hellmuth Christian Wolff",author
1970,365,"Zur Interpretation der Beethovenschen Klaviersonaten: In: Beethoven, - Ludwig van
            Beethoven 1770-1827","Dieter Zechlin",author
1970,366,"Musik - Lehrbuch für die Klassen 7 u. 8","Herbert Zimpel",author
1970,366,"Musik - Lehrbuch für die Klassen 7 u. 8","Hella Brock",author
1970,367,"Unterrichtshilfen Musik 7. u. 8. Klasse","Herbert Zimpel",author
1970,367,"Unterrichtshilfen Musik 7. u. 8. Klasse","Hella Brock",author
1970,368,"Franz Liszts Klavierkonzert Nr. 1, Es-Dur, im Musikunterricht der 11. Klasse","Herbert Zimpel",author
1970,"F 1","Die historischen Theaterzettelsammlungen in der DDR und ihre musikwissenschaftlichen
            Aspekte","Peter Ahnsehl",author
1970,"F 2","Zu einigen Problemen des Verhältnisses von Ideologie und Oper","Wilhelm Baethge",author
1970,"F 3","Rezeptionskundliche Untersuchungen der Einfühlungsästhetik bei Lipps, Hartmann und
            Volkelt","Fritz Beinroth",author
1970,"F 4","Die Bedeutung des Davidsbündlerkreises für die Musikanschauung und die
            Musikgeschichte des 19. Jahrhunderts","Johannes Besser",author
1970,"F 5","Struktur und Wirkung des Instrumentalkonzertes in der DDR 1945 bis 1969","Jürgen Beythien",author
1970,"F 6","Untersuchungen über den Leistungsstand der Studierenden im Fach Sprecherziehung von
            der Aufnahme bis zur Abschlußprüfung","Barbara Bley",author
1970,"F 7","Clara Schumann - Mensch und Künstlerin in ihrer Zeit (Arbeitstitel)","Renate Bormann",author
1970,"F 8","Das Lebenswerk Max Buttinqs,-Forschungsauftrag der Dt, Akademie d, Künste und Diss.,
            Berlin. Abschluß","Dietrich Brennecke",author
1970,"F 9","Beiträge zur Musikgeschichte der Stadt Wismar von der Stadtgründung bis 1700","Burkhard Busse",author
1970,"F 10","Orgel-Inventar des Denkmalbezirks Erfurt","Ulrich Dähnert",author
1970,"F 11","Orgel-Inventar des Denkmalbezirkes Dresden","Ulrich Dähnert",author
1970,"F 12","Funktion der Zeitschrift ""Musik in der Schule"" bei der Verwirklichung der Bildungs-
            und Erziehungsziele der sozialistischen Schule in der Deutschen Demokratischen
            Republik","Günther Diezel",author
1970,"F 13","Die Wandlung der Klavierkunst zur Mitte des 18. Jahrhunderts, insbesondere die
            Stileigenschaften der Klaviermusik in der Zeit des Nebeneinanderbestehens von
            Clavichord, Cembalo und Hammerflügel","Claus Dittmann",author
1970,"F 14","Akustische Untersuchungen der Vibration bei Gesangsstimmen und ihre Bedeutung für den
            Informationswert beim Musikhören","Paul Wilhelm Donath",author
1970,"F 15","Die Instrumentalmusik in der deutschen Arbeiterbewegung vor 1933","Traude Ebert-Obermeier",author
1970,"F 16","Kritische Betrachtung der Harmoniksysteme von Moritz Hauptmann und Arthur von
            Oettingen","Günther Eisenhardt",author
1970,"F 17",Bach-Forschung,"Rudolf Eller",author
1970,"F 18",Vivaldi-Forschung,"Rudolf Eller",author
1970,"F 19","Mecklenburgische Regional - Musikgeschichtsforschung","Rudolf Eller",author
1970,"F 19","Mecklenburgische Regional - Musikgeschichtsforschung","Karl Heller",author
1970,"F 20","Arabische Musik","Jürgen Elsner",author
1970,"F 21","Der Begriff des maqām in Ägypten in neuerer Zeit","Jürgen Elsner",author
1970,"F 22","Die wissenschaftsgeschichtliche und philosophische Position von Erich M. von
            Hornbostel","Veit Ernst",author
1970,"F 23","Studien zum Musikleben der Römer","Günter Fleischhauer",author
1970,"F 24","G. F. Händels Triosonaten op. 2.","Siegfried Flesch",author
1970,"F 25","Die Sonatenform im Schaffen Bela Bartóks","Johannes Forner",author
1970,"F 26","Der Versuch eines wissenschaftlich fundierten Systems der Musikerziehung durch
            Richard Kaden (1856-1923) und die daraus entspringenden progressiven Traditionslinien
            zur sozialistischen Musikerziehung","Siegfried Freitag",author
1970,"F 27","Rezeptionskundliche Untersuchungen über die ideelle Programmatik in der Sinfonik bei
            Schostakowitsch","Evelin Fresenius",author
1970,"F 28","Der Marsch im Schaffen Schumanns","Ulrich Frick",author
1970,"F 29","Beiträge zur Interpretationsgeschichte der Klaviersonaten Beethovens","Barbara Friege",author
1970,"F 30","Die Bedeutung der Pionier-und Jugendblasorchester in der DDR für die musikalische
            Bildung und Erziehung","Johannes Fritzsche",author
1970,"F 31","Zur Ausbildung von Lehrern für den Unterricht im Fach Gesang/Musik an
            allgemeinbildenden Schulen in Deutschland seit 1900","Wolfgang Frohberg",author
1970,"F 32","Das Cembalo in der Musik des 2o. Jahrhunderts","Eberhard Geiler",author
1970,"F 33","Psychologische und ästhetische Untersuchungen über Entwicklung und Stand der
            Gefühlstheorie als Voraussetzung für die Anwendung in der musikalischen
            Rezeption","William Geißler",author
1970,"F 34","Untersuchungen zum Schlager in der DDR: Funktion - Spezifik - Wertkriterien","Caroline Gerlach",author
1970,"F 35","Untersuchungen über die Singefähigkeit hei Schulanfängern zum Zeitpunkt des
            Schulbeginns und über die Möglichkeiten, die Singefähigkeit bei stimmunsicheren und
            falschsingenden Schulanfängern zu entwickeln","Dietrich Gleß",author
1970,"F 36","Untersuchungen zum Intensitätsvibrato der Sängerstimme","Wolfgang Goldhan",author
1970,"F 37","Dialektische Methoden der musikalischen Inhalts-Erforschung (Syntaktisch-semantische
            Struktur-Untersuchungen)","Harry Goldschmidt",author
1970,"F 38","Konzeptionelle Struktur-Untersuchungen an einigen Werken Beethovens","Harry Goldschmidt",author
1970,"F 39","Die gemischten Register im historischen und zeitgenössischen deutschen
            Orgelbau","Frank-Harald Greß",author
1970,"F 40","Erschließung von Musik des 16. bis 18. Jahrhunderts aus sächsischen
            Bibliotheken","Hans Grüß",author
1970,"F 41","Die Bedeutung des Chorgesangs für die ästhetische Bildung der Arbeiterklasse in der
            DDR","Claus Haake",author
1970,"F 42","Der Einfluß der Technik auf die Entwicklung der Tanz- und Unterhaltungsmusik","Ingolf Haedicke",author
1970,"F 43","Einflüsse des französischen Impressionismus auf Bartók","Iwanka Halatschewa",author
1970,"F 44","Dialektik von Werk und Ideologie bei Gustav Mahler","Mathias Hansen",author
1970,"F 45","Möglichkeiten und Grenzen der Programmierung des Musikunterrichts","Rainer Herberger",author
1970,"F 46","Das Transmissionen-Singen im kubanischen Spiritismus. Musikethnologisch-soziologische
            Untersuchungen zur Transkulturations-Problematik im städtisch-halb-proletarischen
            Kontaktbereich afroider und europäider Gruppenkulturen Kubas","Axel Hesse",author
1970,"F 47","Wege zur effektiven Gestaltung des Musikunterrichts auf dem Gebiet des Musikhörens
            unter besonderer Berücksichtigung der schöpferischen Arbeit der Schüler","Erhard Hienzsch",author
1970,"F 48","Das Massenlied. Zum Begriff und zur Entwicklungsgeschichte in der DDR seit
            1945","Eva-Maria Hillmann",author
1970,"F 49","Musiklehre und Musikleben an der Universität Rostock von ihrer Gründung 1419 bis zum
            Ende des 18. Jahrhunderts","Alfred Hingst",author
1970,"F 50","Systematische Grundlagen für das Musikhören in der Einheit von Singen und Erfassen
            musikalischer Zusammenhänge","Karl Hoffmann",author
1970,"F 51","Musikgeschichte von Glauchau","Walter Hüttel",author
1970,"F 52","Die Musikerziehung in Westdeutschland seit der Zerschlagung des Faschismus. Ein
            Beitrag zur Klärung ihrer politischen, ideologischen, pädagogischen und methodischen
            Position","Walter Jäger",author
1970,"F 53","Die Spezifik der Ballettmusik","Peter Jarchow",author
1970,"F 54","Gottfried August Homilius und die evangelische Kirchenmusik Dresdens im 18.
            Jahrhundert","Hans John",author
1970,"F 55","Die Lieder der Tswana, Sotho und Xhosa","Lorraines Joubert",author
1970,"F 56","Funktion und Struktur musikalischer Arbeitssignale der deutschen Viehhirten (unter
            besonderer Berücksichtigung rezenter Signalisierpraktiken in den Mittelgebirgen der
            DDR)","Christian Kaden",author
1970,"F 57","Bedeutung und Funktion der musikalischen Bildung und Erziehung für die
            Persönlichkeitsentwicklung des sozialistischen Staatsbürgers","Werner Kaden",author
1970,"F 57","Bedeutung und Funktion der musikalischen Bildung und Erziehung für die
            Persönlichkeitsentwicklung des sozialistischen Staatsbürgers"," Mitarbeiter",contributor
1970,"F 58","Marin Marais, Pièces de Viole (Bde I-V, incl. B.C.-Bde)","Erwin Kestner",author
1970,"F 59","Idealbildung durch Musik als ein Faktor bei der Herausbildung der Persönlichkeit im
            Pubertätsalter","Erika Kießling",author
1970,"F 60","Untersuchungen zum sinfonischen Schaffen der jüngeren Komponistengeneration in der
            DDR","Eberhard Kneipel",author
1970,"F 61","Untersuchungen zur Systematik im Lehrgangsaufbau Musikhören des Musiklehrplanes der
            allgemeinbildenden Schule","Anita Kober",author
1970,"F 62","Der Einfluß der polnischen Musik auf die deutsche des. heutigem Territoriums der DDR
            im 16. und 17. Jahrhundert","Klaus-Peter Koch",author
1970,"F 63","Untersuchungen zur deutschsprachigen szenischen Kantate für Kinder und Jugendliche in
            dem Zeitraum von 1945-1966","Klaus Köhler",author
1970,"F 64","Musikpflege der Stadt Jena von 1750 bis zur Gegenwart","Rüdiger Kopczak",author
1970,"F 65","Die Bedeutung der Klavierimprovisation in der Musikerziehung der DDR, Ein Beitrag zur
            schöpferischen Gestaltung des Musikunterrichts und zur Entwicklung sozialistischer
            Erziehungspersönlichkeiten","Albrecht Krauß",author
1970,"F 66","Zur Interpretation und Rezeption der italienischen weltlichen mehrstimmigen
            Vokalmusik des 16. Jahrhunderts","Friedrich Krell",author
1970,"F 67","Untersuchungen über die Struktur musikalischer Interessen bei Schülern der Klassen
            5-12 unserer sozialistischen Oberschule unter dem besonderen Aspekt des Anteils von
            Interessen für Tanz- und Unterhaltungsmusik","Lothar Kunze",author
1970,"F 68","Der Einfluß des Bewegungsvorganges beim Klavierspielen auf die Interpretation","Welitschka Lakowa",author
1970,"F 69","Das italienische Intermezzo in der Dresdener Opernpflege des 18. Jahrhundert","Ortrun Landmann",author
1970,"F 70","Die Funktion des Akkordeons innerhalb der Musikkultur Deutschlands und die
            Entwicklung seiner Spieltechnik in der Zeit von 1918 bis zur Gegenwart, dargestellt an
            den wichtigsten Schulwerken und der Spielliteratur","Hans Luck",author
1970,"F 71","Systematische Untersuchungen zur Intonation der Streichquartettinstrumente","Rudolf Lüdeke",author
1970,"F 72","Die Beziehungen zwischen französischer Operette und deutschem Singspiel
            1750-1780","Jürgen Mainka",author
1970,"F 73","Johann Abraham Peter Schulz und die musikalische Entwicklung im Zeitalter von Sturm
            und Drang","Jürgen Mainka",author
1970,"F 74","Analyse einer musiksoziologischen Untersuchung","Wernfried Maltusch",author
1970,"F 74","Analyse einer musiksoziologischen Untersuchung","Roland Nauenburg",contributor
1970,"F 74","Analyse einer musiksoziologischen Untersuchung","Gudrun Drude",contributor
1970,"F 74","Analyse einer musiksoziologischen Untersuchung","Lilo Mühlberg",contributor
1970,"F 75","Das Verhältnis von auditiver und visueller Analyse beim Erfassen musikalisch
            gestalteter Zeitstrukturen","Klaus Mehner",author
1970,"F 76","Psychologische Untersuchungen zum Entwicklungsniveau musikalischer Fähigkeiten bei
            Schuleintritt","Paul Michel",author
1970,"F 77","Der Hainbund und die Musik","Elisabeth Miller",author
1970,"F 78","Kuhnau - seine Klaviermusik, Ihre Vorbilder, ihre Nachwirkung","Wolfgang Miller",author
1970,"F 79","Tanzmusik und Pubertät","Norbert Molkenbur",author
1970,"F 80","Robert Schumanns künstlerische Entwicklung in seinem Liedschaffen","Eberhard Möller",author
1970,"F 81","Beiträge zur Musikgeschichte der Stadt Weißenfels im 19. Jahrhundert","Erdmuthe Müller",author
1970,"F 82","Der Wandel des Beethoven-Bildes und sein Niederschlag in der musikpädagogischen
            Literatur - Ein Beitrag zum Beethoven-Jahr 1970","Günther Müller",author
1970,"F 83","Das Musikhören als Bestandteil des Musikunterrichts der allgemeinbildenden Schule in
            Geschichte und Gegenwart. Ein theoretisch-historischer Beitrag zur Niveaubestimmung des
            Musikhörens im Musikunterricht der allgemeinbildenden sozialistischen Schule","Walter Müller",author
1970,"F 84","Zum Problem des Schumannschen Spätwerkes","Gerd Neuhaus",author
1970,"F 85","Das Kantatenschaffen Johann Philipp Kriegers","Brigitte Nitzsche",author
1970,"F 86","Untersuchungen zur Musikgeschichte Meiningens","Hans Nolte",author
1970,"F 87","Die Streichquartette Dmitri Schostakowitschs","Ekkehard Ochs",author
1970,"F 88","Die Eisenacher Hofkapelle - 1672-1741","Claus Oefner",author
1970,"F 89","Untersuchungen zur Entwicklung der musikalischen Erlebnisfähigkeit","Günter Olias",author
1970,"F 90","Die unveröffentlichten handschriftlichen Stimmbücher der Bibliothek der Thomaskirche
            zu Leipzig (Th.-K. Ms 49/50, Ms 51) aus der Mitte des 15. Jahrhunderts in der
            Universitätsbibliothek Leipzig. Ein Beitrag zur bibliographischen, buchkundlichen und
            musikhistorischen Erschließung älterer musikalischer Quellen","Wolfgang Orf",author
1970,"F 91","Einstellungsstereotype bei der Rezeption von Tanzmusik und tanzmusikähnlicher Musik
            durch Jugendliche","Karl-Heinz Otte",author
1970,"F 92","Die Entwicklung des theoretisch-ästhetischen Denkens im Bereich der Berliner
            Musikkultur von den Anfängen der Aufklärung bis zu Reichardt und Zelter","Hans-Günter Ottenberg",author
1970,"F 93","Funktion und Formen des Tanzes zwischen 1800 und 1914","Kurt Petermann",author
1970,"F 94","Untersuchungen zur Musikkultur Wernigerodes","Wolfgang Pilz",author
1970,"F 95","Untersuchungen zum kommunikativen Effekt im Liedgesang","Otto Preu",author
1970,"F 96","Zu aktuellen Problemen der Operngeschichte der -DDR - Untersuchungen zum
            Opernschaffen der letzten Jahre","Gerd Rienäcker",author
1970,"F 97","Das Klavierspiel und seine Lehre, im deutschsprachigen musikalischen und
            pädagogischen Schrifttum des 18. Jahrhunderts. Beiträge zur Geschichte der musikalischen
            Bildung im Zeitalter der Aufklärung","Egon Rubisch",author
1970,"F 98","Die Geschichte der Musik der Stadt Eisenach in den Jahren 1750 bis 1850","Helmuth Rudloff",author
1970,"F 99","Entwicklung der russischen Klaviermusik von Glinka bis Rachmaninow","Christof Rüger",author
1970,"F 100","Die Entwicklung des Jugendliedes seit 1945 im Gebiet der DDR","Klaus-Dieter Scharfenberg",author
1970,"F 101","Die Musikerziehung in Deutschland zwischen der Französischen Revolution von 1789 und
            der bürgerlich-demokratischen Revolution von 1848","Gerhard Schmidt",author
1970,"F 102","Robert Schumann und Heinrich Heine, Eine historisch-ästhetische Untersuchung anhand
            der Vertonungen mit Berücksichtigung einiger Probleme der Liedanalyse","Anneliese Schneider",author
1970,"F 103","Hans von Bülow - Pianist und Dirigent","Ernst Schneider",author
1970,"F 104","Entwicklungsprobleme der DDR-Oper (Arbeitsthema)","Hans-Jürgen Schneider",author
1970,"F 105","Zur Qualitätsbewertung von Musikinstrumenten","Helmut Seidl",author
1970,"F 106",Händel-Forschung,"Walther Siegmund-Schultze",author
1970,"F 107","Vertonungen gleicher Texte von Bertolt Brecht durch verschiedene Komponisten","Gerhard Stahlbaum",author
1970,"F 108","Das mitteldeutsche Singspiel in der zweiten Hälfte des 18. Jahrhunderts","Eberhard Steindorf",author
1970,"F 109","Die Musikpflege an der ehemaligen Fürstenschule St. Augustin zu Grimma","Wolfram Steude",author
1970,"F 110","Kommauntersuchungen beim zweistimmigen Singen mittels Zählröhrenmeßgerät","Martin Stiebritz",author
1970,"F 111","Die Aufführungen von Opern Händels auf deutschen Bühnen im Zeitraum 1705-1952","Stephan Stompor",author
1970,"F 112","Operninterpretation 1918-1933","Stephan Stompor",author
1970,"F 113","Die Sinfonien Sergej Prokofjews. Ein Beitrag zur Methodik der Analyse","Friedbert Streller",author
1970,"F 114","Die Klaviersonate von 1830-1850, Ein Beitrag zur Geschichte der Klaviersonate","Hanne-Dore Thäle",author
1970,"F 115","Untersuchungen zum Busoni-Bild anhand seines Nachlasses","Jutta Theurich",author
1970,"F 116","Die Ästhetik des Jugendliedes (1945-1970) - Leipzig Phil. Diss., Beginn","Gottwald Thielemann",author
1970,"F 117","Heinrich Sattler, ein Wegbereiter für die Entfaltung einer volkstümlichen
            Musikpflege. Ein Beitrag zur Landschaftsforschung im Bereich Vorderharz des 19.
            Jahrhunderts","Eitelfriedrich Thom",author
1970,"F 118","Der Arbeitergesang in Thüringen von seinen Anfängen bis zum Jahre 1914","Kurt Thomas",author
1970,"F 119","Das Liedschaffen Hanns Eislers","Anneliese Thümmler",author
1970,"F 120","Untersuchungen zur Affektenheuristik der Oper des 18. Jahrhunderts","Karl-Heinz Viertel",author
1970,"F 121","Über tonikales und modales Singen in der Unterstufe - Beitrag zur Untersuchung
            musikalischer Leistungsfähigkeit","Hans Vogel",author
1970,"F 122","Der Typ des Prokofjewschen Instrumentalkonzertes. Seine Stellung und Bedeutung in der
            Gegenwart","Gerhard Wappler",author
1970,"F 123","Das musikalische Thema - seine tonsprachlichen Funktionen und Positionen
            (Arbeitstitel)","Martin Wehnert",author
1970,"F 124","Die Volksliedbegleitung auf der Gitarre (Laute) und das Lautenlied in der Zeit der
            deutschen Jugendbewegung (1900-1932)","Gerhard Willmitzer",author
1970,"F 125","Christians Deutsche Neuausgabe der Händel-Biographie von Otto Erich Deutsch","Hellmuth Christian Wolff",author
1970,"F 126","Möglichkeiten der Wiederbelebung der heiteren Oper des 18. Jahrhunderts","Karin Zauft",author
1970,"F 127","Die Solokonzerte von Dmitri Schostakowitsch.","Carlferdinand Zech",author
1970,"F 128","Das Klavierwerk von Mendelssohn","Günter Zenner",author
1970,"F 129","Zur Herausgabe von musikalischen Denkmälern im 19. Jahrhundert","Frieder Zschoch",author
1971,1,"Georg Philipp Telemann und Johann Joachim Quantz - Der Einfluß einiger
            Kammermusikwerke auf das Lehrwerk des J. J. Quantz ""Versuch einer Anweisung die Flöte
            traversiere zu spielen""","Ingeborg Allihn",author
1971,2,"Bach - Kalendarium zur Lebensgeschichte Johann Sebastian Bachs"," Bach-Archiv Leipzig",editor
1971,3,Mozart-Interpretation,"Eva Badura-Skoda",author
1971,3,Mozart-Interpretation,"Paul Badura-Skoda",author
1971,4,"Philosophisch-ästhetische Untersuchungen zur Opernreform Christoph Willibald Glucks
            unter Berücksichtigung musikästhetischer Aspekte","Wilhelm Baethge",author
1971,5,"Beiträge zur Chrysander-Forschung I. Friedrich Chrysander und Hans von Bülow - Eine
            Dokumentation","Bernd Baselt",author
1971,6,"Werkbetrachtung im Dienste der Musikrezeption","Siegfried Bimberg",author
1971,7,"Heinrich Manns Drama ""Madame Legros"" als Oper von Ottmar Gerster","Hans Bitterlich",author
1971,8,"Neue Werke unserer Komponisten. Johannes Paul Thilman: Konzert für zwei Klaviere und
            Orchester","Hans Böhm",author
1971,9,"Ernst Hermann Meyer 65 Jahre","Hans Böhm",author
1971,10,"Johannes Paul Thilman 65","Hans Böhm",author
1971,11,"J. P. Thilman: Doppelkonzert für Baßklarinette und Orchester","Hans Böhm",author
1971,12,"Zum Tode von Rudolf Mauersberger","Hans Böhm",author
1971,13,"Zum Tode von Rudolf Mauersberger, Gedanken zum Lebenswerk des Dresdner
            Kreuzkantors","Hans Böhm",author
1971,14,"Uraufführung neuer Werke, Johannes Paul Thilman: Ode für großes Orchester","Hans Böhm",author
1971,15,"Zur Geschichte des ""Sänger-Darstellers""","Ulrich Bökel",author
1971,16,"Praktische Erfahrungen aktiver Musiktherapie","Helmut Born",author
1971,16,"Praktische Erfahrungen aktiver Musiktherapie","Magdalena Kemlein",author
1971,16,"Praktische Erfahrungen aktiver Musiktherapie","Christa Kohler",editor
1971,17,"Die Dimensionen des Erlebens und das Musikerleben","Hermann Böttcher",author
1971,17,"Die Dimensionen des Erlebens und das Musikerleben","Christa Kohler",editor
1971,18,"Musiktheater von Kindern für Kinder","Hella Brock",author
1971,19,"Der Klassiker Sibelius","Erich Brüll",author
1971,20,"Georg Friedrich Händel: Wassermusik. Zur. Einführung im Musikunterricht der 9.
            Klasse","Karl Büse",author
1971,21,"Die Orgeln Gottfried Silbermanns in Mitteldeutschland. Mit einem Anhang von
            Berichtigungen und Zusätzen des Autors (Facsimiles of rare books, Vol. XXXIV)","Ulrich Dähnert",author
1971,22,"Deutsches Jahrbuch der Musikwissenschaft für 1970","Rudolf Eller",editor
1971,23,"Singen und sozialistische Bewußtseinsbildung","Günther Diezel",author
1971,24,"Funktion der Zeitschrift 'Musik in der Schule' bei der Verwirklichung der Bildungs-
            und Erziehungsziele der sozialistischen Schule in der Deutschen Demokratischen Republik
            (Ein Beitrag zur Geschichte der Schulmusik in der DDR)","Günther Diezel",author
1971,25,"Du hast die Führung übernommen... (Gedanken zum 25. Jahrestag der Gründung der
            Sozialistischen Einheitspartei Deutschlands)","Günther Diezel",author
1971,26,"Sozialistisches Menschenbild und Musikerziehung. (Dem VIII. Parteitag der
            Sozialistischen Einheitspartei Deutschlands zum Gruß)","Günther Diezel",author
1971,27,"Grundsätze der Chorerziehung","Günther Diezel",author
1971,28,"Dramatiker und Komponisten auf den Bühnen der Deutschen Demokratischen Republik.
            Spielzeit 1969/1970"," Theaterdokumentation d. Dt. Akad. d. Künste",editor
1971,28,"Dramatiker und Komponisten auf den Bühnen der Deutschen Demokratischen Republik.
            Spielzeit 1969/1970","Jürgen Zindars",contributor
1971,28,"Dramatiker und Komponisten auf den Bühnen der Deutschen Demokratischen Republik.
            Spielzeit 1969/1970","Hanna Türke",contributor
1971,29,"Die Poesie - nur 'gehorsame Tochter'? Notizen zu Lorenzo da Ponte von G. B. Casti,
            aufgezeichnet anläßlich der Wiederentdeckung von Paisiellos ""II re Teodoro in
            Venezia""","Wolf Ebermann",author
1971,30,"Das Opernspezifische muß konkret sein","Wolf Ebermann",author
1971,31,"X. Chorleiterseminar in Berlin","Lieselotte Ebert",author
1971,32,"Robert Schumann Tagebücher, Bd 1, 1827-1838","Georg Eismann",author
1971,33,"Geschichte der Musikwissenschaft und des Musikwissenschaftlichen Instituts an der
            Universität Rostock","Rudolf Eller",author
1971,33,"Geschichte der Musikwissenschaft und des Musikwissenschaftlichen Instituts an der
            Universität Rostock","Karl Heller",author
1971,34,"Nathan Notowicz. Wir reden hier nicht von Napoleon. Wir reden von Ihnen! Gespräche
            mit Hanns Eisler und Gerhart Eisler","Jürgen Elsner",author
1971,35,"Zur vokalsolistischen Vortragsweise der Kampfmusik Hanns Eislers","Jürgen Elsner",author
1971,36,"Zur Ausbildung von Musiktheater-Regisseuren. Referat, gehalten im
            Musiktheater-Komitee des Internationalen Theater-Instituts, London 1971","Walter Felsenstein",author
1971,37,"Die Musik Georg Philipp Telemanns im Urteil seiner Zeit. T. 2","Günter Fleischhauer",author
1971,38,"Die Oper ""Die Zauberflöte"" von W.A. Mozart im Musikunterricht der Klasse 9","Siegfried Freitag",author
1971,39,"""Die Jahreszeiten"" von Joseph Haydn im Musikunterricht der Klasse 10","Siegfried Freitag",author
1971,40,"Die Behandlung der Oper ""Der Günstling"" von Rudolf Wagner-Régeny in Klasse 12","Siegfried Freitag",author
1971,41,"Von Felsenstein lernen","Götz Friedrich",author
1971,42,"Festschrift zum fünfjährigen Bestehen des Bezirksverbandes Cottbus im Verband
            Deutscher Komponisten und Musikwissenschaftler. November 1971","Dietmar Fritzsche",author
1971,43,"Vorschläge zur Behandlung von Tänzen aus der ""Nußknackersuite"" von Peter Tschaikowski
            in der 3. Klasse","Hannelore Gerlach",author
1971,44,"Max Reger als Dirigent der Meininger Hofkapelle (1911-1914)","Georg Grosch",author
1971,45,"Die Schreibweise des Namens ""Georg Philipp Telemann"" zu seiner Zeit","Hans Große",author
1971,46,"Zur Objektivierung musikalischer Wirkungen bei Kindern: In: Köhler, Christa:
            Musiktherapie, Theorie und Methodik","Hans Grüß",author
1971,46,"Zur Objektivierung musikalischer Wirkungen bei Kindern: In: Köhler, Christa:
            Musiktherapie, Theorie und Methodik","Ursula Grüß",author
1971,46,"Zur Objektivierung musikalischer Wirkungen bei Kindern: In: Köhler, Christa:
            Musiktherapie, Theorie und Methodik","Sigrun Müller",author
1971,47,"Alte Musik der Gegenwart","Hans Grüß",author
1971,48,"Motive französischer Revolutionsmusik in Beethovens Fünfter Sinfonie","Peter Gülke",author
1971,49,"Ein Theatermodell aus dem revolutionären Frankreich","Peter Gülke",author
1971,50,"Zur Einrichtung Händelscher Opernpartituren- Grenzen und Möglichkeiten","Peter Gülke",author
1971,51,"Musiktheater, Versuch mit Meyerbeer","Peter Gülke",author
1971,52,"Zur Bestimmung des Sinfonischen bei Beethoven","Peter Gülke",author
1971,53,"Konzeptionelle Überlegungen zu einer Systematik des Musikhörens im Unterricht der
            Klassen 5 bis 10","Annelore Günther",author
1971,54,"Der Beitrag des Chorsingens zur ästhetischen Erziehung und Bildung der Arbeiterklasse
            in der Deutschen Demokratischen Republik","Claus Haake",author
1971,55,"Komödiantentum mit doppeltem Boden. Werner Enders - portraitiert in einigen seiner
            Rollen","Manfred Haedler",author
1971,56,"20. Händelfestspiele Halle (Saale) vom 8. bis 13. Juni 1971","Walther Siegmund-Schultze",editor
1971,57,"Händel-Jahrbuch 1969/1970"," Georg-Friedrich-Händel-Gesellschaft",editor
1971,57,"Händel-Jahrbuch 1969/1970","Walther Siegmund-Schultze",editor
1971,58,"Händel-Jahrbuch 1970/1971"," Georg-Friedrich-Händel-Gesellschaft",editor
1971,58,"Händel-Jahrbuch 1970/1971","Walther Siegmund-Schultze",editor
1971,59,"Eigenes in unverbrauchten Klängen - Fidelio F. Finkes Kammermusikschaffen","Dieter Härtwig",author
1971,60,"Rudolf Wagner-Régeny: ""Genesis"" und ""Einleitung und Ode"". (Schallplattentext)","Dieter Härtwig",author
1971,61,"Lesarten des ""Don Alvaro""","Renate Heckmann",author
1971,62,"Neues Gerät zur Kontrolle und Schulung des Intonationshörens","Wolfram Heicking",author
1971,62,"Neues Gerät zur Kontrolle und Schulung des Intonationshörens","Hans Wasgindt",author
1971,63,"Die deutsche Überlieferung der Instrumentalwerke Vivaldis","Karl Heller",author
1971,64,"Geschichte der Musikwissenschaft und des Musikwissenschaftlichen Instituts an der
            Universität Rostock","Karl Heller",author
1971,64,"Geschichte der Musikwissenschaft und des Musikwissenschaftlichen Instituts an der
            Universität Rostock","Rudolf Eller",author
1971,65,"Zur Dialektik des Schließens in Liedern von Hanns Eisler","Fritz Hennenberg",author
1971,66,"Michael Praetorius. Zum 400. Geburtstag und 350. Todestag des ""Erzkantors""","Ursula Herrmann",author
1971,67,"Zum 75. Todestag Anton Bruckners","Ursula Herrmann",author
1971,68,"Die Macht des ""Schicksals""","Joachim Herz",author
1971,69,"Das Tränsmissionen-Singen im kubanischen Spiritismus - Musikethnologische und
            soziologische Untersuchungen zur Transkulturations-Problematik im
            städtisch-halbproletarischen Kontaktbereich der afroiden und europäiden Gruppenkulturen
            Kubas","Axel Hesse",author
1971,70,"Ein Urahn der Klarinette","Herbert Heyde",author
1971,70,"Ein Urahn der Klarinette","Rudolf Eller",editor
1971,71,"Sergej Prokofjews Ballettsuiten ""Romeo und Julia"" im Unterricht der Klasse 12","Heinrich Hillmann",author
1971,72,"Abc der Tanzmusik","Heinz Peter Hofmann",author
1971,73,"Gerd Natschinski: In: Sammelbände zur Musikgeschichte der Deutschen Demokratischen
            Republik. Bd 2","Heinz Peter Hofmann",author
1971,74,"Biefeld, Alfred u. Karl","Walter Hüttel",author
1971,75,"Grundfragen des Blechbläseransatzes am Beispiel der Posaune","Jürgen Jaeger",author
1971,76,"Jahrbuch der Komischen Oper XI, Spielzeit 1970/71"," Dramaturg. Abt. d. Komischen Oper Berlin",editor
1971,76,"Jahrbuch der Komischen Oper XI, Spielzeit 1970/71","Horst Seeger",editor
1971,77,"Johann Georg Conradi","Hans Rudolf Jung",author
1971,78,"Divergenz statt Konvergenz","Werner Kaden",author
1971,79,"Das kulturpolitische und ästhetische Gedankengut Lenins und dessen Bedeutung für das
            Musikschaffen in der Deutschen Demokratischen Republik, (überarb. Fassg. des Vortrages,
            gehalten in d. Mitgliederversammlung des VDK am 4. April 1970): In: Lenin und die
            Musik","Werner Kaden",author
1971,80,"P. Kurzbach- ""Macht die Welt uns bunt""","Werner Kaden",author
1971,81,"Der Beitrag des Musikunterrichts zur ästhetischen Bildung der staatsbürgerlichen
            Erziehung in der sozialistischen Schule","Werner Kaden",author
1971,82,"Internationale Bartók-Konferenz in Budapest","Erich Kapst",author
1971,83,"Praktische Erfahrungen aktiver Musiktherapie","Magdalena Kemlein",author
1971,83,"Praktische Erfahrungen aktiver Musiktherapie","Helmut Born",author
1971,83,"Praktische Erfahrungen aktiver Musiktherapie","Christa Kohler",editor
1971,84,"Klavierwerke V. 12 Etudes von Claude Debussy","Eberhardt Klemm",author
1971,85,"Der Briefwechsel zwischen Arnold Schönberg und dem Verlag C. F. Peters","Eberhardt Klemm",author
1971,86,"Claude Debussy: Einsame Gespräche mit Monsieur Croche","Eberhardt Klemm",editor
1971,87,"Die Analyse. Cellokonzert von Gerhard Rosenfeld","Eberhard Kneipel",author
1971,88,"Die Analyse - Klavierkonzert von Rainer Kunad","Eberhard Kneipel",author
1971,89,"In memoriam Antonin Sychra","Georg Knepler",author
1971,90,"Gruppenrhythmustherapie mit psychatrischen Patienten","Eva-Maria Koch",author
1971,90,"Gruppenrhythmustherapie mit psychatrischen Patienten","Otto Bach",author
1971,91,"Psychotherapie und Musik: In: Kohler, Christa: Musiktherapie, Theorie und
            Methodik","Christa Kohler",author
1971,92,"Ludwig van Beethoven: Neun ausgewählte Briefe an Anton Schindler","Karl-Heinz Köhler",author
1971,92,"Ludwig van Beethoven: Neun ausgewählte Briefe an Anton Schindler","Grita Herre",author
1971,93,"Karl Laux 75 Jahre","Siegfried Köhler",author
1971,94,"Werner Egk - Oper und Ballett","Ernst Krause",author
1971,95,"Felsenstein auf der Probe","Ernst Krause",author
1971,95,"Felsenstein auf der Probe","Clemens Kohl",author
1971,96,"Musikhören in Lehrnlänen und Plan-Vorschlägen für den Musikunterricht seit
            1946","Irmgard Krauthoff",author
1971,97,"Richard Wagners Oper ""Die Meistersinger von Nürnberg"" im Musikunterricht der Klasse
            10","Thomas Kunath",author
1971,98,"Untersuchungen zur Struktur musikalischer Interessen bei Schülern der Klassen 5 bis
            12 der sozialistischen Oberschule der DDR unter dem besonderen Aspekt des Anteils von
            Interesse für Tanz- und Unterhaltungsmusik","Lothar Kunze",author
1971,99,"Aufgaben und Probleme unseres neuen Musikschaffens","Hans-Joachim Kynaß",author
1971,100,"Paul Robeson - Stimme des anderen Amerika. Internationales Symposium der Deutschen
            Akademie der Künste zu Berlin","Hans-Joachim Kynaß",author
1971,101,"Unser Lied vom Menschen unserer Zeit. Über den zentralen Leistungsvergleich der Chöre
            während der 13. Arbeiterfestspiele in Leipzig","Hans-Joachim Kynaß",author
1971,102,"Wettstreit junger Musikanten. II. Zentrales Fest junger Talente in
            Neubrandenburg","Hans-Joachim Kynaß",author
1971,103,"Neue Werke unserer Komponisten, ""Frühling an der Seine"". Tanzdrama in 4 Bildern von
            Jean Kurt Forest","Hans-Joachim Kynaß",author
1971,104,"Partner Arbeiterklasse. Theoretische Konferenz in Karl-Marx-Stadt über
            Partnerbeziehungen zwischen Arbeitern und Künstlern","Hans-Joachim Kynaß",author
1971,105,"""Wacht auf Verdammte dieser Erde..."" Zum 100. Jahrestag der Pariser Commune","Inge Lammel",author
1971,106,"Hinweise zur 1. Stoffeinheit des neuen Lehrplans Musik für Klasse 4","Christian Lange",author
1971,107,"Der tragische Othello. Gespräch mit Oberschülern über Musiktheater","Wolfgang Lange",author
1971,108,"Zum Problem der Renaissance in der Musikkultur Rußlands","Dieter Lehmann",author
1971,109,"20 Jahre Verband Deutscher Komponisten und Musikwissenschaftler","Wolfgang Lesser",author
1971,110,"Rosebery d’Arguto - Vorkämpfer der Arbeiterchorbewegung","Ernst Lindenberg",author
1971,111,"Zur Frage der ästhetischen Inhalt-Form-Relationen in der Musik","Eberhard Lippold",author
1971,112,"Die Beziehungen Rosa Luxemburgs und Karl Liebknechts zur Kultur und Kunst,
            insbesondere ihr Verhältnis zur Musik","Karl-Heinz Löbner",author
1971,113,"Die sozialistischen Partnerbeziehungen zwischen dem Verband Deutscher Komponisten und
            Musikwissenschaftler und der Arbeiterklasse im Bezirk Karl-Marx-Stadt","Karl-Heinz Löbner",author
1971,114,"Das Werk und die Persönlichkeit Lenins in den großen musikalischen Formen: In: Lenin
            und die Musik","Karl-Heinz Löbner",author
1971,115,"Der Beitrag der Musikerziehung zur Entwicklung der Wehrbereitschaft des jungen
            DDR-Bürgers","Karl-Heinz Löbner",author
1971,115,"Der Beitrag der Musikerziehung zur Entwicklung der Wehrbereitschaft des jungen
            DDR-Bürgers","Siegfried Freitag",author
1971,115,"Der Beitrag der Musikerziehung zur Entwicklung der Wehrbereitschaft des jungen
            DDR-Bürgers","Eberhard Möller",author
1971,115,"Der Beitrag der Musikerziehung zur Entwicklung der Wehrbereitschaft des jungen
            DDR-Bürgers","Walter Schulze",author
1971,116,"Die Behandlung der Arie des Simon ""Schon eilet froh der Ackersmann"" aus dem Oratorium
            ""Die Jahreszeiten"" von Joseph Haydn in Klasse 10","Hans-Christian Loitsch",author
1971,117,"Gedanken zum Problem der musikalischen Intonation","Rudolf Lüdeke",author
1971,118,"Zum Werk Witold Lutosławskis","Jürgen Mainka",author
1971,119,"""unsere neue musik"" - klingende Dokumentation. Bemerkungen zum Abschluß der
            Eterna-Reihe","Liesel Markowski",author
1971,120,"Beiträge zum Symmetriebegriff in der Musik","Klaus Mehner",author
1971,121,"Aktuelle Probleme der Musiklehre","Klaus Mehner",author
1971,122,"über Schwingungen von Geicenkörpern bei Eigenfrequenzen","Hermann Meinel",author
1971,123,"Nathan Notowicz: In: Sammelbände zur Musikgeschichte der Deutschen Demokratischen
            Republik. Bd 2","Ernst Hermann Meyer",author
1971,124,"Was Hänschen nicht lernt... Die Verantwortung der Musikerziehung für die Zukunft
            unserer Musikkultur","Paul Michel",author
1971,125,"Das Beethovenbild der deutschen Musikerziehung in Vergangenheit und Gegenwart","Paul Michel",author
1971,126,"Music education in the German Democratic Republic","Paul Michel",author
1971,127,"Friedrich Engels' Verhältnis zur Musik","Paul Michel",author
1971,128,"Die Verantwortung der Musikerziehung für die Zukunft unserer Musikkultur","Paul Michel",author
1971,129,"Völker, hört die Signale! Zur Entstehung und Bedeutung der ""Internationale""","Eberhard Möller",author
1971,130,"Chorarbeit,, die jeden angeht. Ein zweites Mal: Bemerkungen zum Kulturleben in
            Prerow","Hans-Peter Müller",author
1971,131,"Kolloquium: Die Singeklubs und wir. Diskussion während des 2. Festivals des
            politischen Liedes","Hans-Peter Müller",author
1971,132,"Auf dem Wege.zur Meisterschaft. Dmitri Schostakowitsch 65 - Betrachtungen zur
            IV","Hans-Peter Müller",author
1971,133,"Victor Bruns, IV. Sinfonie","Hans-Peter Müller",author
1971,134,"Bach, Johann Sebastian: Neue Ausgabe sämtlicher Werke. Hochzeitskantaten - Weltliche
            Kantaten verschiedener Bestimmung. Kritischer Bericht, I, Bd 40","Werner Neumann",editor
1971,135,"Das kleine Bachbuch","Werner Neumann",author
1971,136,"Zum 65. Geburtstag von Georg Knepler","Konrad Niemann",author
1971,137,"Einige Gedanken zu Fragen des Heiteren in unserer neuen Musik","Dieter Nowka",author
1971,138,"""... ein seltenes Talent"", Gedanken zum 65. Geburtstag Dmitri
            Schostakowitschs","Ekkehard Ochs",author
1971,139,"Dokumente zur Musikgeschichte Meiningens. 5 Briefe Richard, 1 Brief Cosima
            Wagners","Herta Oesterheld",author
1971,140,"Max Reger und Stefan Zweig","Herta Oesterheld",author
1971,141,"Pädagogisch-psychologische Aspekte der Entwicklung der musikalisch-ästhetischen
            Erlebnisfähigkeit","Günter Olias",author
1971,142,"Siegfried Kurz: Konzert für Trompete und Streichorchester op. 23. Hinweise zur
            Behandlung des 1. Satzes im Musikunterricht Klasse 11","Günter Olias",author
1971,143,"Zeugnisse über das frühe slawische Musikschaffen im deutschsprachigen und
            musikwissenschaftlichen Schrifttum","Günter Olias",author
1971,144,"Musikerleben und sängerische Gestaltung","Günter Olias",author
1971,145,"Die Johannespassion von Johannes Weyrauch. Ihre Stellung und Aufgabe in der
            zeitgenössischen Musica sacra","Wolfgang Orf",author
1971,146,"Werkstattcresprä.ch mit Walter Felsenstein","Hans-Gerald Otto",author
1971,147,"Händel-Festspiele 1971 in Halle","Hans-Gerald Otto",author
1971,148,"Wissenschaft und Theater. Einige Anmerkungen zu den Jahrbüchern der Komischen
            Oper","Hans-Gerald Otto",author
1971,149,"Das Lied ""So gewiß, wie Wasser fließt""","Brunhilde Panwitz",author
1971,150,"Tanzbibliographie. Verzeichnis d. in dt. Sprache veröff. Schriften u. Aufsätze zum
            Bühnen-, Gesellschafts- Kinder- Volks- u. Turniertanz sowie zur Tanzwissenschaft,
            Tanzmusik u. zum Jazz. H. 11","Kurt Petermann",author
1971,151,"Tanzbibliographie. Verzeichnis d. in dt. Sprache veröff. Schriften u. Aufsätze zum
            Bühnen-, Gesellschafts-, Kinder-, Volks- u. Turniertanz sowie zur Tanzwissenschaft,
            Tanzmusik u. zum Jazz, H. 12","Kurt Petermann",author
1971,152,"Johann Sebastian Bach","Richard Petzoldt",author
1971,153,"Die Behandlung des 4. Satzes der 9. Sinfonie von Ludwig van Beethoven in der 10.
            Klasse","Wolfgang Pilz",author
1971,154,"Musikalische Fähigkeiten des cerebralparetischen Kindes","Otto Preu",author
1971,155,"Grundlagen der Musikrezeption","Otto Preu",author
1971,156,"Zur Entwicklung der Musikschulen in der DDR: In: Sammelbände zur Musikgeschichte der
            Deutschen Demokratischen Republik. Bd 2","Wolfgang Reckling",author
1971,157,"Die Kombination von Musikrezeption und bildnerischem Gestalten","Peter Reich",author
1971,158,"""Psellus' Treatise on Music"" in Mizlers Bibliothek","Lukas Richter",author
1971,159,"Beethoven und die Gassenhauer seiner Zeit","Lukas Richter",author
1971,160,"Das Allgemeinmenschliche ist im Historisch-Konkreten offenbar. Zu einem Gespräch
            zwischen Götz Friedrich und Horst Seeger","Gerd Rienäcker",author
1971,161,"Probleme des sozialistischen Opernschaffens der DDR- Zu einigen Aspekten der
            Stilisierung","Gerd Rienäcker",author
1971,162,"Zu einigen Gestaltungsaspekten im neueren Opernschaffen der DDR","Gerd Rienäcker",author
1971,163,"Vom Nutzen der Brechtschen Ästhetik für das Opernschaffen. Bemerkungen zu einem
            Problemkomplex","Gerd Rienäcker",author
1971,164,"Zur Heldengestaltung im neuen sozialistischen Opernschaffen. (1.2.) - In: Theater der
            Zeit. 26 (1971), 6, S. 33-35; 7, S. 10-12.","Gerd Rienäcker",author
1971,165,"Zu einigen Gestaltungsproblemen im Opernschaffen von Paul Dessau","Gerd Rienäcker",author
1971,166,"""Karin Lenz"" - Zur Musik","Walter Rösler",author
1971,167,"Zu einigen Fragen des neuen Werkes auf der Musikbühne","Walter Rösler",author
1971,168,"Händeltradition im Blickfeld der Arbeiterklasse. Zum 25. Jahrestag der Gründung der
            SED","Johanna Rudolph",author
1971,169,"Realismus und Antizipation in Werken Beethovens. Ein Beitrag zur Wechselwirkung der
            Künste","Johanna Rudolph",author
1971,170,"Probleme der Hamburger deutschen Frühoper","Johanna Rudolph",author
1971,171,"Ethische Konstanz und stilistische Kontinuität im Schaffen Alexander Nikolajewitsch
            Skrjabins unter besonderer Berücksichtigung seiner Klavierkompositionen","Christof Rüger",author
1971,172,Musik,"Konrad Sasse",author
1971,173,"Vergangenes im Heute bewältigen.","Hansjürgen Schaefer",author
1971,174,"""Fidelio"" im Beethoven-Jahr","Hansjürgen Schaefer",author
1971,175,"Auf qutem Wege. Bemerkungen zu DDR-Schlagern","Hansjürgen Schaefer",author
1971,176,"Fritz Geißler: Der zerbrochene Krug","Hansjürgen Schaefer",author
1971,177,"Musiktheater. Meister des Musiktheaters. Werner Eck zum 70. Geburtstag","Hansjürgen Schaefer",author
1971,178,Händel-Schallplatten,"Hansjürgen Schaefer",author
1971,179,"Nach der Uraufführung. Diskussion um die ""Trassensinfonie""","Hansjürgen Schaefer",author
1971,180,"Neue Werke unserer Komponisten. Dieter Nowka: Concerto II für Klavier und
            Orchester","Hansjürgen Schaefer",author
1971,181,"Ernst Krause sechzig","Hansjürgen Schaefer",author
1971,182,"Karl Laux 75","Hansjürgen Schaefer",author
1971,183,"Schallplattenmosaik. Die ersten NOVA-Platten","Hansjürgen Schaefer",author
1971,184,"Neue Werke unserer Komponisten. Paul Dessau: 3. Orchestermusik","Hansjürgen Schaefer",author
1971,185,"Neue Werke unserer Komponisten. Gerhard Rosenfeld: Konzert für Orchester und
            Altstimme","Hansjürgen Schaefer",author
1971,186,"E.H. Meyer: Toccata für Orchester","Hansjürgen Schaefer",author
1971,187,"Schiedermair, Ludwig: Der junge Beethoven","Hansjürgen Schaefer",editor
1971,188,"Eberhard Rebling zum Sechzigsten","Hansjürgen Schaefer",author
1971,189,"25 Jahre SED - 25 Jahre sozialistische Musikkultur der DDR","Hansjürgen Schaefer",author
1971,190,"Vom Glück des Gebrauchtwerdens","Hansjürgen Schaefer",author
1971,191,"Zum dritten Male: Musik-Biennale Berlin","Hansjürgen Schaefer",author
1971,192,"Zum Tode Igor Strawinskys","Hansjürgen Schaefer",author
1971,193,"Tewje und seine Schwiegersöhne. Zur Analyse von zwei Szenen des Musicals ""Der Fiedler
            auf der Dach"" in der Inszenierung von Walter Felsenstein","Klaus Schlegel",author
1971,194,"Im Zeichen pädagogischer Weiterbildung (XII. Internationales Musikseminar in
            Weimar)","Gerhard Schmidt",author
1971,195,"Das Violinkonzert von Siegfried Matthus","Frank Schneider",author
1971,196,"Der Internationale Beethoven-Kongreß","Frank Schneider",author
1971,197,"Neue Werke unserer Komponisten: F. Geißler: Konzert für Klavier und Orchester","Gerd Schönfelder",author
1971,198,"Neue Werke unserer Komponisten: Fritz Geißler: Trio für Violine,. Violoncello und
            Klavier","Gerd Schönfelder",author
1971,199,"Günter Neubert: Concertante Suite","Gerd Schönfelder",author
1971,200,"Erfolgreicher Opernerstling. Fritz Geißlers Kammeroper ""Der zerbrochene Krug"" und
            ihre Leipziger Erstaufführung","Gerd Schönfelder",author
1971,201,"Fritz Geißler als Sinfoniker (Gedanken zum 50. Geburtstag des Leipziger
            Komponisten)","Gerd Schönfelder",author
1971,202,Musikinstrumente,"Winfried Schrammek",author
1971,203,"Der Einfluß der instrumentalen Improvisation auf den künstlerischen Entwicklungsgang
            und das Schaffen des Komponisten","Herbert Schramowski",author
1971,204,"Zur Einführung des Rahmenprogramms ""Musik"" für Arbeitsgemeinschaften der Klassen 9
            und 10","Erika Schubert",author
1971,204,"Zur Einführung des Rahmenprogramms ""Musik"" für Arbeitsgemeinschaften der Klassen 9
            und 10","Erika Margule",author
1971,205,"Kolloquium für Musikerzieher","Lothar Schubert",author
1971,206,"Zur Behandlung der Sinfonie Nr. 104 von Joseph Haydn","Lothar Schubert",author
1971,207,"Didaktische Funktionen im Musikunterricht. T. 1.2","Lothar Schubert",author
1971,208,"Studienhilfen für die Weiterbildung der Musiklehrer in Kursen","Lothar Schubert",author
1971,209,"Zur Findung musikalisch begabter Kinder und Möglichkeiten ihrer Berufsausbildung in
            der Deutschen Demokratischen Republik","Helmut Schulze",author
1971,210,"Aktiver Gesundheitsschutz und Musiktherapie. Einige Aspekte der Musiktherapie in der
            Prophylaxe","Christoph Schwabe",author
1971,211,"Die Methodik der Gruppenmusiktherapie bei Neurosen unter besonderer Berücksichtigung
            soziodynamischer Aspekte","Christoph Schwabe",author
1971,212,"Drei methodische Varianten der berichteten rezeptiven Einzelmusiktherapie","Christoph Schwabe",author
1971,213,"Anwendung musiktherapeutischer Verfahren im aktiven Gesundheitsschutz","Christoph Schwabe",author
1971,213,"Anwendung musiktherapeutischer Verfahren im aktiven Gesundheitsschutz","Christa Kohler",author
1971,213,"Anwendung musiktherapeutischer Verfahren im aktiven Gesundheitsschutz","Bernd Busch",author
1971,214,"Physiologische und psychologische Untersuchungen zur rezeptiven Musiktherapie","Christoph Schwabe",author
1971,214,"Physiologische und psychologische Untersuchungen zur rezeptiven Musiktherapie","Manfred Kohler",author
1971,214,"Physiologische und psychologische Untersuchungen zur rezeptiven Musiktherapie","Hermann F. Böttcher",author
1971,214,"Physiologische und psychologische Untersuchungen zur rezeptiven Musiktherapie","Norbert Roth",author
1971,214,"Physiologische und psychologische Untersuchungen zur rezeptiven Musiktherapie","Christa Kohler",author
1971,215,"Rechenschaftsbericht vor der Mitgliederversammlung der
            Georg-Friedrich-Händel-Gesellschaft. In","Walther Siegmund-Schultze",author
1971,216,"Beethovens Musik und ihr revolutionäres Menschenbild","Walther Siegmund-Schultze",author
1971,217,"Beiträge zur marxistischen Musikästhetik, insbesondere zur Frage des Sozialistischen
            Realismus in der Musik","Walther Siegmund-Schultze",author
1971,218,"VIII. Hallische Musiktage","Walther Siegmund-Schultze",author
1971,219,"W. Hübner: Sinfonie II","Walther Siegmund-Schultze",author
1971,220,"Janáček und Berg","Walther Siegmund-Schultze",author
1971,221,"Paul Kurzbach: Kantate ""Porträt eines Arbeiters""","Walther Siegmund-Schultze",author
1971,222,"Neue Werke unserer Komponisten. G. Wohlgemuth: Sinfonische Musik für großes
            Orchester","Walther Siegmund-Schultze",author
1971,223,"Probleme bei der Übersetzung Händelscher Oratorien. Zu einigen Erfassungen","Walther Siegmund-Schultze",author
1971,224,"Unser Beethoven-Bild","Walther Siegmund-Schultze",author
1971,225,"Zu den 20. Händelfestspielen. Rückblick und Ausblick","Walther Siegmund-Schultze",author
1971,226,"Zur Abbildproblematik in der Musik","Walther Siegmund-Schultze",author
1971,227,"Sinn und Kunst der Unterhaltung","Horst Slomma",author
1971,228,"Kombination von autogenem Training mit Musik in der Ambulanz","Gudrun Spitzner",author
1971,229,"Rezeptive Musiktherapie in einer Klinik für Lungenkranke","Ingeborg Stein",author
1971,229,"Rezeptive Musiktherapie in einer Klinik für Lungenkranke","Christa Kohler",editor
1971,230,"Zur Dramaturgie von Verdis Oper ""Die Macht des Schicksals""","Stephan Stompor",author
1971,231,"Komitas in Berlin","Reinhard Szeskus",author
1971,232,"Prof. Dr. Willert - 70 Jahre","Reinhard Szeskus",author
1971,233,"Bianchi, Antonio","Jutta Theurich",author
1971,234,"Bemerkungen zur Sache","Johannes Paul Thilman",author
1971,235,"Über Kinder- und Jugendmusik","Johannes Paul Thilman",author
1971,236,"Arbeiterlied - Volkslied - Arbeitervolkslied. Eine Studie zur Problematik des
            folkloristischen Arbeiterliedes","Kurt Thomas",author
1971,237,"Untersuchungen zur Ästhetik und Aufführungspraxis der italienischen Opera seria des
            18. Jahrhunderts unter besonderer Berücksichtigung der Affekten-Erkennung","Karl-Heinz Viertel",author
1971,238,"Diether Noll, Leben und Werk, Versuch der Würdigung eines Komponisten der jüngeren
            Generation in der Deutschen Demokratischen Republik","Günter Vogel",author
1971,239,"Paul Büttner zum 100. Geburtstag","Renate Völkel",author
1971,240,"Psychomotorische Therapie auf der psychatrischen Station","Klaus Weise",author
1971,240,"Psychomotorische Therapie auf der psychatrischen Station","Hans-Dieter Albert",author
1971,241,"D. Nowka: Sinfonietta I","Hans-Erich Wienke",author
1971,242,"D. Nowka: Sinfonietta II","Hans-Erich Wienke",author
1971,243,"Prof. Dr. Hans Pezold zum 70. Geburtstag","Paul Willert",author
1971,243,"Prof. Dr. Hans Pezold zum 70. Geburtstag","Ruth Dähne",author
1971,244,"Die Gitarre in der Singebewegung","Gerhard Willmitzer",author
1971,245,"Heinz Krause-Graumnitz zum. 60","Werner Wolf",author
1971,246,"Hellmuth Christian Wolff 65","Werner Wolf",author
1971,247,"Realistische und expressive Sprachmelodie zur Zeit Janáčeks: In: Collocuium Leoš
            Janáček et Musica Europaen","Hellmuth Christian Wolff",author
1971,248,"Das Märchen von der Neapolitanischen Oper und Metastasio","Hellmuth Christian Wolff",author
1971,249,"Manierismus und Musikgeschichte","Hellmuth Christian Wolff",author
1971,250,"Musikerziehung und sozialistisches Musikschaffen - Kolloquium für Musikerzieher im
            Rahmen der III. Musik-Biennale","Wolfgang Wunder",author
1971,252,"Das Beethovenporträt von Waldmüller","Helmut Zeraschi",author
1971,253,"Bartolommeo Cristoforis Erfindung","Helmut Zeraschi",author
1971,254,"Das Buch von der Drehorgel","Helmut Zeraschi",author
1971,255,"Rudolf Mauersberger","Ingo Zimmermann",author
1971,256,"Der Arbeitergesang in Thüringen von seinen Anfängen bis zum Jahre 1914. Ein Beitrag
            zur Geschichte der Arbeiterbewegung in Deutschland","Kurt Thomas",author
1971,"F 1","Die historischen Theaterzettelsammlungen in der DDR und ihre musikwissenschaftlichen
            Aspekte","Peter Ansehl",author
1971,"F 2","Die Bühnenmusik Hanns Eislers","Ingeborg Allihn",author
1971,"F 4","Finalproblem im Opernschaffen der DDR (Kollektivpromotion mit Hans-Jürgen
            Schneider)","Klaus C. Barnikol",author
1971,"F 5","Die Bedeutung des Davidsbündlerkreises für die Musikanschauung und die
            Musikgeschichte des 19. Jahrhunderts","Johannes Besser",author
1971,"F 6","Struktur und Wirkung des Instrumentalkonzertes in der DDR 1945 bis 1969","Jürgen Beythien",author
1971,"F 7","Untersuchungen über den Leistungsstand der Studierenden im Fach Sprecherziehung von
            der Aufnahme bis zur Abschlußprüfung","Barbara Bley",author
1971,"F 8","Clara Schumann - Mensch und Künstlerin in ihrer Zeit (Arbeitstitel)","Renate Bormann",author
1971,"F 9","Das Lebenswerk Max Buttings","Dietrich Brennecke",author
1971,"F 10","Methodik der Musikerziehung","Hella Brock",author
1971,"F 10","Methodik der Musikerziehung"," Kollektiv",author
1971,"F 11","Das Zusammenwirken der künstlerisch-ästhetischen Fächer bei der Erziehung
            sozialistischer Persönlichkeiten (Arbeitstitel)","Hella Brock",author
1971,"F 11","Das Zusammenwirken der künstlerisch-ästhetischen Fächer bei der Erziehung
            sozialistischer Persönlichkeiten (Arbeitstitel)"," Kollektiv",author
1971,"F 12","Orgel-Inventar des Denkmalbezirks Erfurt","Ulrich Dähnert",author
1971,"F 13","Orgel-Inventar des Denkmalbezirks Dresden","Ulrich Dähnert",author
1971,"F 14","Funktion der Zeitschrift 'Musik in der Schule' bei der Verwirklichung der Bildungs-
            und Erziehungsziele der sozialistischen Schule in der Deutschen Demokratischen
            Republik","Günther Diezel",author
1971,"F 15","Didaktisch-methodische Untersuchungen zur Vorbereitung und Planung- des
            Unterrichtsprozesses im Fach Musik","Kurt Dittrich",author
1971,"F 16","Akustische Untersuchungen der Vibration bei Gesangsstimmen und ihre Bedeutung für den
            Informationswert beim Musikhören","Paul Wilhelm Donath",author
1971,"F 17","Dokumentation zur Geschichte der deutschen Arbeitersängerbewegung","Traude Ebert-Obermeier",author
1971,"F 18","Das Verhältnis der deutschen Arbeiterklasse zur Instrumentalmusik, dargestellt bis
            zum Jahre 1933","Traude Ebert-Obermeier",author
1971,"F 19","Kritische Betrachtung der Harmoniksysteme von Moritz Hauptmann und Arthur von
            Oettingen","Günther Eisenhardt",author
1971,"F 20",Bach-Forschung,"Rudolf Eller",author
1971,"F 21",Vivaldi-Forschung,"Rudolf Eller",author
1971,"F 22","Mecklenburgische Regional-Musikgeschichtsforschung","Rudolf Eller",author
1971,"F 22","Mecklenburgische Regional-Musikgeschichtsforschung","Karl Heller",author
1971,"F 23","Arabische Musik","Jürgen Elsner",author
1971,"F 24","Studien zum Musikleben der Römer","Günter Fleischhauer",author
1971,"F 25","Kritischer Bericht und Händels Triosonaten (Arbeitstitel)","Siegfried Flesch",author
1971,"F 26","Die Sonatensatzform im Schaffen Béla Bartóks","Johannes Forner",author
1971,"F 27","Der Versuch eines wissenschaftlich-fundierten Systems der Musikerziehung durch
            Richard Kaden (1856-1923) und die daraus entspringenden progressiven Traditionslinien
            zur sozialistischen Musikerziehung","Siegfried Freitag",author
1971,"F 28","Der Beitrag des Musikunterrichts zur Herausbildung der sozialistischen
            Persönlichkeit","Siegfried Freitag",author
1971,"F 29","Untersuchungen über die ideelle Programmatik in der Sinfonik bei Dmitri
            Schostakowitsch","Evelin Fresenius",author
1971,"F 30","Klassifikationsprobleme der Musik unter spezifischer Berücksichtigung der
            Musikalgattung Marsch","Ulrich Frick",author
1971,"F 31","Wort-Ton-Beziehungen im Opernschaffen von Robert Hanell","Dietmar Fritzsche",author
1971,"F 32","Zur Ausbildung von Lehrern für den Unterricht im Fach Gesang/Musik an
            allgemeinbildenden Schulen in Deutschland seit 1900","Wolfgang Frohberg",author
1971,"F 33","Das Cembalo in de. Musik des 20. Jahrhunderts","Eberhard Geiler",author
1971,"F 34","Fritz Reuter - seine Entwicklung vom bürgerlichen Kapellmeister, Komponisten und
            Musikwissenschaftler zum sozialistischen Lehrerbildner","William Geißler",author
1971,"F 35","Untersuchungen zum Schlager in der DDR: Funktion - Spezifik - Wertkriterien","Caroline Gerlach",author
1971,"F 36","Die Entwicklung der Singefähigkeit bei Krippenkindern","Dieter Gleß",author
1971,"F 37","Untersuchungen zum Intensitätsvibrato der Sängerstimme","Wolfgang Goldhan",author
1971,"F 38","Dialektische Methoden der musikalischen Inhalts-Erforschung (Syntaktisch-semantische
            Struktur-Untersuchungen)","Harry Goldschmidt",author
1971,"F 39","Konzeptionelle Struktur-Untersuchungen an einigen Werken Beethovens","Harry Goldschmidt",author
1971,"F 40","Die Stellung der Blockflöte im Musikleben des 20. Jahrhunderts","Lieselotte Göring",author
1971,"F 41","Grundfragen der optimalen Klangstruktur zeitgenössischer Konzertorgeln und
            Richtlinien für die Gestaltung der gemischten Register","Frank-Harald Greß",author
1971,"F 42","Kritische Betrachtungen hermeneutischer Verfahren in pädagogischen Schriften zum
            Musikhören","Annelore Günther",author
1971,"F 43","Der Beitrag des Chorsingens zur ästhetischen Erziehung und Bildung der Arbeiterklasse
            in der Deutschen Demokratischen Republik","Claus Haake",author
1971,"F 44","Der Einfluß der Technik auf die Entwicklung der Tanz- und Unterhaltungsmusik","Ingolf Haedicke",author
1971,"F 45","Untersuchungen zur lerntheoretischen Funktion der Höraufgabenstellung bei der
            Formenbetrachtung im Musikunterricht der Mittelstufe","Margret Hager",author
1971,"F 46","Zur Entwicklung der Hörfähigkeit in den Klassen 5 bis 12 im Musikunterricht
            (Arbeitsthema)","Jochen Halm",author
1971,"F 47","Die Cembalo-Sammlung im Instrumentenmuseum der Karl-Marx-Universität Leipzig","Hubert Henkel",author
1971,"F 48","Das Transmissionen-Singen im kubanischen Spiritismus - Musikethnologische und
            soziologische Untersuchungen zur Transkulturations-Problematik im
            städtisch-halbproletarischen Kontaktbereich der afroiden und europäiden Gruppenkulturen
            Kubas","Axel Hesse",author
1971,"F 49","Der Beitrag von Johannes R. Bechers Lyrik zum sozialistisch-realistischen
            Vokalschaffen in der DDR, nachgewiesen am Genre des klavierbegleiteten Sololiedes
            (1945-1961/62)","Gudrun Hillemann",author
1971,"F 50","Das Massenlied. Zum Begriff und zur Entwicklungsgeschichte in der DDR. Leipzig, Phil.
            Diss., Beginn","Eva-Maria Hillmann",author
1971,"F 51","Beiträge zur Musikgeschichte Magdeburgs im 19. Jahrhundert","Wolf Hobohm",author
1971,"F 52","Spezifika des Musikerlebnisses in ihrer Bedeutung für die Entwicklung sozialistischer
            Persönlichkeiten und Kollektive","Winfried Höntsch",author
1971,"F 53","Musikgeschichte von Glauchau","Walter Hüttel",author
1971,"F 54","Untersuchungen zur Geschichte der Variation. (Kollektivpromotion mit Hanna
            John)","Ursula Ismer",author
1971,"F 55","Die Musikerziehung in Westdeutschland seit der Zerschlagung des Faschismus. Ein
            Beitrag zur Klärung ihrer politischen, ideologischen und. pädagogischen Position unter
            besonderer Berücksichtigung einiger Aspekte der schulischen und außerschulischen
            Musikerziehung","Walter Jäger",author
1971,"F 56","Die Spezifik der Ballettmusik","Peter Jarchow",author
1971,"F 57","Untersuchungen zur Geschichte der Variation: (Kollektivpromotion mit Ursula
            Ismer)","Hanna John",author
1971,"F 58","Gottfried August Homilius und die evangelische Kirchenmusik Dresdens im 18.
            Jahrhundert","Hans John",author
1971,"F 59","Musikalische Syntax und sozialhistorische Praxis in der arbeitsfunktionalen
            Signalgebung deutscher Viehhirten","Christian Kaden",author
1971,"F 60","Wert und Wertung aus der Sicht der Musikästhetik und Musikpädagogik
            (Arbeitsthema)","Werner Kaden",author
1971,"F 61","Marin Marais' Virtuosität in seinen 'Pièces de Viole' Bde I-V","Erwin Kestner",author
1971,"F 62","Idealbildung durch. Musik als ein Faktor bei der Herausbildung der Persönlichkeit im
            Pubertätsalter","Erika Kießling",author
1971,"F 63","Untersuchungen zum sinfonischen Schaffen der jüngeren Komponistengeneration in der
            DDR","Eberhard Kneipel",author
1971,"F 64","Werkbetrachtung im Unterrichtsbereich Musikhören der Klassen 5 bis 10","Anita Kober",author
1971,"F 65","Musikpflege der Stadt Jena von 1750 bis zur Gegenwart","Rüdiger Kopczak",author
1971,"F 66","Die Bedeutung der Klavierimprovisation in der Musikerziehung der DDR. Ein Beitrag zur
            schöpferischen Gestaltung des Musikunterrichts und zur Entwicklung sozialistischer
            Erziehungspersönlichkeiten","Albrecht Krauß",author
1971,"F 67","Untersuchungen zur Struktur musikalischer Interessen bei Schülern der Klassen 5 bis
            12 der sozialistischen Oberschule der DDR unter dem besonderen Aspekt des Anteils von
            Interesse für Tanz- und Unterhaltungsmusik","Lothar Kunze",author
1971,"F 68","Zur Steuerung des pianistischen Interpretationsprozesses und der pianistischen
            Ausbildung","Welitschka Lakowa",author
1971,"F 69","Quellenstudien zum italienischen Intermezzo comico per musica und zu seiner
            Geschichte in Dresden","Ortrun Landmann",author
1971,"F 70","Die Funktion des Akkordeons innerhalb der Musikkultur Deutschlands und die
            Entwicklung seiner Spieltechnik in der Zeit von 1918 bis zur Gegenwart', darqestellt an
            den wichtigsten Schulwerken und der Spielliteratur","Hans Luck",author
1971,"F 71","Systematische Untersuchungen zur Intonation der Streichquartettinstrumente","Rudolf Lüdeke",author
1971,"F 72","Katalog aller gedruckt erschienenen Jugendsingelieder der in der DDR erscheinenden
            Tageszeitungen, Zeitschriften, Broschüren, Liederhefte und Liederbücher","Hans Lukoschek",author
1971,"F 73","Klaviermusik der DDR unter besonderer Berücksichtigung der Klaviersonate","Ulrich Madauß",author
1971,"F 74","Die Beziehungen zwischen französischer Operette und deutschem Singspiel
            1750-1780","Jürgen Mainka",author
1971,"F 75","Analyse einer musiksoziologischen Untersuchung","Wernfried Maltusch",author
1971,"F 75","Analyse einer musiksoziologischen Untersuchung","Roland Nauenburg",contributor
1971,"F 75","Analyse einer musiksoziologischen Untersuchung","Gudrun Drude",contributor
1971,"F 75","Analyse einer musiksoziologischen Untersuchung","Lilo Mühlberg",contributor
1971,"F 76","Das Verhältnis von auditiver und visueller Analyse beim Erfassen musikalisch
            gestalteter Zeitstrukturen","Klaus Mehner",author
1971,"F 77","Untersuchungen zu den Entwicklungstendenzen des Suitenschaffens in der DDR und seiner
            Funktion im Bereich der Musikerziehung","Burkhard Meier",author
1971,"F 78","Psychologische Untersuchungen zum Entwicklungsniveau musikalischer Fähigkeiten bei
            Schuleintritt","Paul Michel",author
1971,"F 79","Robert Schumanns künstlerische Entwicklung in seinem Liedschaffen","Eberhard Möller",author
1971,"F 80","Der Wandel des Beethoven-Bildes und sein Niederschlag in der musikpädagogischen
            Literatur - Ein Beitrag zum Beethoven-Jahr 1970","Günther Müller",author
1971,"F 81","Das Musikhören als Bestandteil des Musikunterrichts der allgemeinbildenden Schule in
            Geschichte und. Gegenwart. Ein theoretisch-historischer Beitrag zur Niveaubestimmung des
            Musikhörens im Musikunterricht der allgemeinbildenden sozialistischen Schule","Walter Müller",author
1971,"F 82","Zum Problem des Schumannschen Spätwerkes","Gerd Neuhaus",author
1971,"F 83","Untersuchungen zur Musikgeschichte Meiningens","Hans Nolte",author
1971,"F 84","Die Streichquartette Dmitri Schostakowitschs","Ekkehard Ochs",author
1971,"F 85","Die Eisenacher Hofkapelle 1672-1741","Claus Oefner",author
1971,"F 86","Pädagogisch-methodische und psychologische Grundsätze der Entwicklung der
            musikalisch-ästhetischen Erlebnisfähigkeit der Schüler im Unterricht","Günter Olias",author
1971,"F 87","Die Codices Ms. 49/50 und Ms. 51 der Thomaskirche in der Universitätsbibliothek
            Leipzig. Ein Beitrag zur Musikgeschichte des 16. Jahrhunderts","Wolfgang Orf",author
1971,"F 88","Einstellungsstereotype bei der Rezeption von Tanzmusik und tanzmusikähnlicher Musik
            durch Jugendliche","Karl-Heinz Otte",author
1971,"F 89","Die Entwicklung des theoretisch-ästhetischen Denkens im Bereich der Berliner
            Musikkultur von den Anfängen der Aufklärung bis zu Reichardt und Zelter","Hans-Günter Ottenberg",author
1971,"F 90","Funktion und Formen des Tanzes zwischen 1800 und 1914: Studien zur Geschichte und
            Rezeption des Tanzes in Deutschland","Kurt Petermann",author
1971,"F 91","Untersuchungen zur musikalischen Leistungsfähigkeit cerebralparetischer
            Kinder","Otto Preu",author
1971,"F 92","Zur Frage des Populären bei Mozart","Horst Reichenbach",author
1971,"F 93","Die Berliner Hofkapelle im 16. und 17. Jahrhundert (Arbeitstitel)","Horst Richter",author
1971,"F 94","Zu aktuellen Problemen der Operngeschichte der DDR: Untersuchungen zum Opernschaffen
            der letzten Jahre","Gerd Rienäcker",author
1971,"F 95","Das Klavierspiel und seine Lehre im deutschsprachigen musikalischen und pädagogischen
            Schrifttum des 18. Jahrhunderts. Beiträge zur Geschichte der musikalischen Bildung im
            Zeitalter der Aufklärung","Egon Rubisch",author
1971,"F 96","Ethische Konstanz und stilistische Kontinuität im Schaffen Alexander Nikolajewitsch
            Skrjabins unter besonderer Berücksichtigung seiner Klavierkompositionen","Christof Rüger",author
1971,"F 97","Die Entwicklung des Jugendliedes im Gebiet der DDR in den Jahren von 1945 bis
            1954","Klaus-Dieter Scharfenberg",author
1971,"F 98","Hanns Eislers Wirken in der Emigration von 1938 bis zu seiner Rückkehr","Jürgen Schebera",author
1971,"F 99","Die Musikerziehung in Deutschland zwischen der Französischen Revolution von 1789 und
            der bürgerlich-demokratischen Revolution von 1848","Gerhard Schmidt",author
1971,"F 100","Hans von Bülow - Pianist und Dirigent","Ernst Schneider",author
1971,"F 101","Das Streichquartett im kompositorischen Schaffen der Deutschen Demokratischen
            Republik","Frank Schneider",author
1971,"F 102","Introduktionsprobleme im Opernschaffen der DDR (Kollektivpromotion mit Klaus C.
            Barnikol)","Hans-Jürgen Schneider",author
1971,"F 103","Untersuchungen über positive Beeinflussung von Monotonieerscheinungen in spezifischen
            Arbeitssituationen in Großbetrieben","Christoph Schwabe",author
1971,"F 104","Untersuchungen über die Wirkung unterschiedlicher Musik auf das Verhalten von Kühen
            unter der Bedingung der technisierten Milchabgabe","Christoph Schwabe",author
1971,"F 105","Zur Qualitätsbewertung von Musikinstrumenten","Helmut Seidl",author
1971,"F 106",Händel-Forschung,"Walther Siegmund-Schultze",author
1971,"F 107","Vertonungen gleicher Texte von Bertolt Brecht als Solo- oder einstimmige Chorlieder
            mit Instrumentalbegleitung durch verschiedene Komponisten der DDR","Gerhard Stahlbaum",author
1971,"F 108","Das mitteldeutsche Singspiel in der zweiten Hälfte des 18. Jahrhunderts","Eberhard Steindorf",author
1971,"F 109","Beiträge zur Geschichte der Musiküberlieferung in mitteldeutschen Handschriften des
            16. Jahrhunderts","Wolfram Steude",author
1971,"F 110","Kommauntersuchungen beim zweistimmigen Sinnen mittels Zählröhrenmeßgerät","Martin Stiebritz",author
1971,"F 111","Die Aufführungen von Opern Händels auf deutschen Bühnen im Zeitraum 1705-1952","Stephan Stompor",author
1971,"F 112","Die Sinfonien Sergej Prokofjews. Ein Beitrag zur Methodik der Analyse","Friedbert Streller",author
1971,"F 113","Die Klaviersonate von 1830-1850. Ein Beitrag zur Geschichte der Klaviersonate","Hanne-Dore Thäle",author
1971,"F 114","Untersuchungen zum Busoni-Bild anhand seines Nachlasses","Jutta Theurich",author
1971,"F 115","Zur spezifischen Funktion und ästhetischen Kategorienbestimmung der Musik zu
            Fernsehfilmen des Deutschen Fernsehfunks","Wolfgang Thiel",author
1971,"F 116","Heinrich Sattler, ein Wegbereiter für die Entfaltung einer volkstümlichen
            Musikpflege. Ein Beitrag zur Landschaftsforschung im Bereich Vorderharz des 19.
            Jahrhunderts","Eitelfriedrich Thom",author
1971,"F 117","Der Arbeitergesang in Thüringen von seinen Anfängen bis zum Jahre 1914. Ein Beitrag
            zur Geschichte der Arbeiterbewegung in Deutschland","Kurt Thomas",author
1971,"F 118","Untersuchungen zum klavierbegleiteten Sololied im DDR-Musikschaffen.
            (Arbeitsthema)","Anneliese Thümmler",author
1971,"F 119","Untersuchungen zur Ästhetik und Aufführungspraxis der italienischen Opera seria des
            18. Jahrhunderts unter besonderer Berücksichtigung der Affekten-Erkennung","Karl-Heinz Viertel",author
1971,"F 120","Diether Noll, Leben und Werk, Versuch der Würdigung eines Komponisten der jüngeren
            Generation in der Deutschen Demokratischen Republik","Günter Vogel",author
1971,"F 121","Über tonikales und modales Singen in der Unterstufe - Beitrag zur Untersuchung
            musikalischer Leistungsfähigkeit","Hans Vogel",author
1971,"F 122","Der Typ des Prokofjewschen Instrumentalkonzertes. Seine Stellung und Bedeutung in der
            Gegenwart","Gerhard Wappler",author
1971,"F 123","Das musikalische Thema - seine tonsprachlichen Funktionen und Positionen
            (Arbeitstitel)","Martin Wehnert",author
1971,"F 124","Richard Wagners geistige und künstlerische Entwicklung nach 1848","Werner Wolf",author
1971,"F 125","Möglichkeiten der Wiederbelebunb der heiteren Oper des 18. Jahrhunderts","Karin Zauft",author
1971,"F 126","Das Solokonzert von Dmitri Schostakowitsch","Carlferdinand Zech",author
1971,"F 127","Die Entwicklung des Gewandhausorchesters seit 1945 und seine weitere Arbeit
            (Arbeitsthema)","Karl Zumpe",author
1972,1,"Zum 300. Todestag von Heinrich Schütz","Christoph Albrecht",author
1972,2,"Johannes Brahms heute. Zum 75. Todestag des Komponisten","Norbert Albrecht",author
1972,3,"Heinrich Schütz 1585-1572, Leben und Werk, Zeit und Persönlichkeit","Ingeborg Allihn",author
1972,4,"Zwei Briefe von Felix Mendelssohn Bartholdy","Wilhelm Anacker",author
1972,5,"Die Musik im geistig-kulturellen Leben der DDR","Ursula Apel",author
1972,5,"Die Musik im geistig-kulturellen Leben der DDR","Werner Rackwitz",author
1972,6,"Bildnisse von Heinrich Schütz: In: Heinrich Schütz 1585-1672, Festtage 1972
            (Festheft)","Ingo Bach",author
1972,7,"Bach-Jahrbuch. Im Auftr. d. Neuen Bachges","Alfred Dürr",editor
1972,7,"Bach-Jahrbuch. Im Auftr. d. Neuen Bachges","Werner Neumann",editor
1972,8,Bach-Jahrbuch,"Alfred Dürr",editor
1972,8,Bach-Jahrbuch,"Werner Neumann",editor
1972,9,"Rezeptionskundliche Untersuchungen zur Tanzmusik in der DDR","Fritz Bachmann",author
1972,11,"Zur Einführung des Rahmenprogramms für die allgemein musikalische Vorunterweisung an
            den Musikschulen","Fritz Beinroth",author
1972,12,"Begabungen frühzeitig erkennen und fördern I Bemerkungen zum Rahmenprogramm für die
            musikalische Bildung und Erziehung im Vorschulalter an den Musikschulen der DDR","Fritz Beinroth",author
1972,13,"Bericht über den Internationalen Beethoven-Kongreß 10.-12. Dezember 1970 in
            Berlin","Heinz Alfred Brockhaus",editor
1972,13,"Bericht über den Internationalen Beethoven-Kongreß 10.-12. Dezember 1970 in
            Berlin","Konrad Niemann",editor
1972,14,"Deutsche Lieder von Robert Morton und Josquin","Heinrich Besseler",author
1972,15,"Frühe Spuren eines realistischen Beethoven-Bildes im Schumann-Brendel-Kreis","Johannes Besser",author
1972,16,"Gerhard Rosenfeld - Konzert für Klavier und Orchester (1969); Konzert für Violoncello
            und Orchester (1967/69). (Schallplattentextheft)","Jürgen Beythien",author
1972,17,"Neue Werke unserer Komponisten. Rainer Kunad: Konzert für Orgel","Hans Böhm",author
1972,18,"Musiktheater, Tanz, Wort und Musik. Zu einem neuen Ballett von Rainer Kunad","Hans Böhm",author
1972,19,"Neue Werke unserer Komponisten, Rudolf Wagner-Régeny: ""Gesänge des Abschieds""","Hans Böhm",author
1972,20,"Karlheinz Stockhausen oder 'Der Imperialismus als höchstes Stadium des
            kapitalistischen Avantgardismus'","Konrad Boehmer",author
1972,21,"Wie die ""Eislers"" zu Eisler fanden. Professor Ruth Zechlin und ihre Kabelwerker.
            (Interview)","Brigitte Braatz",author
1972,22,"Konflikthaftigkeit und Idealität: im klassischen Realismus Ludwig van
            Beethovens","Heinz Alfred Brockhaus",author
1972,23,"Zwanzig Jahre BSO","Erich Brüll",author
1972,24,"Konzerteinführungen und Werkkommentare in Programmheften","Erich Brüll",author
1972,25,"Was wird gespielt","Erich Brüll",author
1972,26,"Das Internationale Musikseminar der DDR in Weimar: In: Festschrift der Hochschule für
            Musik ""Franz Liszt"" Weimar zum hundertsten Jahrestag","Johann Cilenšek",author
1972,26,"Das Internationale Musikseminar der DDR in Weimar: In: Festschrift der Hochschule für
            Musik ""Franz Liszt"" Weimar zum hundertsten Jahrestag","Edgar Hartwig",author
1972,27,"Die Beethoven-Gesamtausgabe des VEB Deutsche Schallplatten, Ergebnisse, Erkenntnisse
            und Probleme einer umfassenden Klassikeredition auf Schallplatten","Peter Czerny",author
1972,28,"Das Verhältnis der deutschen Arbeiterklasse zur Instrumentalmusik, dargestellt bis
            zum Jahre 1933","Traude Ebert-Obermeier",author
1972,29,"Zur Beethoven-Rezeption Hanns Eislers","Jürgen Elsner",author
1972,30,"Zum Problem der Tradition in den Musikkulturen Außereuropas. Koreferat auf dem 7.
            Kongreß des Internationalen Musikrates in Moskau","Jürgen Elsner",author
1972,31,"Hanns Eisler - Die Mutter (Kantate). (Taschentext)","Jürgen Elsner",author
1972,32,"Hanns Eisler - Lieder mit Ernst Busch. (Taschentext)","Jürgen Elsner",author
1972,33,"Hanns Eisler - Rhapsodie für großes Orchester (nach: Goethe: ""Faust"" II, 1949).
            Vorspiel und Gesang aus d. Bühnenmusik zu ""Wilhelm Teil"" (1962); Drei Männerchöre op. 10
            (nach: Heine, 1926/27), Zwei Sonette von Bertolt Brecht (1938); Glückliche Fahrt (nach:
            Goethe, 1946); Das Vorbild (nach: Goethe, 1951), (Taschentext)","Jürgen Elsner",author
1972,34,"Klassenauseinandersetzung im Chanson. Hinweise zur Stoffeinheit 8 der Klasse
            9","Erhard Ender",author
1972,34,"Klassenauseinandersetzung im Chanson. Hinweise zur Stoffeinheit 8 der Klasse
            9","Hans Fehske",author
1972,35,"Zur Behandlung von Schlagern im Musikunterricht und im außerunterrichtlichen
            Bereich","Erhard Ender",author
1972,35,"Zur Behandlung von Schlagern im Musikunterricht und im außerunterrichtlichen
            Bereich","Siegfried Freitag",author
1972,36,"Interessante und wertvolle Beatmusik aus der befreundeten Volksrepublik Polen","Erhard Ender",author
1972,36,"Interessante und wertvolle Beatmusik aus der befreundeten Volksrepublik Polen","Siegfried Freitag",author
1972,37,"Hanslick, Eduard: Musikkritiken","Lothar Fahlbusch",editor
1972,38,"Klassenauseinandersetzung im Chanson. Hinweise zur Stoffeinheit 8 der Klasse
            9","Hans Fehske",author
1972,38,"Klassenauseinandersetzung im Chanson. Hinweise zur Stoffeinheit 8 der Klasse
            9","Erhard Ender",author
1972,39,"Zur Tradition der Beethoven-Pflege des Gewandhausorchesters","Werner Felix",author
1972,40,"Festschrift der Hochschule für Musik ""Franz Liszt"" Weimar zum hundertsten Jahrestag
            ihrer Gründung als Orchesterschule (1872/1972)","Edgar Hartwig",editor
1972,40,"Festschrift der Hochschule für Musik ""Franz Liszt"" Weimar zum hundertsten Jahrestag
            ihrer Gründung als Orchesterschule (1872/1972)"," Red.-Kollektiv",editor
1972,41,"Beethoven und die Antike","Günter Fleischhauer",author
1972,42,"Zehn Jahre Telemann-Arbeitskreis in Magdeburg","Günter Fleischhauer",author
1972,43,"""Lust und Fleiß kann Wege finden..."". 20 Jahre Telemann-Kammerorchester","Günter Fleischhauer",author
1972,44,"Georg Friedrich Händels Triosonaten. (Teil A)","Siegfried Flesch",author
1972,45,"Operette und Musical im Musikunterricht","Siegfried Freitag",author
1972,46,"Die Instrumente des Sinfonieorchesters. Hinweise zur Stoffeinheit 9 der Klasse
            6","Siegfried Freitag",author
1972,47,"Musik großer Gefühlstiefe und Volksverbundenheit. Hinweise zur Stoffeinheit 2 der
            Klasse 10 des neuen Lehrplans","Siegfried Freitag",author
1972,48,"Zur Behandlung von Schlagern im Musikunterricht und im außerunterrichtlichen
            Bereich","Siegfried Freitag",author
1972,48,"Zur Behandlung von Schlagern im Musikunterricht und im außerunterrichtlichen
            Bereich","Erhard Ender",author
1972,49,"Der Wandel im Interpretationsideal der Klaviersonaten Ludwig van Beethovens","Barbara Friege",author
1972,50,"Zur Kontinuität der Kultur- und Schulpolitik der Sozialistischen Einheitspartei
            Deutschlands","William Geißler",author
1972,50,"Zur Kontinuität der Kultur- und Schulpolitik der Sozialistischen Einheitspartei
            Deutschlands","Günther Müller",author
1972,51,"Fünf Sätze für Streichorchester von Günter Kochan","Hannelore Gerlach",author
1972,52,"""Pinocchios Abenteuer"" - eine neue Kinderoper von Kurt Schwaen. Bemerkungen zum Werk
            Und zu Möglichkeiten einer Einführung","Hannelore Gerlach",author
1972,53,"""Icke und die Hexe Yu"" - eine Einführung in ein neues Singspiel für die
            Jugend","Hannelore Gerlach",author
1972,54,"Neue Werke unserer Komponisten. Ruth Zechlin: 4. Streichquartett","Hannelore Gerlach",author
1972,55,"Neue Werke unserer Komponisten. Siegfried Matthus: Oktett 1970","Hannelore Gerlach",author
1972,56,"Musiktheater. Anspruchsvolles Vergnügen. (Georg Katzer","Hannelore Gerlach",author
1972,57,"Tschastuschki - Kontraste - Poeme. Zum Schaffen von Rodion Stschedrin","Hannelore Gerlach",author
1972,58,"Zur Entwicklung der Singefähigkeit bei Kleinkindern","Dietrich Gleß",author
1972,59,"Improvisation leicht gemacht. Anleitung zum Gottesdienstlichen Orgelspiel","Ernst-Otto Göring",author
1972,60,"Untersuchungen zum Intensitätsvibrato der Sängerstimme","Wolfgang Goldhan",author
1972,61,"Felix Mendelssohn Bartholdys Lieder für gemischten Chor und Männerchor","Wolfgang Goldhan",author
1972,62,"Der späte Beethoven - Versuch einer Standortbestimmung","Harry Goldschmidt",author
1972,63,"Beethovens Anweisungen zum Spiel der 'Cramer-Etüden","Harry Goldschmidt",author
1972,64,"Musikvermittlung wird im Sozialismus ernst genommen, (Populärwissenschaftliche Tagung
            in Frankfurt/Oder)","Harry Goldschmidt",author
1972,65,"Bewegung als Triebkraft. Zur Uraufführung des Balletts ""Wir aber nennen Liebe
            lebendigen Frieden"" von Rainer Kunad in Dresden","Werner Gommlich",author
1972,66,"Im Sozialismus handelt es sich vor allem um Erziehung! Zum 10. Todestag von Hanns
            Eisler am 6. September 1972","Manfred Grabs",author
1972,67,"Jugend- und Schulkonzerte","Hans Grandi",author
1972,68,"Die Entwicklung der Abteilung Schulmusikerziehung seit 1946: In: Festschrift der
            Hochschule für Musik ""Franz Liszt"" Weimar zum hundertsten Jahrestag","Helmut Großmann",author
1972,69,"Musik in neueren Gegenwartsfilmen der DEFA","Vera Grützner",author
1972,70,"Beethovens Bestimmung des Sinfonischen als Ausdruck seines Realismus","Peter Gülke",author
1972,71,"Wider die Übermacht des Thematischen. Zum Verständnis César Francks anhand seiner
            d-Moll-Sinfonie","Peter Gülke",author
1972,72,"Kritische Betrachtung hermeneutischer Verfahren in pädagogischen Schriften zum
            Musikhören","Annelore Günther",author
1972,73,"Der Dichter und der Komponist. Zu E.T.A. Hoffmanns 150. Geburtstag am 25.
            Juni","Klaus Günzel",author
1972,74,"Zur Erarbeitung von Werken G.F. Händels im Chor des Kombinates VEB Chemische Werke
            Buna","Claus Haake",author
1972,75,"Aktuelle Fragen unserer Musikkultur","Claus Haake",author
1972,76,"Händel - Jahrbuch 1971"," Georg-Friedrich-Händel-Gesellschaft",editor
1972,76,"Händel - Jahrbuch 1971","Walther Siegmund-Schultze",editor
1972,77,"Forum ""Musik in der DDR"" 1972","Mathias Hansen",author
1972,78,"Musikalische Bildung im Rundfunk","Mathias Hansen",author
1972,79,"Zur Entwicklung und zu aktuellen Problemen des marxistisch-leninistischen
            Grundlagenstudiums an der.Franz-Liszt-Hochschule: In: Festschrift der Hochschule für
            Musik ""Franz Liszt"" Weimar zum hundertsten Jahrestag","Edgar Hartwig",author
1972,80,"Die Staatliche Musikschule bzw. Hochschule für Musik von 1918 bis 1945: In:
            Festschrift der Hochschule für Musik ""Franz Liszt"" Weimar zum hundertsten
            Jahrestag","Edgar Hartwig",author
1972,80,"Die Staatliche Musikschule bzw. Hochschule für Musik von 1918 bis 1945: In:
            Festschrift der Hochschule für Musik ""Franz Liszt"" Weimar zum hundertsten
            Jahrestag","Kurt Thomas",author
1972,80,"Die Staatliche Musikschule bzw. Hochschule für Musik von 1918 bis 1945: In:
            Festschrift der Hochschule für Musik ""Franz Liszt"" Weimar zum hundertsten
            Jahrestag","Paul Michel",author
1972,81,"Das Internationale Musikseminar der DDR in Weimar: In: Festschrift der Hochschule für
            Musik ""Franz Liszt"" Weimar zum hundertsten Jahrestag","Edgar Hartwig",author
1972,81,"Das Internationale Musikseminar der DDR in Weimar: In: Festschrift der Hochschule für
            Musik ""Franz Liszt"" Weimar zum hundertsten Jahrestag","Johann Cilenšek",author
1972,83,"Neue Werke unserer Komponisten. Rainer Kunad: ""Von der Kocherie""","Fritz Hennenberg",author
1972,84,"Die Fähigkeit der Jugend zur Anpassung an die imperialistische Gesellschaftsordnung
            und ihren Kulturbetrieb - ein Hauptziel der gegenwärtigen Musikerziehung in der
            BRD","Rainer Herberger",author
1972,85,"Musik-Lehrbuch für die Klassen 9 und 10","Rainer Herberger",author
1972,85,"Musik-Lehrbuch für die Klassen 9 und 10","Hans Pezold",author
1972,86,"Die Widerspiegelung der Entwicklung unserer Republik im sozialistischen Jugendlied.
            Hinweise zur 1. Stoffeinheit der 8. Klasse","Günter Herold",author
1972,87,"Ludwig van Beethovens Konversationshefte","Grita Herre",editor
1972,87,"Ludwig van Beethovens Konversationshefte","Karl-Heinz Köhler",editor
1972,87,"Ludwig van Beethovens Konversationshefte","Günter Brosche",contributor
1972,88,"Aus der Arbeit an Beethovens Konversationsheften. Zu speziellen
            Untersuchungsergebnissen","Grita Herre",author
1972,89,"Hugo Distler - Rufer und Mahner","Ursula Herrmann",author
1972,90,"Klassiker-Rezeption und epische Spielweise auf der Musikbühne: In: Jahrbuch der
            Komischen Opern XII. Spielzeit 1971/72","Joachim Herz",author
1972,91,"Ernst Hermann Meyers ""Leinefelder Divertimento"" im Unterricht der erweiterten
            Oberschule","Heinrich Hillmann",author
1972,92,"Ludwig van Beethovens 5. Sinfonie","Heinrich Hillmann",author
1972,93,"Ludwig van Beethoven und seine Verleger: Im besonderen dargestellt an seinen
            Beziehungen zum Leipziger Musikverlag Breitkopf &amp; Härtel","Ferdinand Hirsch",author
1972,94,"Georg Philipp Telemann: Ha ha! wo will wi hüt noch danzen. Kantate für Sopran,
            Violine und Basso continuo. Neudr","Wolf Hobohm",editor
1972,95,"Ernst Carl Ludwig Westenholz, Ein bedeutender Sänger der deutschen Frühoper","Wolf Hobohm",author
1972,96,"Gut informieren - rechtzeitig vorbereiten, Hinweise zur Einführung der neuen
            Lehrpläne für den Musikunterricht in den Klassen 5 bis 10","Karl Hoffmann",author
1972,97,"Wissen und Können anwenden - Leistungsfortschritt sichern. Gedanken zur Einführung
            des neuen Lehrplans Klasse 6","Karl Hoffmann",author
1972,98,"Das klingende Musikwerk im Mittelpunkt des Musikhörens. Hinweise zum neuen Lehrplan
            für Klasse 7","Karl Hoffmann",author
1972,99,"Singen und Musikhören eng verbunden. Hinweise zum neuen Lehrplan für Klasse 8","Karl Hoffmann",author
1972,100,"Wie erreichen wir eine neue Qualität in der didaktisch-methodischen Gestaltung des
            Musikunterrichts? Gedanken zur Realisierung des neuen Lehrplans in Klasse 9","Karl Hoffmann",author
1972,101,"Spielbegriff und Spieltheorie im Ansatz der marxistischen Ästhetik","Hans Gunter Hoke",author
1972,102,"Beethovens Bedeutung für das kulturelle Leben einer ländlichen Schrittmachergemeinde
            in der DDR","Walter Hüttel",author
1972,103,"Zur Geschichte des Musikverlags im südwestlichen Sachsen","Walter Hüttel",author
1972,104,"Bartholomäus Crasselius","Walter Hüttel",author
1972,105,"Günter Kochan","Wolfgang Hütter",author
1972,106,"Der Minister und der Eremit. Zum deus ex machina bei Beethoven und bei Weber","Hans-Jochen Irmer",author
1972,107,"Das Kammerorchester der Franz-Liszt-Hochschule: In: Festschrift der Hochschule für
            Musik ""Franz Liszt"" Weimar zum hundertsten Jahrestag","Dieter Jahn",author
1972,108,"Jahrbuch der Komischen Oper Berlin XII, Spielzeit 1971/72","Horst Seeger",editor
1972,108,"Jahrbuch der Komischen Oper Berlin XII, Spielzeit 1971/72"," Dramaturg. Abt. d. Komischen Oper Berlin",editor
1972,109,"Das heitere Musiktheater und die mittleren Bühnen","Harald Joachim",author
1972,110,"Die Entwicklung der Musikschule zu einer sozialistischen Ausbildungsstätte
            (1951-1967): In: Festschrift der Hochschule für Musik ""Franz Liszt"" Weimar zum
            hundertsten Jahrestag","Hans Rudolf Jung",author
1972,111,"Johann Georg Conradi. T. 2","Hans Rudolf Jung",author
1972,112,"Bartók, Béla: Musiksprachen, Aufsätze und Vorträge","Christian Kaden",editor
1972,112,"Bartók, Béla: Musiksprachen, Aufsätze und Vorträge","Bence Szabolcsi",editor
1972,113,"Die Kunst dem Volke. Zum 50. Jahrestag der Gründung der UdSSR","Werner Kaden",author
1972,114,"Paul Kurzbach zum Siebzigsten","Werner Kaden",author
1972,115,"Beethoven in der Schule","Werner Keil",author
1972,116,"Zur Inszenierung der Oper ""Rodelinda"": In: Händel-Jahrbuch 1971. Jg 17","Wolfgang Kersten",author
1972,117,"Zum Unterricht in Komposition: In: Festschrift der Hochschule für Musik ""Franz Liszt""
            Weimar zum hundertsten Jahrestag","Herbert Kirmße",author
1972,118,"Im Schaffensprozeß von Liedern und Chören","Karl Kleinig",author
1972,119,"Shaw, George Bernard: Musikfeuilletons des Corno di Bassetto","Eberhardt Klemm",editor
1972,120,"Neue Werke unserer Komponisten, Gerhard Rosenfeld: Konzert für Harfe, Kontrabaß und
            Orchester","Eberhard Kneipel",author
1972,121,"Neue Werke unserer Komponisten, Gerhild Müller: Concertino für drei Gruppen","Eberhard Kneipel",author
1972,122,"Neue Werke unserer Komponisten, Reiner Dennewitz: 1. Sinfonie (1971)","Eberhard Kneipel",author
1972,123,"Fritz Geißler - Sinfonie Nr. 5; Ruth Zechlin - Kammersinfonie, (Taschentext)","Eberhard Kneipel",author
1972,124,"Das Beethoven-Bild in Geschichte und Gegenwart","Georg Knepler",author
1972,125,"Rolland, Romain: Musiker von heute","Georg Knepler",editor
1972,126,"Mendelssohn - 125 Jahre nach seinem Tode","Georg Knepler",author
1972,127,"Magnet Lortzing. Werkprobleme und Inszenierungsversuche","Ilse Kobán",author
1972,128,"Wer ist Falstaff? Aspekte zur Konzeption der Oper und ihrer zentralen Figur","Ilse Koban",author
1972,129,"Formale Spezifika des sorbischen Volksliedes","Detlef Kobela",author
1972,130,"Wo stawiznach serbskich zukoplatow","Detlef Kobela",author
1972,131,"zum 65. Geburtstag von Prof. Dr. Richard Petzoldt","Hans-Joachim Köhler",author
1972,132,"Die Fachrichtung Orgel-Cembalo: In: Festschrift der Hochschule für Musik ""Franz
            Liszt” Weimar zum hundertsten Jahrestag","Johannes-Ernst Köhler",author
1972,133,"Felix Mendelssohn Bartholdy. 2., veränd. Aufl","Karl-Heinz Köhler",author
1972,134,"Ludwig van Beethovens Konversationshefte, Bd 1, H, 1-10","Karl-Heinz Köhler",editor
1972,134,"Ludwig van Beethovens Konversationshefte, Bd 1, H, 1-10","Grita Harre",editor
1972,134,"Ludwig van Beethovens Konversationshefte, Bd 1, H, 1-10","Günter Brosche",contributor
1972,135,"Beethovens literarische Kontakte - Ein Beitrag zum Weltbild des Komponisten","Karl-Heinz Köhler",author
1972,136,"Die Konversationshefte Ludwig van Beethovens als retrospektive Quelle der
            Mozartforschung. Vortrag, gehalten auf der Jahrestagung des Zentralinstituts für
            Mozartforschung am 21. August 1971 in Salzburg","Karl-Heinz Köhler",author
1972,137,"Heinrich Schütz heute: In: Schütz, Heinrich Schütz 1585-1672, Festtage 1972
            (Festheft)","Siegfried Köhler",author
1972,138,"Die Welt des Balletts. Studien zu einem Kapitel Tanzästhetik","Bernd Köllinger",author
1972,139,"Quellenstudien zur thematischen Konzeption des ""Fidelio""","Günther Kraft",author
1972,140,"Die Musik von 1902 bis 1918: In: Festschrift der Hochschule für Musik ""Franz Liszt""
            Weimar zum hundertsten Jahrestag","Günther Kraft",author
1972,140,"Die Musik von 1902 bis 1918: In: Festschrift der Hochschule für Musik ""Franz Liszt""
            Weimar zum hundertsten Jahrestag","Paul Michel",author
1972,141,"Traum und Wirklichkeit des Eros. Über die Opern von Jules Massenet","Ernst Krause",author
1972,142,"Charme, Poesie, Klugheit. Die Sopranistin Irmgard Arnold: In: Jahrbuch der Komischen
            Oper XII, Spielzeit 1971/72","Ernst Krause",author
1972,143,"Werner Egk","Ernst Krause",author
1972,144,"Autographen, Erstausgaben und Frühdrucke der Werke von Felix Mendelssohn Bartholdy in
            Leipziger Bibliotheken und Archiven","Peter Krause",author
1972,145,"Die Opernschule: In: Festschrift der Hochschule für Musik ""Franz Liszt"" Weimar zum
            hundertsten Jahrestag","Hans Kremers",author
1972,145,"Die Opernschule: In: Festschrift der Hochschule für Musik ""Franz Liszt"" Weimar zum
            hundertsten Jahrestag","Horst Reichenbach",author
1972,146,"""Der letzte Schuß"" - Versuch einer Bilanz. Zum Stück und zur Weimarer
            Inszenierung","Eckart Kröplin",author
1972,147,"Kleiner Chor - ganz groß. Überlegungen und Anregungen zur Kantoreipraxis","Helmut Krüger",author
1972,148,"Komposition - Musikverbreitung - Hörer. Wo ist die Brücke zu bisherigen
            Hörerfahrungen? (II. Musikkongreß der DDR. Diskussionsbeiträge.) - In","Rainer Kunad",author
1972,149,"Vielfalt und Abwechslung der musikalischen Gestaltung in der Variation. Hinweise zur
            7. Stoffeinheit - des Lehrplans für die 5. Klasse","Lothar Kunze",author
1972,150,"Das Pionierlied im Leben des Schülerkollektivs. Hinweise zur Stoffeinheit 1 der
            Klasse 5","Lothar Kunze",author
1972,151,"Etwas über realistisches Handeln in der Oper","Harry Kupfer",author
1972,152,"Musiktheater. Unser Anspruch an das heitere Musiktheater","Hans-Joachim Kynaß",author
1972,153,"Vom Nutzen des Musikgesprächs","Hans-Joachim Kynaß",author
1972,154,"Musikalisches Erbe in guten Händen, Veranstaltungen des Deutschen Kulturbundes zu
            Ehren von Heinrich Schütz und Felix Mendelssohn Bartholdy","Hans-Joachim Kynaß",author
1972,155,"Für ständige enge Zusammenarbeit. Beratung führender Opernhäuser sozialistischer
            Länder","Hans-Joachim Kynaß",author
1972,156,"Inhalt und Form des Musikgesprächs","Hans-Joachim Kynaß",author
1972,157,"Zur Steuerung des pianistischen Interpretationsprozesses und der pianistischen
            Ausbildung. Theoretische, praktische und historische Untersuchungen zu den Prinzipien
            der Pianistik sowie Schlußfolgerungen für ein methodisches System der pianistischen
            Ausbildung","Welitschka Lakowa",author
1972,158,"Zur Beethoven-Rezeption in der deutschen Arbeiterbewegung","Inge Lammel",author
1972,159,"Einige Gedanken zu theoretischen und praktischen Aspekten des Arbeiterliedes","Inge Lammel",author
1972,160,"Hanns Eisler - Neue deutsche Volkslieder (Joh, R, Becher), (Taschentext)","Inge Lammel",author
1972,161,"Mit Witz und Wunsch versehen. Wer ohne Bangen über Schatten springt: Zur Uraufführung
            ""Icke und die Hexe Yu"" von Medek/Streubel an der Staatsoperette Dresden","Wolfgang Lange",author
1972,162,"Austausch von Notwendigkeiten, Gespräch zu Praxisproblemen des heiteren
            Musiktheaters","Wolfgang Lange",author
1972,163,"Der neue Mensch geht seinen ersten Schritt. Zur Oper ""Lanzelot"" und ihrer Dresdner
            Aufführung","Wolfgang Lange",author
1972,164,"Sing mir das Lied vom Mord. Zur Uraufführung von Matthus'/Hacks' ""Noch einen Löffel
            Gift, Liebling?"" an der Komischen Oper Berlin","Wolfgang Lange",author
1972,165,"25 Jahre Komische Oper","Wolfgang Lange",author
1972,166,"Das Beethoven-Bild Carl Maria von Webers","Karl Laux",author
1972,167,"Über Aufmerksamkeit und Textstudium. Notizen zum Übestil des Pianisten: In:
            Festschrift der Hochschule für Musik ""Franz Liszt” Weimar zum hundertsten
            Jahrestag","Juliane Lerche",author
1972,168,"Der Beitrag der Musik zur Bereicherung der Persönlichkeit in unserer sozialistischen
            Gesellschaft. II. Musikkongreß der DDR","Wolfgang Lesser",author
1972,169,"Hinweise zum 3. Klavierkonzert von Dmitri Kabalewski","Karl-Heinz Löbner",author
1972,170,"Beethovens Bonner Kantaten","Jürgen Mainka",author
1972,171,"I.A.P. Schulz' ""Athalia""-Ein Beitrag zur Untersuchung d. Beziehungen des ""Sturm und
            Drang"" zum Klassizismus","Jürgen Mainka",author
1972,172,"Poema und Poetes. Gedanken zu Ernst Hermann Meyers Bratschenpoem. Referat","Jürgen Mainka",author
1972,173,Schallplatten-Einführungen,"Jürgen Mainka",author
1972,174,"Georg Knepler zum fünfundsechzigsten Geburtstag","Jürgen Mainka",author
1972,175,"Die Musik im Zeitalter der Französischen Revolution 1750-1815 (Allgemeines -
            Deutschland - Frankreich - Italien)","Jürgen Mainka",author
1972,175,"Die Musik im Zeitalter der Französischen Revolution 1750-1815 (Allgemeines -
            Deutschland - Frankreich - Italien)","Annelore Mainka",author
1972,176,"Werkstattgespräch mit Ruth Zechlin","Liesel Markowski",author
1972,177,"Schallplattenmosaik. Erfolgreiche Bilanz und große Pläne. Aus der Arbeit des VEB
            Deutsche Schallplatten","Liesel Markowski",author
1972,178,"Neue Werke unserer Komponisten. Ruth Zechlin","Liesel Markowski",author
1972,179,"Hegel und die Musik","Günter Mayer",author
1972,180,"Paul Dessau - Requiem für Lumumba. (Taschentext)","Günter Mayer",author
1972,181,"Überlegungen zum Gegenstand und zu den Aufgaben der Musikästhetik","Klaus Mehner",author
1972,182,"Zum Problem des Baues klanglich hervorragender Geigen und anderer
            Streichinstrumente","Hermann Meinel",author
1972,183,"Das Werk Ludwig van Beethovens und seine Bedeutung für das sozialistisch-realistische
            Gegenwartsschaffen","Ernst Hermann Meyer",author
1972,184,"Zu einigen Fragen der Periodisierung der Musik des 17. und 18. Jahrhunderts: In:
            Händel-Jahrbuch 1971, Jg 17","Ernst Hermann Meyer",author
1972,185,"Das Grundprinzip der altarabischen Qasīdah in der musikalischen Form syrischer
            Volkslieder","Nefen Michaelides",author
1972,186,"Das Beethoven-Bild der deutschen Musikerziehung in Vergangenheit und Gegenwart. Ein
            Beitrag zur Geschichte der Beethoven-Rezeption und der Schulmusik","Paul Michel",author
1972,187,"Die Orchester- und Musikschule bis 1902: In: Festschrift der Hochschule für Musik
            ""Franz Liszt"" Weimar zum hundertsten Jahrestag","Paul Michel",author
1972,188,"Uraufführung in Weimar","Paul Michel",author
1972,189,"Zur Problematik des Instrumentalunterrichts im Vorschulalter. 1.2","Paul Michel",author
1972,190,"Um die Zukunft der Musik. XIV, Generalversammlung und VII. Internationaler
            Musikkongreß des IMC in Moskau","Paul Michel",author
1972,191,"Tüchtig und glänzend. Hundertjähriges Jubiläum der Musikhochschule ""Franz Liszt"" in
            Weimar","Paul Michel",author
1972,192,"Ziele und Prinzipien der ästhetischen Erziehung im Musikunterricht der DDR","Paul Michel",author
1972,193,"Bedrich Engels a hudba","Paul Michel",author
1972,194,"Die Musik von 1902 bis 1918: In: Festschrift der Hochschule für Musik ""Franz Liszt""
            Weimar zum hundertsten Jahrestag","Paul Michel",author
1972,194,"Die Musik von 1902 bis 1918: In: Festschrift der Hochschule für Musik ""Franz Liszt""
            Weimar zum hundertsten Jahrestag","Günther Kraft",author
1972,195,"Die Staatliche Musikschule bzw. Hochschule für Musik von 1918 bis 1945","Paul Michel",author
1972,195,"Die Staatliche Musikschule bzw. Hochschule für Musik von 1918 bis 1945","Edgar Hartwig",author
1972,195,"Die Staatliche Musikschule bzw. Hochschule für Musik von 1918 bis 1945","Kurt Thomas",author
1972,196,"Bemerkungen zur Ausbildung von Bläsern","Kurt Misgaiski",author
1972,197,"Die Spezialschule für Musik: In: Festschrift der Hochschule für Musik ""Franz Liszt""
            Weimar zum hundertsten Jahrestag","Siegfried Möckel",author
1972,198,"Lexikon der Tanzkunst","Norbert Molkenbur",author
1972,199,"Der Wandel des Beethoven-Bildes und sein Niederschlag in der musikpädagogischen
            Literatur - Ein Beitrag zum Beethoven-Jahr 1970","Günther Müller",author
1972,200,"Zur Kontinuität der Kultur- und Schulpolitik der Sozialistischen Einheitspartei
            Deutschlands","Günther Müller",author
1972,200,"Zur Kontinuität der Kultur- und Schulpolitik der Sozialistischen Einheitspartei
            Deutschlands","William Geißler",author
1972,201,"Musik in Funk und Fernsehen. Aktuell gesendet: Schostakowitsch ""Fünfzehnte""","Hans-Peter Müller",author
1972,202,"VDK-Heimstatt junger Komponisten, Zu einigen Konzerten in den Bezirken und dem
            Berliner Abschlußkonzert","Hans-Peter Müller",author
1972,203,"Wir singen das Lied unserer Zeit. Zu einer Lied-Beratung in Vorbereitung des II.
            Musik-Kongresses der DDR","Hans-Peter Müller",author
1972,204,"Neue Werke unserer Komponisten. Hans Jürgen Wenzel: 3. Streichquartett","Hans-Peter Müller",author
1972,205,"Neue Werke unserer Komponisten, Manfred Schubert","Hans-Peter Müller",author
1972,206,"""Die Fünfzehnte"". Gedanken zur jüngsten Sinfonie von Dmitri Schostakowitsch","Hans-Peter Müller",author
1972,207,"Begreifen der Werkidee-Voraussetzung für gültiges Gestalten","Horst Müller",author
1972,208,"Lilo Herrmann, die Studentin von Stuttgart","Walter Müller",author
1972,209,"Zur Funktion von Auftragswerken","Wolfgang Müller",author
1972,210,"Das Chanson. Eine Monographie","Wilhelm Neef",author
1972,211,"Neue DDR-Musicals","Hansjürgen Schaefer",contributor
1972,211,"Neue DDR-Musicals","Gerd Schönfelder",contributor
1972,211,"Neue DDR-Musicals","Hans-Joachim Kynaß",contributor
1972,211,"Neue DDR-Musicals","Hans Böhm",contributor
1972,212,"Bach, Johann Sebastian: Schweigt stille, plaudert nicht. Kaffeekantate BWV 211
            (Faksimiledr.)","Werner Neumann",editor
1972,213,"Johann Sebastian Bachs ""Rittergutskantaten"" BWV 30 a und 212: In: Bach-Jahrbuch. Jg
            58","Werner Neumann",author
1972,214,"Beethoven-Ehrung 1927 und ihre Probleme","Konrad Niemann",author
1972,215,"Neue Formen der Musik in der sich wandelnden Welt. Koreferat auf dem 7. Kongreß des
            Internationalen Musikrates in Moskau","Konrad Niemann",author
1972,216,"Zum Beethoven-Bild in der russischen Literatur der ersten Hälfte des 19.
            Jahrhunderts","Günter Olias",author
1972,217,"Johannes Weyrauch zum 75. Geburtstag","Wolfgang Orf",author
1972,218,"Zu den Erfurter Jahren Johann Bernhard Bachs (1676-1749): In: Bach-Jahrbuch. Jg
            57","Siegfried Orth",author
1972,219,"Werkstattgespräch mit Udo Zimmermann","Hans-Gerald Otto",author
1972,220,"Entwicklung und Stagnation im kompositorischen Schaffen Friedrich Schenkers","Bernd Pachnicke",author
1972,221,"Entstehung und Entwicklung der Abteilung Volksmusikerziehung: In: Festschrift der
            Hochschule für Musik ""Franz Liszt"" Weimar zum hundertsten Jahrestag","Ursula Peter",author
1972,222,"Heinrich Schütz und seine Zeit in Bildern","Richard Petzoldt",author
1972,223,"Heinrich Schütz in seiner Zeit","Richard Petzoldt",author
1972,224,"Seculi sui musicus exellentissimus. Zum 300. Todestag von Heinrich Schütz (1585-1672
            )","Richard Petzoldt",author
1972,225,"Die Pflege des kulturellen Erbes als Anliegen sozialistischer Kulturpolitik, Hinweise
            zur 2. Stoffeinheit des Lehrplans für die 9. Klasse","Hans Pezold",author
1972,226,"Zur Interpretation des ""Fidelio""","Hans Pischner",author
1972,227,"Das Beethoven-Bild in der erzählenden Literatur","Hans-Martin Pleßke",author
1972,228,"Geschichte und Funktion der Internationalen Vereinigung der Musikbibliotheken
            (IVMB)","Hans-Martin Pleßke",author
1972,229,"Untersuchungen zur musikalischen Leistungsfähigkeit cerebralparetischer
            Kinder","Otto Preu",author
1972,230,"Die Bedeutung Ludwig van Beethovens für die sozialistische Nationalkultur der
            Deutschen Demokratischen Republik","Werner Rackwitz",author
1972,231,"Georg Philipp Telemanns Stellung in der Epoche der Aufklärung","Werner Rackwitz",author
1972,232,"Beitrag der Musik und des Theaters zur sozialistischen Persönlichkeitsentwicklung.
            (Referat, gehalten auf der 2. Tagung der Kommission für die kulturell-ästhetische
            Bildung und Erziehung der Schuljugend beim Ministerium für Volksbildung, 25. 4. 1971,
            Kurzfassung)","Werner Rackwitz",author
1972,233,"Wie steht es mit unserer Tanzmusik? (Referat, gehalten anläßlich der
            Tanzmusikkonferenz am 24. und 25. April 1972 in Berlin)","Werner Rackwitz",author
1972,234,"Die Musik im geistig-kulturellen Leben der DDR","Werner Rackwitz",author
1972,234,"Die Musik im geistig-kulturellen Leben der DDR","Ursula Apel",author
1972,235,"Felix Mendelssohn Bartholdy. Eine Lebens-Chronik","Peter Ranft",author
1972,236,"Zur Problematik der elbslawisch-sorbischen Musikkultur: In: Letopis, Jahresschrift
            des Institutes für sorbische Volksforschung RC, Nr. 15","Jan Raupp",author
1972,237,"Korla Awgust Kocor. Zum 150. Geburtstag des sorbischen Komponisten","Jan Raupp",author
1972,238,"Der Künstler und unser heutiges Publikum","Eberhard Rebling",author
1972,239,"Tanz der Völker. Folkloreballett heute","Eberhard Rebling",author
1972,240,"Zum 65. Geburtstag von Dmitri Schostakowitsch. (Festansprache)","Eberhard Rebling",author
1972,241,"Fürstenau, Moritz","Wolfgang Reich",editor
1972,242,"Die Opernschule: In: Festschrift der Hochschule für Musik ""Franz Liszt"" Weimar zum
            hundertsten Jahrestag","Horst Reichenbach",author
1972,242,"Die Opernschule: In: Festschrift der Hochschule für Musik ""Franz Liszt"" Weimar zum
            hundertsten Jahrestag","Hans Kremers",author
1972,243,"Das ""Mendelssohn-Zimmer"" in Leipzig","Brigitte Richter",author
1972,244,"Beethoven und die Gassenhauer seiner Zeit","Lukas Richter",author
1972,245,"Die schreckliche Pulver-Explosion zu Hamburg und andere echte und wahrhafte
            Moritaten","Lukas Richter",author
1972,246,"Zur Dialektik bei der dramaturgischen Gestaltung der Musik zu Goethes
            ""Egmont""","Gerd Rienäcker",author
1972,247,"Anmerkungen zur Musik. (Zu","Gerd Rienäcker",author
1972,248,"Ernst Hermann Meyer - Sinfonie in B (1967/68); Günter Kochan - Sinfonie Nr. 2 für
            großes Orchester in einem Satz (1968). (Taschentext)","Gerd Rienäcker",author
1972,248,"Ernst Hermann Meyer - Sinfonie in B (1967/68); Günter Kochan - Sinfonie Nr. 2 für
            großes Orchester in einem Satz (1968). (Taschentext)","Frank Schneider",author
1972,249,"Robert Hanell - Esther. (Taschentext)","Walter Rösler",author
1972,250,"Die Quellenhandschriften zum Musiktraktat des Johannes de Grocheo","Ernst Rohloff",author
1972,251,"Felix Mendelssohn Bartholdy, Briefe aus Leipziger Archiven","Hans-Joachim Rothe",editor
1972,251,"Felix Mendelssohn Bartholdy, Briefe aus Leipziger Archiven","Reinhard Szeskus",editor
1972,252,"Lebendiges Erbe, Reden und Aufsätze zu Kunst und Literatur","Johanna Rudolph",author
1972,253,"Realismus und Antizipation in Werken Beethovens. Zur Wechselwirkung der Künste am
            Beispiel der ""Egmont""-Musik und des ""Fidelio""-Problems in Shakespeares
            ""Cymbeline""","Johanna Rudolph",author
1972,254,"Cymbeline und Fidelio. Ein Beitrag zur Wechselbeziehung der Künste: In:
            Shakespeare-Jahrbuch 1972. Bd 108","Johanna Rudolph",author
1972,255,"Über das Verhältnis von Aufklärung und Klassik bei Händel: In: Händel-Jahrbuch 1971.
            Jg 17","Johanna Rudolph",author
1972,256,"""Kammermusik Alt-Englands"" - methodologisches Beispiel einer neuen
            Musikhistoriographie","Johanna Rudolph",author
1972,257,"Komposition - Musikverbreitung - Hörer. Musik, die erlebt, doch nicht zelebriert
            wird. (II. Musikkongreß der DDR, Diskussionsbeiträge.) - In","Johanna Rudolph",author
1972,259,"Alexander Skrjabin: Humanitas oder Mystik? Zum 100. Geburtstag des
            Komponisten","Christof Rüger",author
1972,260,"Bemerkungen zur Berücksichtigung des Klanges historischer Hammerflügel für die
            Interpretation Beethovenscher Klavierwerke auf modernen Instrumenten","Konrad Sasse",author
1972,261,"Schönewolf, Karl: Orchestermusik A-F","Hansjürgen Schaefer",editor
1972,262,"Johanna Rudolphs Händel-Renaissance","Hansjürgen Schaefer",author
1972,263,"Zwanzig Jahre Verband Deutscher Komponisten und Musikwissenschaftler","Hansjürgen Schaefer",author
1972,264,"Andre Asriel 50","Hansjürgen Schaefer",author
1972,265,"Neue Werke unserer Komponisten, Ruth Zechlin: 3. Streichquartett","Hansjürgen Schaefer",author
1972,266,"Musiktheater. Ein neuer Akzent: ""Icke und die Hexe Yu"". Singspiel von Manfred
            Streubel, Musik von Tilo Medek","Hansjürgen Schaefer",author
1972,267,"Musik im Dienste unserer Sache. Eberhard Schmidt wurde 65 Jahre","Hansjürgen Schaefer",author
1972,268,"Neue Werke unserer Komponisten. Joachim Werzlau: Olympisches Divertimento","Hansjürgen Schaefer",author
1972,269,"Neue Werke unserer Komponisten, Wilhelm Neef: Klavierkonzert","Hansjürgen Schaefer",author
1972,270,"Musik im Auftrag","Hansjürgen Schaefer",author
1972,271,"Probleme und Aufgaben der Tanzmusik","Hansjürgen Schaefer",author
1972,272,"Musik der Lebensfülle. Zum 75. Geburtstag Ottmar Gersters","Hansjürgen Schaefer",author
1972,273,"Neue Werke unserer Komponisten. Rainer Kunad: Antiphonie für zwei Orchester und
            Rhythmusgruppe","Hansjürgen Schaefer",author
1972,274,"Musiktheater, Siegfried Matthus","Hansjürgen Schaefer",author
1972,275,"Schostakowitschs ""Fünfzehnte"" in Berlin, Gastkonzert des Staatlichen
            Sinfonieorchesters der UdSSR","Hansjürgen Schaefer",author
1972,276,"Wir reden hier nicht nur von Eisler - wir reden von uns! - In","Hansjürgen Schaefer",author
1972,277,"Von der Verantwortung der Musikkritik","Hansjürgen Schaefer",author
1972,278,"Vater der neuen polnischen Musik. Zum 90. Geburtstag Karol Szymanowskis","Hansjürgen Schaefer",author
1972,279,"Musik im Funk, Ein neues Oratorium von Fritz Geißler urgesendet","Hansjürgen Schaefer",author
1972,280,"Joachim Werzlau - Hans Marchwitza, Ein sinfonisches Porträt (1970).
            (Taschentext)","Hansjürgen Schaefer",author
1972,281,"Die historische Röntgenaufnahme zur Kontrolle der Rekonstruktion des Antlitzes Johann
            Sebastian Bachs: In: Bach-Jahrbuch. Jg 58","Joachim-Hermann Scharf",author
1972,282,"Zur Funktion der Bühnenmusik in der sozialistischen Dramatik der DDR. Ergebnisse und
            Positionen sowie Überlegungen für die künftige Theaterarbeit","Jürgen Schebera",author
1972,283,"Don Quichotte. Die Fabellesart in der Inszenierung der Komischen Oper Berlin: In:
            Jahrbuch der Komischen Oper XII. Spielzeit 1971/72","Klaus Schlegel",author
1972,284,"Heinrich Schütz' Beziehungen zu Köstritz, Gera, Weißenfels und Zeitz","Adolf Schmiedecke",author
1972,285,"Zum Gebrauch des Cembalos und des Klaviers bei der heutigen Interpretation Bachscher
            Werke: In: Bach-Jahrbuch. Jg 58","Peter Schmiedel",author
1972,286,"Der antifaschistisch-demokratische Neuaufbau der Weimarer Musikhochschule nach 1995:
            In: Festschrift der Hochschule für Musik ""Franz Liszt"" Weimar zum hundertsten
            Jahrestag","Gerhard Schmidt",author
1972,287,"100-Jahr-Feier der Weimarer Musikhochschule","Gerhard Schmidt",author
1972,288,"Bemerkungen zur Konzeption des Liederkreises op. 98 ""An die ferne Geliebte""","Anneliese Schneider",author
1972,289,"Zur Kritik der spätbürgerlichen Beethovendeutung","Frank Schneider",author
1972,290,"Musiksendungen im Deutschen Fernsehfunk","Frank Schneider",author
1972,291,"Bachs ""Musikalisches Opfer"" in Neufassung","Frank Schneider",author
1972,292,"Ernst Hermann Meyer - Sinfonie in B(1967/68); Günter Kochan - Sinfonie Nr. 2 für
            großes Orchester in einem Satz (1968). (Taschentext)","Frank Schneider",author
1972,292,"Ernst Hermann Meyer - Sinfonie in B(1967/68); Günter Kochan - Sinfonie Nr. 2 für
            großes Orchester in einem Satz (1968). (Taschentext)","Gerd Rienäcker",author
1972,293,"Untersuchungen zum Begriff des Neuen in der zeitgenössischen Musik - ein Beitrag zur
            Bestimmung spezifischer inhaltlicher Erscheinungsformen nichtwortgebundener Musik des
            sozialistischen Realismus","Gerd Schönfelder",author
1972,294,"Die Musik der Peking-Oper. Bd 1.2","Gerd Schönfelder",author
1972,295,"Zum Gebrauch der Schlaginstrumente im traditionellen chinesischen
            Musiktheater","Gerd Schönfelder",author
1972,296,"Das populärwissenschaftliche Buch","Gerd Schönfelder",author
1972,297,"""Was sollen wir Politik steiten!"" Zum 125. Todestag Felix
            Mendelssohn-Bartholdys","Gerd Schönfelder",author
1972,298,"Zur Frage des Realismus bei Mendelssohn","Gerd Schönfelder",author
1972,299,"Zur Populärwissenschaft","Gerd Schönfelder",author
1972,300,"Neue Werke unserer Komponisten. Fritz Geißler: Konzertante Sinfonie","Gerd Schönfelder",author
1972,301,"Neue Werke unserer Komponisten. Siegfried Thiele: Concertino für Harfe, Streicher,
            Pauken und Schlagzeug","Gerd Schönfelder",author
1972,302,"Neue Werke unserer Komponisten, Peter Herrmann: Kammersinfonie","Gerd Schönfelder",author
1972,303,"Neue Werke unserer Kompnisten. Peter Herrmann","Gerd Schönfelder",author
1972,304,"Werkstattgespräch mit Fritz Geißler","Gerd Schönfelder",author
1972,305,"Bemerkungen zu zwei Funktionsarten der Klavierimprovisation im Schaffen
            Beethovens","Herbert Schramowski",author
1972,306,"Zur Psychologie des künstlerischen Schaffens","Herbert Schramowski",author
1972,307,"Hanns Eisler und seine Bedeutung für das sozialistisch-realistische Musikschaffen.
            Hinweise zur Stoffeinheit 8 der Klasse 10","Lothar Schubert",author
1972,308,"Der unterschiedliche Gebrauch von Tänzen. Zur Stoffeinheit 8 in Klasse 6","Lothar Schubert",author
1972,309,"Publikum als Auftraggeber? Zu Fragen der schöpferischen Beziehung zwischen Hörer und
            Komponist aus der Sicht des Komponisten","Manfred Schubert",author
1972,310,"Schütz - Heinrich Schütz 1585-1672"," Räte d. Kreise Gera-Land, Weißenfels u. Zeitz",editor
1972,310,"Schütz - Heinrich Schütz 1585-1672","Walther Siegmund-Schultze",contributor
1972,311,"Dokumente zum Nachwirken Johann Sebastian Bachs, 1750-1800. Bach, Dokumente","Hans-Joachim Schulze",editor
1972,311,"Dokumente zum Nachwirken Johann Sebastian Bachs, 1750-1800. Bach, Dokumente"," Bach-Archiv Leipzig",editor
1972,311,"Dokumente zum Nachwirken Johann Sebastian Bachs, 1750-1800. Bach, Dokumente","Werner Neumann",editor
1972,312,"Der Schreiber ""Anonymus 400"" - ein Schüler Johann Sebastian Bachs: In: Bach-Jahrbuch.
            Jg 58","Hans-Joachim Schulze",author
1972,313,"J. S. Bach’s Concerto-arrangements for Organ - Studies or commissioned Works","Hans-Joachim Schulze",author
1972,314,"Zum Aufbau von fachrelevanten Motivationen im Musikunterricht auf der Grundlage
            allgemeiner Lerneinstellungen der Schüler","Helmut Schulze",author
1972,315,"Probleme der musikalischen Ausbildung im Vorschulalter","Helmut Schulze",author
1972,316,"Neue Probleme der musikalischen Bildung und Erziehung im Vorschulalter","Helmut Schulze",author
1972,317,"Musiktherapie bei Neurosen und funktionellen Störungen","Christoph Schwabe",author
1972,318,"Musiktherapie - musikalische Heilpädagogik - Musikerziehung - Versuch einer
            Begriffsbestimmung","Christoph Schwabe",author
1972,319,"Musiktherapeutischer Stand und Entwicklung der fachlichen Ausbildung in der
            DDR","Christoph Schwabe",author
1972,320,"Musik und aktiver Gesundheitsschutz, Über die Wirkung von Musik zur Überwindung
            arbeitsbedingter Monotonieerscheinungen","Christoph Schwabe",author
1972,321,"Musikverständnis - Musikerlebnis. Einige Aspekte zur gesellschaftlichen Funktion der
            Musik","Christoph Schwabe",author
1972,322,"Prinzipien und therapeutische Ansatzpunkte der Leipziger Musiktherapie","Christoph Schwabe",author
1972,323,"Theoretische Grundlagen der rezeptiven Musiktherapie","Christoph Schwabe",author
1972,324,"Psychometrische Untersuchung zur emotionalen Dekodierung von drei vietnamesischen
            Liedern","Christoph Schwabe",author
1972,324,"Psychometrische Untersuchung zur emotionalen Dekodierung von drei vietnamesischen
            Liedern","Kristina Göthel",author
1972,324,"Psychometrische Untersuchung zur emotionalen Dekodierung von drei vietnamesischen
            Liedern","Lee Haichi",author
1972,325,"Ernst Hermann Meyer - Lenin hat gesprochen (Kantate); Dem Neugeborenen (Ein
            Oktoberpoem), (Taschentext)","Eckart Schwinger",author
1972,326,"Beethovens Nachwirkung bei bedeutenden Komponisten des 19. Jahrhunderts","Walther Siegmund-Schultze",author
1972,327,"Die Arienwelt des ""Messias""","Walther Siegmund-Schultze",author
1972,328,"Epochenbegriffe der Musik des 18. Jahrhunderts. Hauptreferat zur Wissenschaftlichen
            Konferenz d. 19. Händelfestspiele: In: Händel-Jahrbuch 1971. Jg 17","Walther Siegmund-Schultze",author
1972,329,"Rechenschaftsbericht vor der Mitgliederversammlung der
            Georg-Friedrich-Händel-Gesellschaft (7. Juni 1970): In: Händel-Jahrbuch 1971. Jg
            17","Walther Siegmund-Schultze",author
1972,330,"Heinrich Schütz - erster Klassiker der deutschen Musik","Walther Siegmund-Schultze",author
1972,331,"Gedanken zur sozialistischen Rezeption der klassischen Chorsinfonik","Walther Siegmund-Schultze",author
1972,332,"Thesen zu Fragen der sinfonischen Besetzungen innerhalb des künstlerischen
            Volksschaffens","Walther Siegmund-Schultze",author
1972,333,"Siegfried Matthus - Konzert für Violine und Orchester; Johann Cilenšek - Konzertstück
            für Klavier und Orchester. (Taschentext)","Walther Siegmund-Schultze",author
1972,334,"Die Weiterführung der sozialistischen Umgestaltung an der Franz-Liszt-Hochschule
            entsprechend den Anforderungen der entwickelten sozialistischen Gesellschaft: In:
            Festschrift der Hochschule für Musik ""Franz Liszt"" Weimar zum hundertsten
            Jahrestag","Horst Slomma",author
1972,335,"Paul Dessau - Lenin (Orchestermusik Nr. 3, 1969); Symphonische Adaption (1965).
            (Taschentext)","Heinrich Spieler",author
1972,336,"""... und keiner hält uns mehr auf!"" Eindrücke vom 3. Festival des politischen
            Liedes","Winfried Stanislau",author
1972,337,"Sieben konstruktive Punkte","Fritz Steiner",author
1972,338,"Festansprache des Vorsitzenden des Ministerrates auf dem Festakt zur Beethoven-Ehrung
            der Deutschen Demokratischen Republik am 16. Dezember 1970","Willi Stoph",author
1972,339,"Die frühen Sinfonien Sergej Prokofjews. Ein Beitrag zu semantischer Analyse von
            Musik","Friedbert Streller",author
1972,340,"Steinitz, Wolfgang: Deutsche Volkslieder demokratischen Charakters aus sechs
            Jahrhunderten (gekürzte Ausg. in einem Band)","Hermann Strobach",editor
1972,341,"Felix Mendelssohn Bartholdy. Briefe aus Leipziger Archiven","Reinhard Szeskus",editor
1972,341,"Felix Mendelssohn Bartholdy. Briefe aus Leipziger Archiven","Hans-Joachim Rothe",editor
1972,342,"Zur dramaturgischen Funktion der Musik in Fernsehfilmen der DDR","Wolfgang Thiel",author
1972,343,"Aufgaben und Möglichkeiten der Musik in Gegenwartsfilmen des Deutschen
            Fernsehfunks","Wolfgang Thiel",author
1972,344,"Fidelio F. Finke zum 80. Geburtstag","Johannes Paul Thilman",author
1972,344,"Fidelio F. Finke zum 80. Geburtstag","Betty Heiß",author
1972,345,"Die Staatliche Musikschule bzw. Hochschule für Musik von 1918 bis 1945: In:
            Festschrift der Hochschule für Musik ""Franz Liszt"" Weimar zum hundertsten
            Jahrestag","Kurt Thomas",author
1972,345,"Die Staatliche Musikschule bzw. Hochschule für Musik von 1918 bis 1945: In:
            Festschrift der Hochschule für Musik ""Franz Liszt"" Weimar zum hundertsten
            Jahrestag","Paul Michel",author
1972,345,"Die Staatliche Musikschule bzw. Hochschule für Musik von 1918 bis 1945: In:
            Festschrift der Hochschule für Musik ""Franz Liszt"" Weimar zum hundertsten
            Jahrestag","Edgar Hartwig",author
1972,347,"Über Beethovens Verhältnis zur musikalischen Volkskultur","Hans-Georg Uszkoreit",author
1972,348,"Beethovens Oper ""Leonore""","Karl-Heinz Viertel",author
1972,349,"Bemerkungen zur semiotischen Werkbetrachtung bei Beethoven","Martin Wehnert",author
1972,350,"Mendelssohn aneb problémy ve vedomi a v dile skladatele","Martin Wehnert",author
1972,351,"Neue Werke unserer Komponisten. Hermann Josef Nellesen: Variationen für Klavier und
            Orchester über ein Thema von Mozart","Hans-Erich Wiencke",author
1972,352,"Musiktheater. Neue Kinderoper von Bernd Wefelmeyer in Schwerin","Hans-Erich Wiencke",author
1972,353,"Neue Werke unserer Komponisten. Eberhard Schmidt: ""Mein gutes Land""","Hans-Erich Wiencke",author
1972,354,"Dem Gedächtnis Max Dehnerts","Werner Wolf",author
1972,355,"Originale Gesangs Improvisationen des 16. bis 18. Jahrhunderts","Hellmuth Christian Wolff",author
1972,356,"Das Metronom des Louis-Léon Pajot 1735","Hellmuth Christian Wolff",author
1972,357,"Die Bedeutung der Bilddokumente für die Geschichte der Oper","Hellmuth Christian Wolff",author
1972,358,"Leonardo Leos Oper ""L’Andromaca"" (1742)","Hellmuth Christian Wolff",author
1972,359,"Zur Frage des historsichen Standortes des ""Fidelio"". (Referat u. Diskussion auf einem
            Podiumsgespräch über das einzige Opernwerk Beethovens veranstaltet von der Sektion
            Musiktheater beim Verband der Theaterschaffenden der DDR - 16. u. 17. 1. 1971 Berlin.) -
            In","Eberhard Wolfgramm",author
1972,360,"Möglichkeiten der Wiederbelebung der komischen Oper des 18. Jahrhunderts: Ein Beitrag
            zur Unterkonzeptionell-stilistischen Spezifik der komischen Oper des 18. Jahrhunderts
            als Voraussetzung ihrer werkgetreuen Realisierung für das heutige Musiktheater","Karin Zauft",author
1972,361,"Die Solokonzerte von Dmitri Schostakowitsch. Untersuchungen über Aufbau der Werke und
            ihre ästhetische Wertung","Carlferdinand Zech",author
1972,362,"Das Tonstudio der Franz-Liszt-Hochschule: In: Festschrift der Hochschule für Musik
            ""Franz Liszt"" Weimar zum hundertsten Jahrestag","Helmar Zimmermann",author
1972,363,"Debussy-Werkausgabe in der Edition Peters, Leipzig","Reiner Zimmermann",author
1972,364,"Zum gegenwärtigen Stand der Beethoven-Edition","Frieder Zschoch",author
1972,"F 1","Die Theaterzettelsammlungen in der DDR und ihre Bedeutung für die
            Musikwissenschaft","Peter Ahnsehl",author
1972,"F 2","Die Bühnenmusik Hanns Eislers","Ingeborg Allihn",author
1972,"F 3","Das Finalproblem im Opernschaffen der DDR","Klaus C. Barnikol",author
1972,"F 3","Das Finalproblem im Opernschaffen der DDR","Hans-Jürgen Schneider",author
1972,"F 4","G. F. Händel. Thematisch-systematisches Verzeichnis sämtlicher Werke","Bernd Baselt",author
1972,"F 5","Die Bedeutung des Davidsbündlerkreises für die Musikanschauung und die
            Musikgeschichte des 19. Jahrhunderts","Johannes Besser",author
1972,"F 6","Struktur und Wirkung des Instrumentalkonzertes in der DDR 1945 bis 1969","Jürgen Beythien",author
1972,"F 7","Untersuchungen über den Leistungsstand der Studierenden im Fach Sprecherziehung von
            der Aufnahme bis zur Abschlußprüfung","Barbara Bley",author
1972,"F 8","Theoretische und praktische Aspekte bei der Konzeption und Produktion einer neuen
            Fassung des ""Musikalischen Opfers"" (BWV 1079) von J. S. Bach","Hermann Börner",author
1972,"F 9","Studien zur Persönlichkeit und zum Schaffen Clara Schumanns","Renate Bormann",author
1972,"F 10","Das Lebensiferk Max Buttings","Dietrich Brennecke",author
1972,"F 11","Methodik der Musikerziehung","Hella Brock",author
1972,"F 11","Methodik der Musikerziehung"," Kollektiv",author
1972,"F 12","Das Zusammenwirken der künstlerisch-ästhetischen Fächer bei der Erziehung
            sozialistischer Persönlichkeiten (Arbeitstitel)","Hella Brock",author
1972,"F 12","Das Zusammenwirken der künstlerisch-ästhetischen Fächer bei der Erziehung
            sozialistischer Persönlichkeiten (Arbeitstitel)"," Kollektiv",author
1972,"F 13","Information und Kommunikation im Musikunterricht","Johannes Brömsel",author
1972,"F 14","Die Entwicklung der Violinenkonzerte in der DDR","Albin Buchholz",author
1972,"F 15","Orgel-Inventar des Denkmalbezirks Erfurt","Ulrich Dähnert",author
1972,"F 16","Orgel-Inventar des Denkmalsbezirkes Dresden","Ulrich Dähnert",author
1972,"F 17","Mendelssohn-Bild und Mendelssohn-Rezeption in Geschichte und Gegenwart","Andreas Damm",author
1972,"F 17","Mendelssohn-Bild und Mendelssohn-Rezeption in Geschichte und Gegenwart","Andreas Göpfert",author
1972,"F 18","Das sinfonische Schaffen Johann Wilhelm Hertels (1727-1789)","Reinhard Diekow",author
1972,"F 19","Dialektische und methodische Untersuchungen über Planung und Vorbereitung des
            Unterrichtsprozesses im Fach Musik","Kurt Dittrich",author
1972,"F 20","Das Verhältnis der deutschen Arbeiterklasse zur Instrumentalmusik, dargestellt bis
            zum Jahre 1933","Traude Ebert-Obermeier",author
1972,"F 21","Dokumentation zur Geschichte der deutschen Arbeitersängerbewegung - Forschungsauftrag
            der Akademie der Künste der DDR, Berlin","Traude Ebert-Obermeier",author
1972,"F 22","Kritische Betrachtung der Harmoniksysteme von Moritz Hauptmann und Arthur von
            Oettingen","Günther Eisenhardt",author
1972,"F 23",Bach-Forschung,"Rudolf Eller",author
1972,"F 24",Vivaldi-Forschung,"Rudolf Eller",author
1972,"F 25","Mecklenburgische Regional-Musikgeschichtsforschung","Rudolf Eller",author
1972,"F 25","Mecklenburgische Regional-Musikgeschichtsforschung","Karl Heller",author
1972,"F 26","Zum Problem Rezeption/Apperzeption auf dem Gebiete der Musik","Horst Fleischer",author
1972,"F 27","Studien zum Musikleben der Römer","Günter Fleischhauer",author
1972,"F 28","Georg Friedrich Händels Triosonaten. (Teil A u. B)","Siegfried Flesch",author
1972,"F 29","Die Sonatensatzform im Schaffen Bela Bartóks","Johannes Forner",author
1972,"F 30","Der Versuch eines wissenschaftlich fundierten Systems der Musikerziehung durch
            Richard Kaden (1856-1923) und die daraus entspringenden progressiven Traditionslinien
            zur sozialistischen Musikerziehung","Siegfried Freitag",author
1972,"F 31","Der Beitrag des Musikunterrichts zur Herausbildung der sozialistischen
            Persönlichkeit","Siegfried Freitag",author
1972,"F 31","Der Beitrag des Musikunterrichts zur Herausbildung der sozialistischen
            Persönlichkeit"," Mitarbeiter",author
1972,"F 32","Untersuchungen zur ideellen Programmatik in der Sinfonik von Dmitri
            Schostakowitsch","Evelin Fresenius",author
1972,"F 33","Klassifikationsprobleme der Musik unter spezifischer Berücksichtigung der Gattung
            ""Marsch""","Ulrich Frick",author
1972,"F 34","Zur Ausbildung von Lehrern für den Unterricht im Fach Gesang/Musik an
            allgemeinbildenden Schulen von 1900-1945 in Deutschland und seit 1949 in der Deutschen
            Demokratischen Republik - ein Beitrag zur Geschichte der Schulmusikerziehung im 20.
            Jahrhundert","Wolfgang Frohberg",author
1972,"F 35","Das Cembalo in der Musik des 20. Jahrhunderts","Eberhard Geiler",author
1972,"F 36","Entwicklung der Vokalsinfonik in der DDR im Zeitraum von 1958-65","Charlotte Geilhufe",author
1972,"F 37","Untersuchungen zum Lebenswerk von Fritz Reuter","William Geißler",author
1972,"F 38","Georg Trexler - Leben und Werk","Johannes Gerdes",author
1972,"F 39","Untersuchungen zur Tanzmusik in der Deutschen Demokratischen Republik: Werttheorie
            und Praxismodell","Caroline Gerlach",author
1972,"F 40","David Pohle und seine Bedeutung für die vielstimmige Sonate und für die
            protestantische Kirchenkantate","Gottfried Gille",author
1972,"F 41","Die Programmatik im Schaffen von Claude Debussy","Felix Gitter",author
1972,"F 42","Mendelssohn-Bild und Mendelssohn-Rezeption in Geschichte und Gegenwart","Andreas Göpfert",author
1972,"F 42","Mendelssohn-Bild und Mendelssohn-Rezeption in Geschichte und Gegenwart","Andreas Damm",author
1972,"F 43","Die Stellung der Blockflöte im Musikleben des 20. Jahrhunderts","Lieselotte Göring",author
1972,"F 44","Untersuchungen zum Intensitätsvibrato der Sängerstimme","Wolfgang Goldhan",author
1972,"F 45","Dialektische Methoden der musikalischen Inhalts-Erforschung (Syntaktisch-semantische
            Struktur-Untersuchungen)","Harry Goldschmidt",author
1972,"F 46","Konzeptionelle Strukturuntersuchungen an einigen Werken Beethovens","Harry Goldschmidt",author
1972,"F 47","Grundfragen der optimalen Klangstruktur zeitgenössischer Konzertorgeln und
            Richtlinien für die Gestaltung der gemischten Register","Frank-Harald Greß",author
1972,"F 48","Zur Funktion der Aneignung des musikalischen Erbes von R. Wagner in der
            spätbürgerlichen und sozialistischen Gesellschaft","Brita von Grüner",author
1972,"F 49","Das deutsche Lied des 19. Jahrhunderts und seine heutige Rezeption","Wulfhard von Grüner",author
1972,"F 50","Die Rolle des Fernsehens bei der Popularisierung von Musikwerken aus Vergangenheit
            und Gegenwart unter besonderer Berücksichtigung der Rezeption durch den werktätigen
            Hörer","Vera Grützner",author
1972,"F 51","Traditionen und Stationen der Musikdramaturgie, aufgezeigt anhand markanter
            progressiver Dokumente in der fünfundzwanzigjährigen Entwicklung des
            DEFA-Spielfilms","Vera Grützner",author
1972,"F 52","Kritische Betrachtung hermeneutischer Verfahren in pädagogischen Schriften zum
            Musikhören","Annelore Günther",author
1972,"F 53","Der Einfluß der Technik auf die Entwicklung der Tanz- und Unterhaltungsmusik","Ingolf Haedicke",author
1972,"F 54","Untersuchungen zur Höraufgabenstellung im Musikunterricht","Margret Hager",author
1972,"F 55","Zur Entwicklung der Hörfähigkeit in den Klassen 5 bis 12 im Musikunterricht.
            (Arbeitsthema)","Jochen Hahn",author
1972,"F 56","Probleme des sozialistischen Realismus im Instrumentalschaffen der DDR","Bianca Heilmann",author
1972,"F 57","Programmierte Musikgeschichte, basierend auf dem Stoff der Klassen 11 und 12 des
            EOS","Erhard Heinzle",author
1972,"F 58","Untersuchungen zur Aufnahme der Werke Mussorgskis in Deutschland (unter besonderer
            Berücksichtigung der Anfänge 1860 bis ca. 1932)","Christoph Hellmundt",author
1972,"F 59","Die Cembalo-Sammlung im Instrumentenmuseum der Karl-Marx-Universität Leipzig","Hubert Henkel",author
1972,"F 60","Zur Dialektik in Liedern von Hanns Eisler","Fritz Hennenberg",author
1972,"F 61","Der Beitrag von J. R. Bechers Lyrik zum sozialistisch-realistischen Vokalschaffen in
            der DDR, nachgewiesen am Genre des klavierbegleiteten Sololiedes (1945-1961/62)","Gudrun Hillemann",author
1972,"F 62","Das Massenlied. Zum Begriff und zur Entwicklungsgeschichte in der DDR","Eva-Maria Hillmann",author
1972,"F 63","Beiträge zur Musikgeschichte Magdeburgs im 19. Jahrhundert","Wolf Hobohm",author
1972,"F 64","Spezifika des Musikerlebnisses in ihrer Bedeutung für die Entwicklung sozialistischer
            Persönlichkeiten und Kollektive","Winfried Höntsch",author
1972,"F 65","Die Entwicklung der technischen Fähigkeiten und Fertigkeiten im Geigenspiel auf der
            Grundlage einer modernen Etüden-Literatur","Reinhard Hösel",author
1972,"F 66","Studien zur Beethoven-Gesamtausgabe des VEB Deutsche Schallplatten","Hans Gunter Hoke",author
1972,"F 67","Musikgeschichte von Glauchau","Walter Hüttel",author
1972,"F 68","Musik im klassischen und nachklassischen Weimar. Zur Entwicklung des Weimarer
            Musiklebens 1756-1920","Wolfram Huschke",author
1972,"F 69","Das Chorschaffen Hanns Eislers","Horst Irrgang",author
1972,"F 70","Untersuchungen zur Geschichte der Variation","Ursula Ismer",author
1972,"F 70","Untersuchungen zur Geschichte der Variation","Hanna John",author
1972,"F 71","Die Musikerziehung in der BRD seit der Zerschlagung des Faschismus. Ein Beitrag zur
            Klärung ihrer politischen, ideologischen und pädagogischen Position unter besonderer
            Berücksichtigung einiger Aspekte der Schulmusik und der außerschulischen
            Musikerziehung","Walter Jäger",author
1972,"F 72","Die Spezifik der Ballettmusik","Peter Jarchow",author
1972,"F 73","Untersuchungen zur Geschichte der Variation","Hanna John",author
1972,"F 73","Untersuchungen zur Geschichte der Variation","Ursula Ismer",author
1972,"F 74","Johann Cilensek. Sein Leben, sein sinfonisches Werk","Bernd Junghanns",author
1972,"F 75","Musikalische Syntax und sozialhistorische Praxis in der arbeitsfunktionalen
            Signalgebung der Viehhirten","Christian Kaden",author
1972,"F 76","Zum Wertproblem in der Musik","Werner Kaden",author
1972,"F 77","Zur Funktion der Bühnen- und Schauspielmusik der DDR unter besonderer
            Berücksichtigung der Kompositionen am Berliner Ensemble","Joachim Kemnitz",author
1972,"F 78","Marin Marais' Virtuosität in seinen 'Pieces de Viole' Bde I-V","Erwin Kestner",author
1972,"F 79","Idealbildung durch Musik als ein Faktor bei der Herausbildung der Persönlichkeit im
            Pubertätsalter","Erika Kießling",author
1972,"F 80","Untersuchung zum sinfonischen Schaffen Fritz Geißlers und Günter Kochans","Eberhard Kneipel",author
1972,"F 81","Werkbetrachtung im Unterrichtsbereich Musikhören in der Schule","Anita Kober",author
1972,"F 82","Veranschaulichungen bei Betrachtung und historischer Einordnung von
            Musikwerken","Wolfgang Koch",author
1972,"F 83","Heinrich Schütz in marxistischer Sicht","Siegfried Köhler",author
1972,"F 84","Musikpflege der Stadt Jena von 1750 bis zur Gegenwart","Rüdiger Kopczak",author
1972,"F 85","Die Bedeutung der Klavierimprovisation in der Musikerziehung der DDR. Ein Beitrag zur
            schöpferischen Gestaltung des Musikunterrichts und zur Entwicklung sozialistischer
            Erziehungspersönlichkeiten","Albrecht Krauß",author
1972,"F 86","Entwicklungsprobleme des sozialistischen Realismus im Opernschaffen der DDR von 1949
            bis 1961/62","Sabine Kreuziger",author
1972,"F 87","Der Musikfilm und seine Rezeptionsprobleme","Gerhard Kunsch",author
1972,"F 88","Zur Steuerung des pianistischen Interpretationsprozesses und der pianistischen
            Ausbildung. Theoretische, praktische und historische Untersuchungen zu den Prinzipien
            der Pianistik sowie Schlußfolgerungen für ein methodisches System der pianistischen
            Ausbildung","Welitschka Lakowa",author
1972,"F 89","Quellenstudien zum italienischen comico per musicam und zu seiner Geschichte in
            Rostock, Phil. Diss., Beginn","Ortrun Landmann",author
1972,"F 90","Möglichkeiten und Aufgaben des Frauenchores innerhalb der sozialistischen
            Chorbewegung","Christa Langer",author
1972,"F 91","Studien zum Schaffen Rostocker Musiker des 17. Jahrhunderts, insbesondere Daniel
            Fridericis","Rüdiger Laue",author
1972,"F 92","Die Entwicklung der Balginstrumente und ihre Stellung in der Gesellschaft von den
            Anfängen bis zum Ende des 2. Weltkrieges","Hans Luck",author
1972,"F 93","Systematische Untersuchungen zur Intonation der Streichquartettinstrumente","Rudolf Lüdeke",author
1972,"F 94","Katalog zum Liedgut der Jugendsingebewegung","Hans Lukoschek",author
1972,"F 95","Georg Philipp Telemanns Kapitänsmusiken und ihr gesellschaftlicher
            Hintergrund","Willi Maertens",author
1972,"F 96","Die Beziehungen zwischen französischer Operette und deutschem Singspiel
            1750-1780","Jürgen Mainka",author
1972,"F 97","Analyse einer musiksoziologischen Untersuchung","Wernfried Maltusch",author
1972,"F 97","Analyse einer musiksoziologischen Untersuchung","Roland Nauenburg",author
1972,"F 97","Analyse einer musiksoziologischen Untersuchung","Gudrun Drude",author
1972,"F 97","Analyse einer musiksoziologischen Untersuchung","Lilo Mühlberg",author
1972,"F 98","Untersuchungen zu den Entwicklungstendenzen des Suitenschaffens in der DDR und seiner
            Funktion im Bereich der Musikerziehung. (Arbeitstitel)","Burkhard Meier",author
1972,"F 99","Musikästhetische Probleme bei der Rezeption klassischer Musik (am Beispiel Franz
            Schuberts)","Horst Meier",author
1972,"F 100","Die Tanzmusik als musikwissenschaftlicher Forschungsgegenstand in der DDR","Martin Meyer",author
1972,"F 101","Das Grundprinzip der altararabischen Qasidah in der musikalischen Form syrischer
            Volkslieder","Nefen Michaelides",author
1972,"F 102","Psychologische Untersuchungen zum Entwicklungsniveau musikalischer Fähigkeiten bei
            Schuleintritt","Paul Michel",author
1972,"F 103","Robert Schumanns künstlerische Entwicklung in seinem Liedschaffen","Eberhard Möller",author
1972,"F 104","Der Wandel des Beethoven-Bildes und sein Niederschlag in der musikpädagogischen
            Literatur - Ein Beitrag zum Beethoven-Jahr 1970","Günther Müller",author
1972,"F 105","Max Reger - Künstler und Gesellschaft","Helmut Müller",author
1972,"F 106","Das Musikhören als Bestandteil des Musikunterrichts der allgemeinbildenden Schule in
            Geschichte und Gegenwart. Ein theoretisch-historischer Beitrag zur Niveaubestimmung des
            Musikhörens im Musikunterricht der allgemeinbildenden sozialistischen Schule","Walter Müller",author
1972,"F 107","Zum Problem des Schumannschen Spätwerkes","Gerd Neuhaus",author
1972,"F 108","Chorische Auftragswerke zu den Arbeiterfestspielen","Christel Neumann",author
1972,"F 109","Untersuchungen zum gesellschaftlichen Auftragswesen auf dem Gebiete der Musik und
            seiner Rezeption","Rainer Niephagen",author
1972,"F 110","Johann Philipp Krieger","Brigitte Nitzsche",author
1972,"F 111","Die Meininger Hof- und Landeskapelle in den Jahren 1880 bis 1945","Hans Nolte",author
1972,"F 112","Die Streichquartette Dmitri Schostakowitschs","Ekkehard Ochs",author
1972,"F 113","Das Musikleben in Eisenach 1650-1750","Claus Oefner",author
1972,"F 114","Pädagogisch-methodische und psychologische Grundsätze der Entwicklung der
            musikalisch-ästhetischen Erlebnisfähigkeit der Schüler im Unterricht","Günter Olias",author
1972,"F 115","Die Codices Ms 49/50 und Ms 51 der Thomaskirche zu Leipzig aus der Mitte des 16.
            Jahrhunderts- in der Universitätsbibliothek Leipzig","Wolfgang Orf",author
1972,"F 116","Einstellungsstereotype bei der Rezeption von Tanzmusik und tanzmusikähnlicher Musik
            durch Jugendliche","Karl-Heinz Otte",author
1972,"F 117","Die Entwicklung des theoretisch-ästhetischen Denkens innerhalb der Berliner
            Musikkultur von den Anfängen der Aufklärung bis Reichardt","Hans-Günter Ottenberg",author
1972,"F 118","Untersuchungen zur Wirkungsintensität historisch-biographischer und
            musikalisch-ästhetischer Wertkriterien aus dem Lehrplangebiet Beethovens auf das
            Urteilsvermögen der Schüler. (Ein Beitrag zum Projekt ""Untersuchungen zum Prozeß der
            klassenmäßigen Erziehung"")","Brunhilde Panwitz",author
1972,"F 119","Funktion und Formen des Tanzes zwischen 1800 und 1914: Studien zur Geschichte und
            Rezeption des Tanzes in Deutschland","Kurt Petermann",author
1972,"F 120","Das Leipziger Musikverlagswesen und seine Beziehungen zu namhaften
            Komponisten","Hans-Martin Pleßke",author
1972,"F 121","Untersuchungen zur musikalischen Leistungsfähigkeit cerebralparetischer
            Kinder","Otto Preu",author
1972,"F 122","Die Stellung von Franz Liszt in der Musikgeschichte des 19. Jahrhunderts","Werner Rackwitz",author
1972,"F 123","Zur Frage des ""Popularen bei Mozart""","Horst Reichenbach",author
1972,"F 124","Die Berliner Hofkapelle im 16. und 17 Jahrhundert (Arbeitstitel)","Horst Richter",author
1972,"F 125","Zu einigen Aspekten dialektischer Figureninterpretation in einigen neueren Werken des
            Opernschaffens der DDR","Gerd Rienäcker",author
1972,"F 126","Ursachen und Traditionen der Bachpflege im 19. Jahrhundert in Deutschland","Helmuth Rudloff",author
1972,"F 127","Das Variationsprinzip in bildender Kunst und Musik","Rüdiger Schaar",author
1972,"F 128","Die Entwicklung des Jugendliedes im Gebiet der DDR von 1945-1954","Klaus-Dieter Scharfenberg",author
1972,"F 129","Hanns Eislers Schaffen in der USA-Emigration. (Arbeitstitel)","Jürgen Schebera",author
1972,"F 130","Die Musikerziehung in Deutschland zwischen der Französischen Revolution von 1789 und
            der bürgerlich-demokratischen Revolution von 1848","Gerhard Schmidt",author
1972,"F 131","Hans von Bülow - Pianist und Dirigent, (Arbeitstitel)","Ernst Schneider",author
1972,"F 132","Das Streichquartett im kompositorischen Schaffen der Deutschen Demokratischen
            Republik","Frank Schneider",author
1972,"F 133","Introduktionsprobleme im Opernschaffen der DDR","Hans-Jürgen Schneider",author
1972,"F 133","Introduktionsprobleme im Opernschaffen der DDR","Klaus C. Barnikol",author
1972,"F 134","Händels Orgelkonzerte op. 7","Ingeborg Schneider-Lüdecke",author
1972,"F 135","Darstellung der Charaktere in L. Janačeks Opern","Eva-Maria Schön",author
1972,"F 136","Untersuchungen zum Begriff des Neuen in dar zeitgenössischen Musik - ein Beitrag zur
            Bestimmung spezifischer inhaltlicher Erscheinungsformen nichtwortgebundener Musik des
            sozialistischen Realismus","Gerd Schönfelder",author
1972,"F 137","Bach-Jubiläum im 19. und 20. Jahrhundert. Ein Beitrag zur Wirkungsgeschichte","Walburg Schulze",author
1972,"F 138","Untersuchungen über positive Beeinflussung von Monotonieerscheinungen in spezifischen
            Arbeitssituationen in Großbetrieben","Christoph Schwabe",author
1972,"F 139","Untersuchungen über die Wirkung unterschiedlicher Musik auf das Verhalten von Kühen
            unter der Bedingung der technisierten Milchabgabe","Christoph Schwabe",author
1972,"F 140","Zur Qualitätbewertung von Musikinstrumenten","Helmut Seidl",author
1972,"F 141",Händel-Forschung,"Walther Siegmund-Schultze",author
1972,"F 142","Vertonungen gleicher Texte Bertolt Brechts durch Komponisten der DDR in
            klavierbegleiteten Sololiedern","Gerhard Stahlbaum",author
1972,"F 143","Zur Problematik der Singebewegung","Winfried Stanislau",author
1972,"F 144","Beiträge zur Geschichte der Musiküberlieferung in mitteldeutschen Handschriften des
            16. Jahrhunderts","Wolfram Steude",author
1972,"F 145","Fragen der Programmierung im Musikunterricht","Martin Stiebritz",author
1972,"F 146","Die Aufführungen von Opern Händels zu dessen Lebzeiten in Hamburg und
            Braunschweig","Stephan Stompor",author
1972,"F 147","Die frühen Sinfonien Sergej Prokofjews. Ein Beitrag zu semantischer Analyse von
            Musik","Friedbert Streller",author
1972,"F 148","Die Klaviersonate von 1830-1850. Ein Beitrag zur Geschichte der Klaviersonate","Hanne-Dore Thäle",author
1972,"F 149","Untersuchungen zum funktionellen Aufgabenbereich und ästhetischen Stellenwert der
            Musik in Fernsehfilmen der DDR","Wolfgang Thiel",author
1972,"F 150","Heinrich Sattler, Leben und Werk","Eitelfriedrich Thom",author
1972,"F 151","Untersuchungen zum klavierbegleiteten Sololied im DDR-Musikschaffen.
            (Arbeitsthema)","Anneliese Thümmler",author
1972,"F 152","Untersuchungen zur Singefähigkeit bei Unterstufenkindern im tonikalen und modalen
            Bereich. (Arbeitstitel)","Hans Vogel",author
1972,"F 153","Zeitgenössische Interpretation von Beethovens Sinfonien","Helmut Wald",author
1972,"F 154","Der Typ des Prokofjewschen Instrumentalkonzerts. Seine Stellung und Bedeutung in der
            Gegenwartsmusik","Gerhard Wappler",author
1972,"F 155","Das musikalische Thema - seine tonsprachlichen Funktionen und Positionen.
            (Arbeitstitel)","Martin Wehnert",author
1972,"F 156","Händels Trauer-Anthem, Eine Studie mit kritischer Ausgabe der Partitur im Rahmen der
            Hallischen Händel-Ausgabe","Edwin Werner",author
1972,"F 157","Zum Wandel des Beethoven-Bildes im Spiegel der Jubiläen","Hiltraut Werner",author
1972,"F 158","Entwicklungsprobleme und Tendenzen des sozialistischen Realismus im Opernschaffen der
            DDR von 1962 bis zur Gegenwart","Lutz Winkler",author
1972,"F 159","Richard Wagners geistige und künstlerische Entwicklung nach 1848","Werner Wolf",author
1972,"F 160","Zeitgenössische Variationswerke im Schulunterricht","Wolfgang Wunder",author
1972,"F 161","Möglichkeiten der Wiederbelebung der komischen Oper des 18. Jahrhunderts: Ein Beitrag
            zur Untersuchung der konzeptionell-stilistischen Spezifik der komischen Oper des 18.
            Jahrhunderts als Voraussetzung ihrer werkgetreuen Realisierung für das heutige
            Musiktheater","Karin Zauft",author
1972,"F 162","Die Solokonzerte von Dmitri Schostakowitsch. Untersuchungen über Aufbau der Werke und
            ihre ästhetische Wertung","Carlferdinand Zech",author
1972,"F 163","Kammermusik im Thüringer Raum seit 1945","Uta Ziegner",author
1972,"F 164","Entfremdungserscheinungen in der Musik","Sabine Zinke",author
1972,"F 165","Die Entwicklung des Gewandhausorchesters seit 1945 und seine weitere Arbeit
            (Arbeitsthema)","Karl Zumpe",author
1973,1,"Einführung in den Orgelbau. 2., erw. u. neubearb. Aufl","Wolfgang Adelung",author
1973,2,"Einführung in die Hymnologie","Christoph Albrecht",author
1973,3,"Hanns Eisler zum 75. Geburtstag. Ehrungen in Berlin und Leipzig, in Funk und
            Fernsehen. Kolloquium in Leipzig","Ingeborg Allihn",author
1973,4,"Hanns Eisler zum 75. Geburtstag. Ehrungen in Berlin und Leipzig, in Funk und
            Fernsehen. Eisler-Porträt im Rundfunk","Ingeborg Allihn",author
1973,5,"5. Telemann-Festtage in Magdeburg.- In","Ingeborg Allihn",author
1973,6,"Kantate - Melodram - Oratorium: In: Forum: Musik in der DDR. T. 2","Günter Altmann",author
1973,7,"Funk und Fernsehen. Neue Musik im Hörspiel","Stefan Amzoll",author
1973,8,"Neue Werke unserer Komponisten. Wolfgang Thiel: ""Kontakte""","Stefan Amzoll",author
1973,10,"Bach-Jahrbuch. Im Auftr. d. Neuen Bachges","Alfred Dürr",editor
1973,10,"Bach-Jahrbuch. Im Auftr. d. Neuen Bachges","Werner Neumann",editor
1973,11,"Musikerziehung in der Kinderkrippe","Fritz Bachmann",author
1973,12,"Keine Begabung darf verlorengehen! Bericht von d. Zentralen Direktorenkonferenz d.
            Musikschulen","Fritz Beinroth",author
1973,13,"Verzeichnis der hauptsächlichsten Schriften, Vorträge und Reden Ernst H. Meyers, der
            mit ihm geführten Interviews und der von ihm besorgten Ausgaben","Lieselotte Bense",author
1973,14,"Dieter Süverkrüp - Liedermacher aus Düsseldorf","Michael Berger",author
1973,15,"Neue Werke unserer Komponisten. Wolfgang Strauß: II. Sinfonie","Karl-Ernst Bergunder",author
1973,16,"Neue Werke unserer Komponisten. Hans Jürgen Wenzel","Karl-Ernst Bergunder",author
1973,17,"Einige Ergebnisse aus den neuen Produktionen jugendgemäßer Tanzmusik im Zeitraum vom
            Mai 1970 bis Januar 1971 als Beitrag zum Kunstfortschritt in der Tanzmusik der
            DDR","Werner Beyer",author
1973,18,"Die ""Äsop-Fabeln"" von André Asriel","Siegfried Bimberg",author
1973,19,"Das Werk von Heinrich Schütz lebt. Festtage der DDR zum Schütz-Jubiläum in
            Dresden","Hans Böhm",author
1973,20,"Junge Dirigenten im Blickfeld. Notizen zu einigen Problemen des
            Carl-Maria-von-Weber-Wettbewerbes","Hans Böhm",author
1973,21,"Karl Straube 1873-1973","Hans Böhm",author
1973,22,"Světova premiéra v Dráždanech [Eine Uraufführung in Dresden, tschech.] (Zu ""Levins
            Mühle"" von Udo und Ingo Zimmermann.)","Hans Böhm",author
1973,23,"Heue Werke unserer Komponisten. Siegfried Köhler: Konzert für Klavier und
            Orchester","Hans Böhm",author
1973,24,"Neue Werke unserer Komponisten. Rainer Kunad; Quadrupelkonzert","Hans Böhm",author
1973,25,"Neue Werke unserer Komponisten. Max Butting","Hans Böhm",author
1973,26,"Neue Werke unserer Komponisten. Udo Zimmermann","Hans Böhm",author
1973,27,"Neue Werke unserer Komponisten. Manfred Weiss: Klavierkonzert","Hans Böhm",author
1973,28,"Neue Werke unserer Komponisten. Siegfried Köhler: Chorsinfonie ""Wir - unsere
            Zeit""","Hans Böhm",author
1973,29,"Neue Werke unserer Komponisten. Gerhard Rosenfeld: Violinkonzert Nr. 2","Hans Böhm",author
1973,30,"Neue Werke unserer Komponisten. Johannes Paul Thilman: ""Impulse""","Hans Böhm",author
1973,31,"Neue Werke unserer Komponisten. Rainer Lischka: Musical ""Der große Held
            Tartarin""","Hans Böhm",author
1973,32,"425 Jahre Dresdner Staatskapelle. Festkonzert und Höhepunkt im Musiktheater","Hans Böhm",author
1973,33,"425 Jahre Dresdner Staatskapelle. Johannes Paul Thilman: Ornamente für
            Orchester","Hans Böhm",author
1973,34,"425 Jahre Dresdner Staatskapelle. Paul Dessau: Orchestermusik Nr. 4","Hans Böhm",author
1973,35,"Untersuchungsmethoden der Stimme und Sprache","Gerhard Böhme",author
1973,36,"Das Lebenswerk Max Buttings","Dietrich Brennecke",author
1973,37,"Sinfonik: In: Forum: Musik in der DDR. T. 2","Dietrich Brennecke",author
1973,38,"Musik. Lehrbuch für die Klassen 7 und 8","Hella Brock",author
1973,38,"Musik. Lehrbuch für die Klassen 7 und 8","Herbert Zimpel",author
1973,39,"Erläuterungen zur Stoffeinheit 4, Klasse 7. Die Naturverbundenheit und die
            Beziehungen der Menschen zueinander im Volkslied","Hella Brock",author
1973,40,"Vertieftes Musikerleben durch Zusammenwirken der drei künstlerisch-ästhetischen
            Fächer","Hella Brock",author
1973,41,"Vorwort: In: Meyer, Ernst Hermann: Musik der Renaissance - Aufklärung -
            Klassik","Heinz Alfred Brockhaus",editor
1973,42,"Musikgeschichte in Reclams Universal-Bibliothek","Heinz Alfred Brockhaus",author
1973,43,"Prinzipien der Musik des sozialistischen Realismus: In: Forum: Musik in der DDR. T.
            1","Heinz Alfred Brockhaus",author
1973,44,"Probleme und Tendenzen der Musikästhetik. (Literaturbericht.)","Heinz Alfred Brockhaus",author
1973,45,"Arbeiterklasse und Musik","Harald Bühl",author
1973,46,"Der Minister für Kultur konstituierte das Komitee für Unterhaltungskunst.
            Interview","Peter Czerny",author
1973,46,"Der Minister für Kultur konstituierte das Komitee für Unterhaltungskunst.
            Interview","Horst Stascheit",author
1973,47,"Deutsche Staatsoper Berlin","Werner Otto",editor
1973,47,"Deutsche Staatsoper Berlin","Walter Rösler",editor
1973,48,"Didaktisch-methodische Untersuchungen zur Vorbereitung und Planung des
            Unterrichtsprozesses im Fach Musik","Kurt Dittrich",author
1973,49,"Analytische Betrachtungen zu ""Der Doppelgänger"": In: Bühnentanz und sozialistische
            Gegenwart","Edith Dörwaldt",author
1973,50,"""Frühling an der Seme"", Ballett von Jean Kurt Forest: In: Der Realismus und die
            Sprache des Tanzes","Edith Dörwaldt",author
1973,50,"""Frühling an der Seme"", Ballett von Jean Kurt Forest: In: Der Realismus und die
            Sprache des Tanzes","Jürgen Goewe",author
1973,50,"""Frühling an der Seme"", Ballett von Jean Kurt Forest: In: Der Realismus und die
            Sprache des Tanzes","Werner Gommlich",author
1973,51,"Dokumentation-Information für Theater. Titel-und Inhaltsangaben zu
            Inszenierungsdokumentationen","Angela Kuberski",contributor
1973,52,"Erziehung zu nachhaltigem Kunsterleben und zur künstlerischen Selbsttätigkeit durch
            die Musikerziehung auf der Grundlage der neuen Lehrpläne auf Rügen, (verglichen mit
            ungarischen Erfahrungen). Pädagogische Lesung","Eva Donath",author
1973,52,"Erziehung zu nachhaltigem Kunsterleben und zur künstlerischen Selbsttätigkeit durch
            die Musikerziehung auf der Grundlage der neuen Lehrpläne auf Rügen, (verglichen mit
            ungarischen Erfahrungen). Pädagogische Lesung","Paul Wilhelm Donath",author
1973,53,"Vergleich zwischen den in der Volksrepublik Ungarn und den in der DDR gebräuchlichen
            relativen Methoden zur Einführung in die Notenschrift. Pädagogische Lesung","Eva Donath",author
1973,53,"Vergleich zwischen den in der Volksrepublik Ungarn und den in der DDR gebräuchlichen
            relativen Methoden zur Einführung in die Notenschrift. Pädagogische Lesung","Paul Wilhelm Donath",author
1973,54,"Das Lied, im Kampf geboren. Gedanken zum Liedfestival ""Politische Lieder zu den X.
            Weltfestspielen"" - In","Hans Ehrhardt",author
1973,57,"Über Gestalt und Funktion des Themas bei Bartók: In: Meyer","Rudolf Eller",author
1973,58,"Der Begriff des maqām in Ägypten in neuerer Zeit","Jürgen Elsner",author
1973,59,"Hanns Eisler in seinen verbalen Äußerungen: In: Meyer","Jürgen Elsner",author
1973,60,"Zum Begriff der Tonalität: In: Meyer","Veit Ernst",author
1973,61,Vorwort,"Lothar Fahlbusch",editor
1973,62,"Die Chopin-Biographie von Franz Liszt","Werner Felix",author
1973,63,"Franz Liszt und die Klassik","Werner Felix",author
1973,64,"Carl Friedrich Zelter","Werner Felix",author
1973,65,"Felsenstein inszeniert Garmen","Manfred Koerth",contributor
1973,66,"Telemann, Georg Philipp: ""Der Messias"" (1759) nach Worten von Fr. G, Klopstock. Zwei
            Kantaten für Sopran, Alt, Tenor u. Baß, Kammerorch. u. B.o. (Part.)","Günter Fleischhauer",editor
1973,67,"Telemann, Georg Philipp: Konzert für Querflöte und Violine, Streicher und B.c. in
            e-Moll (Part.)","Günter Fleischhauer",editor
1973,68,"Händel, Georg Friedrich: Sieben Triosonaten op. 5. Krit. Bericht","Siegfried Flesch",editor
1973,69,"Auf dem Wege zu einer neuen Qualität des Musikunterrichts. Einige erste Erfahrungen
            bei der Arbeit mit den neuen Lehrplänen für die Klassen 5 bis 10","Siegfried Flügel",author
1973,70,"Gemeinsam bewältigen wir die Anforderungen bei der musisch-ästhetischen Bildung und
            Erziehung der Schuljugend. Gedanken zum II. Musikkongreß der DDR. T. 1.2","Siegfried Flügel",author
1973,70,"Gemeinsam bewältigen wir die Anforderungen bei der musisch-ästhetischen Bildung und
            Erziehung der Schuljugend. Gedanken zum II. Musikkongreß der DDR. T. 1.2","Karl Hoffmann",author
1973,71,"Lehrplan 1972 - Grundlage einer neuen Qualität des Musikunterrichts. Zur Einführung
            der neuen Lehrpläne im Fach Musik. 1.2","Siegfried Flügel",author
1973,71,"Lehrplan 1972 - Grundlage einer neuen Qualität des Musikunterrichts. Zur Einführung
            der neuen Lehrpläne im Fach Musik. 1.2","Fritz Jentsch",author
1973,72,"Unterwegs in Sachen Weltfestspiele. Tagebuchnotizen von Jean Kurt Forest","Jean Kurt Forest",author
1973,73,"Mendelssohn und die Bachpflege in Leipzig","Johannes Forner",author
1973,73,"Mendelssohn und die Bachpflege in Leipzig"," Stadtarchiv",editor
1973,74,"Mendelssohns Mitstreiter am Leipziger Konservatorium","Johannes Forner",author
1973,75,"Forum Musik in der D[eutschen] D[emokratischen] R[epublik]","Dietrich Brennecke",contributor
1973,75,"Forum Musik in der D[eutschen] D[emokratischen] R[epublik]","Mathias Hansen",contributor
1973,76,"Einige Gedanken zur kulturpolitischen Linienführung des Lehrplans für Musik","Siegfried Freitag",author
1973,77,"""Wer die Rose ehrt..."" (Analyse eines Beattitels)","Siegfried Freitag",author
1973,78,"Tanzmusik und Schule","Siegfried Freitag",author
1973,79,"""Wind, komm, bring den Regen her!"" - Ein ungarischer Erfolgsschlager","Siegfried Freitag",author
1973,80,"Neue Werke unserer Komponisten. Joachim Thurm: 5 Impromptus für Orchester","Karl-Heinz Friebel",author
1973,81,"Neue Werke unserer Komponisten. Ottmar Gerster","Karl-Heinz Friebel",author
1973,82,"Günter Fredrich - ein Komponist der Jugend","Gerd Frischmuth",author
1973,83,"Die Analyse. ""L'homme"" - Meditationen für Orchester nach Eugdne Guillevic von Udo
            Zimmermann","Hannelore Gerlach",author
1973,84,"Fazit und Ausblick eines reifen Künstlers. Zur 15. Sinfonie Dmitri
            Schostakowitschs","Hannelore Gerlach",author
1973,85,"Funk und Fernsehen. Musik in der Fernsehserie: ""Für Freunde der russischen
            Sprache""","Hannelore Gerlach",author
1973,86,"Siegfried Matthus","Hannelore Gerlach",author
1973,87,"Wir stellen vor: Rodion Stschedrin","Hannelore Gerlach",author
1973,88,"Sinfonik, Jazz, Filmmusik. Gespräch mit dem georgischen Komponisten Gija
            Kantsoheli","Hannelore Gerlach",author
1973,89,"Levins Mühle als Oper. Gespräch mit dem Komponisten Udo Zimmermann","Hannelore Gerlach",author
1973,90,"Zur Entwicklung der Singefähigkeit von Kleinkindern","Dieter Gleß",author
1973,91,"Rhythmisch-psychomotorische Musiktherapie. Eine gezielte Behandlung
            entwicklungsgeschädigter Kinder und Jugendlicher","Gerhard Göllnitz",author
1973,91,"Rhythmisch-psychomotorische Musiktherapie. Eine gezielte Behandlung
            entwicklungsgeschädigter Kinder und Jugendlicher","Gertrud Schulz-Wulf",author
1973,92,"""Frühling an der Seine"", Ballett von Jean Kurt Forest","Jürgen Goewe",author
1973,92,"""Frühling an der Seine"", Ballett von Jean Kurt Forest","Werner Gommlich",author
1973,92,"""Frühling an der Seine"", Ballett von Jean Kurt Forest","Edith Dörwaldt",author
1973,93,"Die Bibliothek des Komponisten","Friedrich Goldmann",author
1973,93,"Die Bibliothek des Komponisten","Gerhard Müller",author
1973,94,"Das Violinkonzert von Ernst Hermann Meyer: In: Meyer","Harry Goldschmidt",author
1973,95,"""... Romeo, verleugne deinen Vater, deinen Namen!"" Zu Prokofjews ""Romeo und Julia"" an
            der Komischen Oper","Werner Gommlich",author
1973,96,"""Frühling an der Seme"", Ballett von Jean Kurt Forest","Werner Gommlich",author
1973,96,"""Frühling an der Seme"", Ballett von Jean Kurt Forest","Edith Dörwaldt",author
1973,96,"""Frühling an der Seme"", Ballett von Jean Kurt Forest","Jürgen Goewea",author
1973,97,"Eisler, Hanns: Materialien zu einer Dialektik der Musik","Manfred Grabs",editor
1973,98,"Die Lehrer und ihre Schüler","Manfred Grabs",author
1973,99,"""Wir, so gut es gelang, haben das Unsre getan"". Zur Aussage der Hölderlin-Vertonungen
            Hanns Eislers","Manfred Grabs",author
1973,100,"Ausgabe der Gesammelten Werke von Hanns Eisler","Manfred Grabs",author
1973,101,"Handlung und Musik im Ballett","Karl-Rudi Griesbach",author
1973,102,"Georg Philipp Telemann. Briefwechsel. Sämtl. erreichbaren Briefe von u. an
            Telemann","Hans Große",editor
1973,102,"Georg Philipp Telemann. Briefwechsel. Sämtl. erreichbaren Briefe von u. an
            Telemann","Hans Rudolf Jung",editor
1973,103,"Über Voraussetzungen und Merkmale der Arbeit in den FDJ-Singeklubs","Wulfhard von Grüner",author
1973,104,Vorwort,"Peter Gülke",editor
1973,104,Vorwort,"Dorothea Gülke",contributor
1973,105,"Über den Beitrag des Musikers zur Konzeption der Aufführung musikalischer
            Bühnenwerke: In: Zur Erbeaneignung im Musiktheater","Peter Gülke",author
1973,106,"Janáček - Werk- und Realisierungsprobleme. Der Realismus des Komponierens bei
            Janáček.- In","Peter Gülke",author
1973,107,"Mozart, Wolfgang Amadeus: Sinfonie A-Dur, KV 201 (Part. mit Rev.-Bericht)","Peter Gülke",editor
1973,108,"Schallplattenmosaik. Erlebtes oder photographiertes Konzert? Überlegungen zum
            Standort der Schallplatte","Peter Gülke",author
1973,109,"Neue Werke unserer Komponisten: Siegfried Thiele: Drei Orchestermotetten nach
            Guillaume de Machaut","Peter Gülke",author
1973,110,"Arbeiterklasse und Musik. Vollversammlung der Kulturobleute im Chemiekombinat
            Buna","Claus Haake",author
1973,111,"Probleme der Planung und Leitung in einem Volkskunstkollektiv","Claus Haake",author
1973,112,"Poesie und Sensibilität - Das Kantatenwerk Rudolf Wagner-Régenys","Dieter Härtwig",author
1973,113,Vorwort,"Peter Hauschild",editor
1973,114,"Untersuchungen zur Aufnahme der Werke Mussorgskis in Deutschland (unter besonderer
            Berücksichtigung der Anfänge 1860 bis ca. 1932)","Christoph Hellmundt",author
1973,115,"Einige Erfahrungen bei der Entwicklung von Singequalitäten in der Unterstufe","Hannelore Helm",author
1973,116,"Mendelssohn-Ehrung der DDR. Vorbereitendes Kolloquium","Gunter Hempel",author
1973,117,"Das Leipziger Gewandhausorchester. 2., überarb. Aufl","Fritz Hennenberg",author
1973,118,"Streiflichter auf die Funktion des Liedes: In: Forum: Musik in der DDK. T. 2","Fritz Hennenberg",author
1973,119,"Mut zum Unkonventionellen. Ein Blick auf die Konzertpläne sowjetischer
            Orchester","Fritz Hennenberg",author
1973,120,"Zur Schulung der ästhetisch-künstlerischen Erlebnisfähigkeit. Ein Weg für die
            Entwicklung der Fähigkeit zur differenzierten sprachlichen Kennzeichnung der durch die
            Musik ausgelösten emotionalen und assoziativen Wirkungen","Rainer Herberger",author
1973,121,"Unterrichtshilfen Musik 9. und 10. Klasse zum Lehrplan 1972","Rainer Herberger",author
1973,121,"Unterrichtshilfen Musik 9. und 10. Klasse zum Lehrplan 1972","Hans Pezold",author
1973,121,"Unterrichtshilfen Musik 9. und 10. Klasse zum Lehrplan 1972","Wolfgang Prehn",author
1973,122,"Carl Almenräders Verdienst um das Fagott","Herbert Heyde",author
1973,123,"Das Massenlied - Begriff, Geschichte, Analyse; dargestellt am Liedgut
            1945-1970","Eva-Maria Hillmann",author
1973,124,"Neue ""Texte zur Leipziger Kirchen-Music"". In: Bach-Jahrbuch. Jg 59","Wolf Hobohm",author
1973,125,"Drei Telemann-Miszellen","Wolf Hobohm",author
1973,126,"Inhaltsreiche Zensuren: nicht Sammlung unvollkommener Einzelfakten. Gedanken zur
            Kontrolle, Bewertung und Zensierung der Schülerleistungen im Musikunterricht","Karl Hoffmann",author
1973,127,"Untersuchungen zum Musikunterricht in den unteren Klassen. Ergebnisse - Probleme -
            Schlußfolgerungen","Karl Hoffmann",author
1973,128,"Gemeinsam bewältigen wir die Anforderungen bei der musisch-ästhetischen Bildung und
            Erziehung der Schuljugend. Gedanken zum II. Musikkongreß der DDR. T. 1.2","Karl Hoffmann",author
1973,128,"Gemeinsam bewältigen wir die Anforderungen bei der musisch-ästhetischen Bildung und
            Erziehung der Schuljugend. Gedanken zum II. Musikkongreß der DDR. T. 1.2","Siegfried Flügel",author
1973,129,"Fünfundzwanzig Jahre sozialistische Singebewegung: In: Forum: Musik in der DDR. T.
            2","Winfried Hoffmann",author
1973,130,"Schlager 1973. Ein Resümee der Tendenzen und Strömungen im 73er Tanzmusikangebot der
            DDR","Heinz Peter Hofmann",author
1973,131,"Crasselius (Crasselt), Bartholomäus: In: Die Musik in Geschichte und Gegenwart. Bd
            15","Walter Hüttel",author
1973,132,"Familie Donati (Donat): In: Die Musik in Geschichte und Gegenwart. Bd 15","Walter Hüttel",author
1973,133,"Dehn (Dehne), Michael: In: Die Musik in Geschichte und Gegenwart. Bd 15","Walter Hüttel",author
1973,134,"Zur Bedeutung des sowjetischen Massenliedes - Ein Beitrag für die X.
            Weltfestspiele","Wolfgang Hütter",author
1973,134,"Zur Bedeutung des sowjetischen Massenliedes - Ein Beitrag für die X.
            Weltfestspiele","Günther Müller",author
1973,135,"Der Minister und der Eremit. Zum deus ex machina bei Beethoven und bei Weber","Hans-Jochen Irmer",author
1973,136,"Brecht und das musikalische Theater","Hans-Jochen Irmer",author
1973,137,"Bertolt Brecht und das musikalische Theater","Hans-Jochen Irmer",author
1973,138,"Zur Gemeinsamkeit von Berufskunst und künstlerischem Volksschaffen.
            Diskussionsbeitrag zum II. Musikkongreß der DDR","Horst Irrgang",author
1973,139,"Die Musikerziehung in der [Bundes] R[epublik] D[eutschland] seit der Zerschlagung des
            Faschismus. Ein Beitrag zur Klärung ihrer politischen, ideologischen und pädagogischen
            Position unter besonderer Berücksichtigung einiger Aspekte der Schulmusik und der
            außerschulischen Musikerziehung. [1.2.]","Walter Jäger",author
1973,140,"Die Praxis des Instrumentalspiels des kambodschanischen Orchesters ""Voung Phleng
            Kar"", erläutert an zehn Stücken der Hochzeitsmusik der Khmer. [1.2.]","Dieter Jahn",author
1973,141,"Lehrplan 1972 - Grundlage einer neuen Qualität des Musikunterrichts. Zur Einführung
            der neuen Lehrpläne im Fach Musik. 1.2","Fritz Jentsch",author
1973,141,"Lehrplan 1972 - Grundlage einer neuen Qualität des Musikunterrichts. Zur Einführung
            der neuen Lehrpläne im Fach Musik. 1.2","Siegfried Flügel",author
1973,142,"Zwei neuentdeckte Schütz-Briefe","Hans Rudolf Jung",author
1973,143,"Neue Werke unserer Komponisten. Fritz Geißler: Orchesterkonzert","Helge Jung",author
1973,144,"Musikalische Syntax und sozialhistorische Praxis in der arbeitsfunktionalen
            Signalgebung der Viehhirten. [1.2.]","Christian Kaden",author
1973,145,"Zum Wertproblem in der Musik. [1.2.]","Werner Kaden",author
1973,146,"Was wissen wir über Beethovens Lehrer Christian Gottlob Neefe","Werner Kaden",author
1973,147,"Zur Werttheorie der Musikästhetik","Werner Kaden",author
1973,148,"Werten von Musik - Urteilen über Musik (1-3.)","Werner Kaden",author
1973,149,"Neue Werke unserer Komponisten. Manfred Weiss: Sinfonie Nr. 2","Werner Kaden",author
1973,150,"Neue Werke unserer Komponisten. Volkmar Leimert: Streichquartett Nr. 2","Werner Kaden",author
1973,151,"Freilegen der progressiven Intentionen","Klaus Kahl",author
1973,152,"Hanns Eisler. Für Sie porträtiert","Eberhardt Klemm",author
1973,153,"Chronologisches Verzeichnis der Kompositionen Hanns Eislers","Eberhardt Klemm",author
1973,154,"Festrede - gehalten am achten Dezember 1965 - In: Meyer","Georg Knepler",author
1973,155,"""Was des Eislers ist ..."" (Brecht). Aus e. Radiovortrag. [Berlin, Staatl. Komitee f.
            Rundfunk, Radio DDR II, Musik des 20. Jahrhunderts - Die Vokalmusik Hanns Eislers,
            Rundfunksendung vom 9.11.1972.]","Georg Knepler",author
1973,156,"Bericht über die Arbeit der Sektion I während des II. Musikkongresses der DDR
            (17.-19. November 1972 in Berlin)","Georg Knepler",author
1973,157,"Neue Werke unserer Komponisten. Johannes Werner: Chorsinfonische Suite","Detlef Kobela",author
1973,158,"Neue Werke unserer Komponisten. Wolfgang Strauß: Streichquartett op. 61","Anne Köhl",author
1973,159,"Neue Werke unserer Komponisten. Wolfgang Strauß: III. Sinfonie","Anne Köhl",author
1973,160,"Neue Werke unserer Komponisten. Joachim Werzlau: Klavierfibel","Anne Köhl",author
1973,161,"Mendelssohn Bartholdy, Felix: Konzert für zwei Klaviere und Orchester E-Dur","Karl-Heinz Köhler",editor
1973,162,"Methodische Handreichung für den Musikunterricht der Klassen 1-4","Klaus Köhler",author
1973,163,"Zu einigen Entwicklungstendenzen bei der Aneignung der sozialistischen Gegenwart
            durch den Bühnentanz in unserer Republik: In: Bühnentanz und sozialistische
            Gegenwart","Bernd Köllinger",author
1973,165,"Analytische Betrachtungen zu ""Frühling in Vietnam"": In: Bühnentanz und sozialistische
            Gegenwart","Helga Konegen",author
1973,166,"Eine Anregung für die musikwissenschaftliche Forschung der DDR","Günther Kraft",author
1973,167,Einleitung,"Ernst Krause",editor
1973,167,Einleitung,"Evelyn Richter",contributor
1973,168,"Standpunkt und Aspekte: In: Deutsche Staatsoper Berlin","Ernst Krause",author
1973,169,"Lebensfreude und Herzlichkeit. Zum 60. Geburtstag von Joachim Werzlau","Ernst Krause",author
1973,170,"Der Nestor. Zum 85. Geburtstag von Max Butting","Ernst Krause",author
1973,171,"Junges Fest mit Tradition. Musik-Biennale 1973","Ernst Krause",author
1973,172,"Zur Verantwortung gegenüber der Aufführung zeitgenössischer musikalischer Werke.
            Diskussionsbeitrag zum II. Musikkongreß der DDR","Friedrich Krell",author
1973,173,"Argumente zum ""Wildschütz"". In","Hartmut Kretzschmar",author
1973,174,"Die gesellschaftspolitische Relevanz der musikalischen Dramaturgie in ""Figaros
            Hochzeit"" und ""Don Giovanni"": In: Mozart-Rezeption heute und hier","Eckart Kröplin",author
1973,175,"Figaro ist tot, es lebe Figaro! Probleme mit einer neuen ""Figaro""-Rezeption in
            Dresden und Berlin","Eckart Kröplin",author
1973,176,"Zwischen Groteske und Lyrik. Zur Uraufführung ""Das alltägliche Wunder"" von Gerhard
            Rosenfeld in Stralsund","Eckart Kröplin",author
1973,177,"Die Musik: In: Das Zeitalter der Empfindsamkeit","Renate Krüger",author
1973,178,"Musik und Hörer","Hans-Joachim Kynaß",author
1973,179,"Zwei neue Werke von Henze","Hans-Joachim Kynaß",author
1973,180,"Unsere Lieder, unser Gesang zum Festival","Hans-Joachim Kynaß",author
1973,181,"Drittes Festival des politischen Liedes in Berlin","Hans-Joachim Kynaß",author
1973,182,"Bibliographie der deutschen Arbeiterliederbücher 1833-1945","Inge Lammel",editor
1973,183,"Traditionen des Arbeiterliedes: In: Forum: Musik in der DDR. T. 2","Inge Lammel",author
1973,184,"Zur Musikrezeption durch die deutsche Arbeiterklasse - unter besonderer
            Berücksichtigung der Werke Ludwig van Beethovens: In: Kultur und Lebensweise des
            Proletariats","Inge Lammel",author
1973,185,"Das Arbeiterlied","Inge Lammel",author
1973,186,"Zur Beethoven-Rezeption in der deutschen Arbeiterbewegung","Inge Lammel",author
1973,187,"Quellenstudien zum italienischen Intermezzo comico per musicam und zu seiner
            Geschichte in Dresden. [1-3]","Ortrun Landmann",author
1973,188,"Probleme des mehrstimmigen Singens in der zehnklassigen polytechnischen
            Oberschule","Christian Lange",author
1973,189,"Von Klasse 1 an die gestellten Aufgaben in höchstmöglicher Qualität erfüllen. Die
            Bedeutung der Musiklehre für ein bewußtes Singen und Musikhören in der Unterstufe.
            [1.2.]","Christian Lange",author
1973,190,"Arm in Arm mit Rossini. ""Der verrückte Jourdain"" von Fritz Geißler in Rostock und
            Leipzig","Wolfgang Lange",author
1973,191,"Es ist etwas geschehen in Neumühl. Zur Uraufführung ""Levins Mühle"" in Dresden und
            Weimar","Wolfgang Lange",author
1973,192,"Beschwerlicher Umgang mit Verdi. Repertoire-Fragen und einige
            Verdi-Inszenierungen","Wolfgang Lange",author
1973,193,"Robert Schumann","Karl Laux",author
1973,194,"Max Reger. Erinnerungen - Bekenntnis - Aufgaben","Karl Laux",author
1973,195,"Säbeltanz und Sinfonie. Zum 70. Geburtstag Aram Chatschaturjans","Karl Laux",author
1973,196,"Zu einigen Problemen der Abschlußprüfungen Klasse 10","Hans-Christian Loitsch",author
1973,197,"M. J. Waldas Orgelbuch aus dem Jahre 1787: In: Letopis, Jahresschrift für sorbische
            Volksforschung. R. C, Nr 16","Jurij Lušćanski-Wuschansky",author
1973,198,"Telemann, Georg Philipp: ""Jauchze, jubilier und singe"". Oratorium der Kapitänsmusik
            (1730) für Soli, Chor u. Orch., Text von G. Ph. Telemann","Willi Maertens",editor
1973,199,"Telemann, Georg Philipp: ""Serenata eroica"" (1733) auf den Tod Augusts von Sachsen für
            Soli, Chor u. Orch., Text von J. J. D. Zimmermann","Willi Maertens",editor
1973,200,"Entwicklungstendenzen in der Musik des XX. Jahrhunderts außerhalb des sozialistischen
            Lagers: In: Form: Musik in der DDR. T. 1","Jürgen Mainka",author
1973,201,"Musikalische Betroffenheit. Zum Begriff des Gestischen","Jürgen Mainka",author
1973,202,"Neue Werke unserer Komponisten. Peter Herrmann: Zweites Klaviertrio","Rainer Malth",author
1973,203,"Hinweise zur Arbeit der Pionierensembles in Vorbereitung der X. Weltfestspiele der
            Jugend und Studenten 1973 in Berlin","Ulrich Marckardt",author
1973,204,"Ernst Hermann Meyers 3. Streichquartett: In: Meyer","Liesel Markowski",author
1973,205,"Mendelssohn-Ehrung der DDR. Bachs ""Matthäuspassion""; Liederabend mit Peter Schreier;
            Singspiel ""Die beiden Pädagogen""","Liesel Markowski",author
1973,206,"Diskussion über Probleme des neuen Schaffens","Liesel Markowski",author
1973,207,"Reise in die Mongolei. Gespräch mit Siegfried Matthus über Eindrücke und Begegnungen
            in einem Freundesland","Liesel Markowski",author
1973,208,"Musiktheater. Gerhard Rosenfeld: ""Das alltägliche Wunder""","Liesel Markowski",author
1973,209,"Eisler-Lied-Editionen für die Praxis","Liesel Markowski",author
1973,210,"Begegnung mit Freunden. Redakteure von ""Sowjetskaja Muzyka"" zu Gast bei ""Musik und
            Gesellschaft""","Liesel Markowski",author
1973,211,"Hanns Eisler zum 75. Geburtstag. Ehrungen in Berlin und Leipzig, in Funk und
            Fernsehen. Dokumentarfilm im Fernsehen","Liesel Markowski",author
1973,212,Vorwort,"Günter Mayer",editor
1973,213,"Gesellschaftlicher und musikalischer Fortschritt. Zu Hanns Eislers Konzeption einer
            ""Dialektik der Musik""","Günter Mayer",author
1973,214,"Aufgaben des Gehörbildungsunterrichts","Klaus Mehner",author
1973,215,"Meyer - Festschrift für Ernst Hermann Meyer zum sechzigsten Geburtstag","Georg Knepler",editor
1973,216,"Musik der Renaissance - Aufklärung - Klassik","Ernst Hermann Meyer",author
1973,216,"Musik der Renaissance - Aufklärung - Klassik","Heinz Alfred Brockhaus",editor
1973,217,"Neue Themen, neue Maßstäbe. Eröffnungsansprache zum II. Musikkongreß der DDR","Ernst Hermann Meyer",author
1973,218,"Musikalische Fähigkeiten und Fertigkeiten. Ein Beitrag zur Musikpsychologie","Paul Michel",author
1973,219,"Zur Funktion des musikalischen Voraushörens (Antizipation): In: Meyer","Paul Michel",author
1973,220,"Psychologische und methodische Grundfragen der Werkbetrachtung im Fach
            Musikerziehung: In: Forum: Musik in der DDR. T. 1","Paul Michel",author
1973,221,"Ergebnisse der Kodály-Forschung. Internationale musikwissenschaftliche Konferenz zum
            90. Geburtstag von Zoltán Kodály","Paul Michel",author
1973,222,"Die Musik als Wesensbestandteil des geistig-kulturellen Lebens in der DDR. Überarb.
            u. gek. Referat auf d. Sitzung d. Sektion III des II. Musikkongresses der DDR","Paul Michel",author
1973,223,"Musikerzieher - Partner der Komponisten. Kolloquium der Musikerzieher während der IV.
            Musik-Biennale Berlin","Paul Michel",author
1973,224,"Max Reger als Förderer der Schul- und Laienmusikerziehung","Paul Michel",author
1973,225,"Musik und Hörer in der Gegenwart. Psychologische Grundlagen und Probleme","Paul Michel",author
1973,226,"Mizler - Lorenz Mizler. Sammlungen auserlesener moralischer Oden","Dragan Plamenac",contributor
1973,227,"Ist Komponieren lehrbar? Komponistengespräch mit Paul Dessau","Christa Müller",author
1973,228,"Die Bibliothek des Komponisten","Gerhard Müller",author
1973,228,"Die Bibliothek des Komponisten","Friedrich Goldmann",author
1973,229,"Profilbestimmende marxistisch-leninistische Charakteristika des Beethoven-Bildes der
            sozialistischen Schule als Korrektur bzw. schöpferischen Überwindung überkommender
            Darstellungen","Günther Müller",author
1973,230,"Zum Wandel des Beethoven-Bildes und dessen Niederschlag in der musikpädagogischen
            Literatur in der DDR. (Thesen zur Prom.-Schrift B)","Günther Müller",author
1973,231,"Zur Bedeutung des sowietischen Massenliedes - Ein Beitrag für die X.
            Weltfestspiele?","Günther Müller",author
1973,231,"Zur Bedeutung des sowietischen Massenliedes - Ein Beitrag für die X.
            Weltfestspiele?","Wolfgang Hütter",author
1973,232,"Mendelssohn-Ehrung der DDR. Berichte von den Veranstaltungen in Leipzig und
            Berlin","Hans-Peter Müller",author
1973,233,"Mendelssohn-Ehrung der DDR. Vielseitige Konzerte; Festakt mit ""Walpurgisnacht"";
            Konzerte der Musikhochschule; Mendelssohn-Kolloquium","Hans-Peter Müller",author
1973,234,"Musikleben und Musikverbreitung","Hans-Peter Müller",author
1973,235,"Musiktheater. Tilo Medek","Hans-Peter Müller",author
1973,236,"Gerhard Rosenfeld: Quartettino II""","Hans-Peter Müller",author
1973,237,"David Oistrach - Geiger und Dirigent. Zum 65. Geburtstag des sowjetischen
            Künstlers","Hans-Peter Müller",author
1973,238,"425 Jahre Dresdner Staatskapelle. Opernfestwoche mit Buzkos ""Weißen Nächten"" als
            Uraufführung","Hans-Peter Müller",author
1973,239,"Das alltägliche Wunder. Gespräch, mit den Autoren ""Das alltägliche Wunder"", Gerhard
            Rosenfeld und Gerhard Hartmann","Hans-Peter Müller",author
1973,240,"Besuch bei Gerhard Rosenfeld","Hans-Peter Müller",author
1973,241,"Wirkungs- und Gedenkstätten für Max Reger","Helmut Müller",author
1973,242,"Die Liebe: ein alltägliches Wunder. Gespräch mit dem Komponisten Gerhard Rosenfeld
            über seine Oper","Hans-Peter Mürell",author
1973,243,"Im Gespräch: Fortschreitende Zusammenarbeit","Sigrid Neef",author
1973,244,"Das Bachschrifttum 1963-1967","Rosemarie Nestle",author
1973,245,"Mit neuen Liedern zu den X. Weltfestspielen. Zum Treffen der Jugendchöre der DDR in
            Eisenach","Christel Neumann",author
1973,246,"Die Angst vor dem ""fatalen Werden"". Das Problem der Zeit in der spätbürgerlichen
            Philosophie und Musikästhetik","Dieter Nowka",author
1973,247,"Kammermusik: In: Forum: Musik in der DDR. T. 2","Heinz Nündel",author
1973,248,"Zum 100. Geburtstag Max Regers","Herta Oesterheld",author
1973,249,"Neue Werke unserer Komponisten. Gerhard Rosenfeld: Reger-Variationen","Herta Oesterheld",author
1973,250,"Johann Bach, der Stammvater der Erfurter Bache: In: Bach-Jahrbuch. Jg 59","Siegfried Orth",author
1973,251,"Die Entwicklung des theoretisch-ästhetischen Denkens innerhalb der Berliner
            Musikkultur von den Anfängen der Aufklärung bis Reichardt","Hans-Günter Ottenberg",author
1973,252,"Anmerkungen zur Operninterpretation: In: Deutsche Staatsoper Berlin","Werner Otto",author
1973,253,"Gruppenmusiktherapie in der Psychiatrischen Klinik. Mit Untersuchungen zur
            Musikrezeption","Eva-Maria Patzschke",author
1973,254,"Lernen - Schaffen - Lehren. Fred Lohse wurde am 9. April 65 Jahre","Richard Petzoldt",author
1973,255,"Unterrichtshilfen Musik 9. und 1o. Klasse zum Lehrplan 1972: Berlin: Volk und Wissen
            1973","Hans Pezold",author
1973,255,"Unterrichtshilfen Musik 9. und 1o. Klasse zum Lehrplan 1972: Berlin: Volk und Wissen
            1973","Wolfgang Prehn",author
1973,255,"Unterrichtshilfen Musik 9. und 1o. Klasse zum Lehrplan 1972: Berlin: Volk und Wissen
            1973","Rainer Herberger",author
1973,256,"Ballettabend ""David und Goliath"", ""Dreispitz"", ""Gesang der Nachtigall"". (Zur
            Uraufführung von David und Goliath, Musik","Ulrich Pietzsch",author
1973,257,"Arbeitermusiktheater mit hohem Anspruch","Rudolf Piontkowski",author
1973,258,"Zum Geleit: In: Deutsche Staatsoper Berlin","Hans Pischner",author
1973,259,"Prägen des Opernschaffens: In: Forum: Musik in der DDR. T. 2","Hans Pischner",author
1973,260,"Frankfurt - oder? Zur 1. Werkstattwoche der Jugendtanzmusik in Frankfurt
            (Oder)","Bernhard Powileit",author
1973,261,"Unterrichtshilfen Musik 9. und 10. Klasse zum Lehrplan 1972","Wolfgang Prehn",author
1973,261,"Unterrichtshilfen Musik 9. und 10. Klasse zum Lehrplan 1972","Rainer Herberger",author
1973,261,"Unterrichtshilfen Musik 9. und 10. Klasse zum Lehrplan 1972","Hans Pezold",author
1973,262,"Für eine hohe Musikkultur der Werktätigen","Otto Rähder",author
1973,263,"Zum nationalen Charakter und zur musikalischen Bedeutung des Werkes von K. A. Kocor
            (1822-1904): In: Letopis, Jahresschrift des Instituts für sorbische Volksforschung. R.
            C, Nr. 16","Jan Raupp",author
1973,264,"K jednomu aspektej serbskich hudźbnych stawiznow (Zu einem Aspekt der sorbischen
            Musikgeschichte, sorb.)","Jan Raupp",author
1973,265,"Möglichkeiten des Balletts von heute: In: Deutsche Staatsoper Berlin","Eberhard Rebling",author
1973,266,"Reger. - Max Reger 1873-1973. Programmbuch","Herta Oesterheld",contributor
1973,267,"Peripherer Beitrag zur Bach-Forschung.-In","Wolfgang Reich",author
1973,268,"Die Staatskapelle Berlin - ein Blick auf ihre vierhundertjährige Geschichte: In:
            Deutsche Staatsoper Berlin","Horst Richter",author
1973,269,"Musikalische Aspekte der attischen Tragödienchöre","Lukas Richter",author
1973,270,"Zu einigen Aspekten dialektischer Figureninterpretation in einigen neueren Werken des
            Opernschaffens der DDR. [1.2.]","Gerd Rienäcker",author
1973,271,"Bemerkungen zum Opernschaffen von Giacomo Meyerbeer: In: Zur Erbeaneignung im
            Musiktheater","Gerd Rienäcker",author
1973,272,"Lortzings Werke sprechen lassen","Gerd Rienäcker",author
1973,274,"(""Frühling an der Seine"", Ballett von Jean Kurt Forest.) Diskussionsbeitrag: In: Der
            Realismus und die Sprache des Tanzes","Eginhard Röhlig",author
1973,275,"Uraufführungen gestern und heute: In: Deutsche Staatsoper Berlin","Walter Rösler",author
1973,276,"Zu einigen Tucholsky-Liedern Hanns Eislers","Walter Rösler",author
1973,277,"Gedanken zu ""Neidharts Sangweisen"". (Depot-Information)","Ernst Rohloff",author
1973,278,"Arthur Nikisch und die russischen Novatoren","Christian Rothe",author
1973,278,"Arthur Nikisch und die russischen Novatoren"," Stadtarchiv",editor
1973,279,"Zum 750. Jahrestag Heinrichs von Körungen","Christine Rothe",author
1973,279,"Zum 750. Jahrestag Heinrichs von Körungen"," Stadtarchiv",editor
1973,280,"Mendelssohns Beziehungen zu Berlin","Eberhard Rudolph",author
1973,281,"Bemerkungen zum Thema Heinrich Heine und die Musik","Johanna Rudolph",author
1973,282,"Zu Fragen des musikalischen Erbes: In: Forum: Musik in der DDR. T. 1","Johanna Rudolph",author
1973,283,"Zum Messias. Die soziale Verheißung von Händels ""Messias"": In:
            Händelfestspiele","Johanna Rudolph",author
1973,284,"Ein Künstler - zwei leben. Zum 100. Geburtstag Sergej Rachmaninows","Christof Rüger",author
1973,285,"Katalog zu den Sammlungen des Händel-Hauses in Halle. Musikinstrumentensammlung
            Streich-und Zupfinstrumente","Konrad Sasse",editor
1973,286,"Konzertbuch Orchestermusik G-0","Hansjürgen Schaefer",editor
1973,287,"Wahrheit des Details. Analytische Bemerkungen zu Ernst Hermann Meyers Concerto grosso
            und Harfenkonzert","Hansjürgen Schaefer",author
1973,288,"Der klagende Gott und der adlige Saufbold: In: Deutsche Staatsoper Berlin","Hansjürgen Schaefer",author
1973,289,"Mendelssohn-Ehrung der DDR. In Berlin: Die ""Sommernachtstraum""-Musik","Hansjürgen Schaefer",author
1973,290,"Mendelssohn-Ehrung der DDR. Günter Kochans ""Mendelssohn-Variationen""
            uraufgeführt","Hansjürgen Schaefer",author
1973,291,"Vorwärts - zu neuen Ufern. Gedanken und Anregungen aus den Diskussionen des II.
            Musikkongresses der DDR","Hansjürgen Schaefer",author
1973,292,"Musiktheater. Fritz Geißler: ""Der verrückte Jourdain""","Hansjürgen Schaefer",author
1973,293,"Kunst ist Sorgfalt. In memoriam Johannes Paul Thilman","Hansjürgen Schaefer",author
1973,294,"Gratulation und Dank. Wolfgang Lesser zum ""Fünfzigsten""","Hansjürgen Schaefer",author
1973,295,"Musiktheater. Udo Zimmermann: ""Levins Mühle""","Hansjürgen Schaefer",author
1973,296,"Neue Werke unserer Komponisten. Paul Kurzbach: Serenade Nr. VII","Hansjürgen Schaefer",author
1973,297,"Neue Werke unserer Komponisten. Manfred Grabs: Die kleinen Lieder","Hansjürgen Schaefer",author
1973,298,"Der ganze Eisler. Zum 75. Geburtstag des Komponisten","Hansjürgen Schaefer",author
1973,299,"Wo stehen wir? Gedanken nach dem 9. Plenum des ZK der SED","Hansjürgen Schaefer",author
1973,300,"Die Analyse. Das Eigene und das Fremde. Anmerkungen zu ""Noch einen Löffel Gift,
            Liebling?""","Hansjürgen Schaefer",author
1973,301,"Der Gemeinschaft dienen. Zum 60. Geburtstag Benjamin Brittens","Hansjürgen Schaefer",author
1973,302,"... nicht nur von historischem Interesse. Bemerkungen zum Werk Anton Weberns, Karl
            Amadeus Hartmanns und Paul Hindemiths","Hansjürgen Schaefer",author
1973,303,"Das Hanns-Eisler-Archiv bei der Akademie der Künste der DDR - zum 75. Geburtstag
            Hanns Eislers","Hannelore Scharnbeck",author
1973,304,"Wenn Ihnen meine Lieder nicht gefallen, tut es mir leid - Sie können ja ""Open the
            Door, Richard"" hören. Hanns Eisler vor dem Ausschuß zur Untersuchung unamerikanischer
            Betätigung. Ein Beitrag zum Eisler-Jahr","Jürgen Schebera",author
1973,305,"20 Jahre Institut für Lehrerweiterbildung/Musikerziehung Berlin","Heinz Schirmag",author
1973,306,"Lortzing und wir - Magnet ohne Kompaß","Heinz Schirmag",author
1973,307,"Mehr als Beobachter. Zu musikdramatischen Kompositionsprinzipien in ""Levins
            Mühle""","Eberhard Schmidt",author
1973,308,"Die Beziehungen des kompositorischen Schaffens in der Deutschen Demokratischen
            Republik zur Sowjetunion: In: Forum: Musik in der DDR. T. 2","Frank Schneider",author
1973,309,"Zur Frage des Realismus bei Mendelssohn","Gerd Schönfelder",author
1973,310,"Die Analyse. Fritz Geißlers Oratorium ""Schöpfer Mensch""","Gerd Schönfelder",author
1973,311,"Internationales Seminar marxistischer Musikwissenschaftler in Budapest","Gerd Schönfelder",author
1973,312,"Verborgene Improvisationen","Herbert Schramowski",author
1973,313,"Musikerziehung an den allgemein-bildenden polytechnischen Oberschulen: In: Forum:
            Musik in der DDR. T. 1","Lothar Schubert",author
1973,314,"Musikerziehung und sozialistische Gesellschaft - ein Anliegen des II. Musikkongresses
            der DDR","Lothar Schubert",author
1973,315,"Rhythmisch-psychomotorische Musiktherapie. Eine gezielte Behandlung
            entwicklungsgeschädigter Kinder und Jugendlicher","Gertrud Schulz-Wulf",author
1973,315,"Rhythmisch-psychomotorische Musiktherapie. Eine gezielte Behandlung
            entwicklungsgeschädigter Kinder und Jugendlicher","Gerhard Göllnitz",author
1973,316,"Vier unbekannte Quittungen J. S. Bachs und ein Briefauszug Jacob von Stählins","Hans-Joachim Schulze",author
1973,317,"Vorwort: In: Bach, Johann Sebastian: Violinkonzert a-Moll, BWV 1041","Hans-Joachim Schulze",author
1973,318,"Vorwort: In: Bach, Johann Sebastian: Violinkonzert E-Dur, BWV 1042","Hans-Joachim Schulze",author
1973,319,Vorwort,"Hans-Joachim Schulze",author
1973,320,"Für die Entwicklung aller musikalischen Talente","Helmut Schulze",author
1973,321,"Zur Einführung des neuen Lehrprogramms an den Musikschulen der DDR","Helmut Schulze",author
1973,322,"Mendelssohn-Ehrung der DDR. Mendelssohn-Stipendiaten musizierten; Rundfunk-Akademie;
            Konzert der Komischen Oper","Eckart Schwinger",author
1973,323,"Der Befreiungsgedanke in der Musik: In: Meyer","Walther Siegmund-Schultze",author
1973,324,"Die X. Hallischen Musiktage","Walther Siegmund-Schultze",author
1973,325,"Ein Sinfoniker unserer Tage. Zum 60. Geburtstag von Johann Cilenšek","Walther Siegmund-Schultze",author
1973,326,"Bericht über die Arbeit der Sektion II während des II. Musikkongresses in der DDR
            (17.-19. November 1972 in Berlin.) - In","Walther Siegmund-Schultze",author
1973,327,"X. ISME-Konferenz in Thunis/Karthago","Walther Siegmund-Schultze",author
1973,328,"Zur Diskussion gestellt. Werten von Musik - Urteilen über Musik","Walther Siegmund-Schultze",author
1973,329,"Gedanken zur Behandlung von Vokalwerken Bachs und Händels in der sozialistischen
            Schule","Walther Siegmund-Schultze",author
1973,330,"Gedanken nach dem II. Musikkongreß der DDR","Walther Siegmund-Schultze",author
1973,331,"Die 22. Händelfestspiele der DDR","Walther Siegmund-Schultze",author
1973,332,"Janáček - Werk und Realisierungsprobleme. Die Hoffnung auf Veränderung","Walther Siegmund-Schultze",author
1973,333,"Zum Beispiel ""Xerxes"". Zu Inszenierungsproblemen mit Händel-Opern","Walther Siegmund-Schultze",author
1973,334,"Heue Werke unserer Komponisten. Udo Zimmermann: ""Ein Zeuge der Liebe""","Heinrich Spieler",author
1973,335,"Wir haben eine Singe- und Denkbewegung entwickelt! Diskussionsbeitrag zum II.
            Musikkongreß der DDR","Winfried Stanislau",author
1973,336,"Der Minister für Kultur konstituierte das Komitee für Unterhaltungskunst.
            Interview","Horst Stascheit",author
1973,336,"Der Minister für Kultur konstituierte das Komitee für Unterhaltungskunst.
            Interview","Peter Czerny",author
1973,337,"Untersuchungen zur Herkunft, Verbreitung und spezifischem Inhalt mitteldeutscher
            Musikhandschriften des 16. Jahrhunderts. [1.2.]","Wolfram Steude",author
1973,338,"Schütz, Heinrich: Stehe auf, meine Freundin, f. zwei vierstg. Chöre u. B.c. (ad.
            lib.)","Wolfram Steude",editor
1973,339,"Analyse und Klassifikation von Volksmelodien","Doris Stockmann",editor
1973,339,"Analyse und Klassifikation von Volksmelodien","Jan Steszewski",editor
1973,340,"Zur Arbeit der Study Group of Folk Music Systematization des IFMC: In: Analyse und
            Klassifikation von Volksmelodien","Doris Stockmann",author
1973,341,"Schostakowitsch in Berlin. Aufzeichnungen von der Regie zu seiner Oper ""Katerina
            Ismailowa""","Eberhard Streul",author
1973,342,"Antonin Dvořák. Zur Ästhetik seines sinfonischen Schaffens (Estetika Dvořákovy
            Symfonické Tvorby [dt.]) (Ins Dt. übers, von Gert Jäger u. Jürgen Morgenstern. Die
            Bearb. d. vorliegenden Fassung besorgten mit Zust. d. Verf. Werner Beyer u. Erich
            Kapst.) [Nebst Übers.]","Antonin Sychra",author
1973,343,"Gedanken zu Eislers Deutscher Sinfonie","Reinhard Szeskus",author
1973,344,"Zu einigen Problemen des Volksliedes in der Schule","Reinhard Szeskus",author
1973,345,"Die Klaviersonate bei Mendelssohn Bartholdy, Chopin, Schumann und Liszt. Ein Beitrag
            zur Geschichte der Klaviersonate des 19. Jahrhunderts","Johanne Dorothea Thäle",author
1973,346,"Reiner Bredemeyers Film- und Fernsehmusiken","Wolfgang Thiel",author
1973,347,"Heinrich Sattler, 1811-1891, und das Musikleben seiner Zeit im nördlichen Vorharz
            (ein Beitrag zur musikalischen Landschafts-Forschung, im Bereich des nördlichen
            Vorharzes, im 19.Jahrhundert.)","Eitelfriedrich Thom",author
1973,348,"425 Jahre Staatskapelle Dresden","Arthur Tröber",author
1973,349,"Uns vereint gleicher Sinn, gleicher Mut. Streiflichter von den X. Weltfestspielen der
            Jugend und Studenten in Berlin","Ingeborg Allihn",author
1973,349,"Uns vereint gleicher Sinn, gleicher Mut. Streiflichter von den X. Weltfestspielen der
            Jugend und Studenten in Berlin","Jürgen Elsner",author
1973,349,"Uns vereint gleicher Sinn, gleicher Mut. Streiflichter von den X. Weltfestspielen der
            Jugend und Studenten in Berlin","Hannelore Gerlach",author
1973,349,"Uns vereint gleicher Sinn, gleicher Mut. Streiflichter von den X. Weltfestspielen der
            Jugend und Studenten in Berlin","Hans-Joachim Kynaß",author
1973,349,"Uns vereint gleicher Sinn, gleicher Mut. Streiflichter von den X. Weltfestspielen der
            Jugend und Studenten in Berlin","Manfred Machlitt",author
1973,349,"Uns vereint gleicher Sinn, gleicher Mut. Streiflichter von den X. Weltfestspielen der
            Jugend und Studenten in Berlin","Liesel Markowski",author
1973,349,"Uns vereint gleicher Sinn, gleicher Mut. Streiflichter von den X. Weltfestspielen der
            Jugend und Studenten in Berlin","Hans-Peter Müller",author
1973,349,"Uns vereint gleicher Sinn, gleicher Mut. Streiflichter von den X. Weltfestspielen der
            Jugend und Studenten in Berlin","Hansjürgen Schaefer",author
1973,350,"Neue Werke unserer Komponisten. Fritz Geißler: Zweites Nonett","Hans-Erich Wiencke",author
1973,351,"Neue Werke unserer Komponisten. Lothar Voigtländer: Kantate","Hans-Erich Wiencke",author
1973,352,"Mendelssohn Bartholdy, Felix: Sinfonien I-VII. (Jugendsinfonien.)","Hellmuth Christian Wolff",editor
1973,353,"Die Malerei des Manierismus und die frühe Oper","Hellmuth Christian Wolff",author
1973,354,"Die Bedeutung der Bilddokumente für die Geschichte der Oper","Hellmuth Christian Wolff",author
1973,355,"Typologie der Musik der italienischen Oper 1600-1750","Hellmuth Christian Wolff",author
1973,356,"Halévy als Kunst- und Musikschriftsteller","Hellmuth Christian Wolff",author
1973,357,"Händel und Frankreich: In: Göttinger Händel-Festspiele 1973 (Festheft)","Hellmuth Christian Wolff",author
1973,358,"Die Oper III (19. Jahrhundert)","Hellmuth Christian Wolff",author
1973,359,"L'opera comica nel. sec. XVII a Venezia e l'Agrippina di Händel (1709)","Hellmuth Christian Wolff",author
1973,360,"Un oratorio sconosciuto di Leonardo Leo","Hellmuth Christian Wolff",author
1973,361,"Die historische Situation in der Entstehungszeit der Hauptwerke Mozarts","Eberhard Wolfgramm",author
1973,362,"25 Jahre Musikschulen - eindrucksvolle Bilanz unserer Kulturpolitik","Hans-Ludwig Wollong",author
1973,363,"Die Drehorgel in der Kirche","Helmut Zeraschi",author
1973,364,"Die Tanzmusikwerkstatt. Eine die Spezifik der Tanz- und Unterhaltungsmusik
            berücksichtigende allgemeine Musiklehre","Wieland Ziegenrücker",author
1973,365,"Politische Lieder zu den X. Weltfestspielen","Margot Zielinski",author
1973,366,"Heue Werke unserer Komponisten. Siegfried Thiele: 4 Stücke für Cello und
            Klavier","Winfried Zimmermann",author
1973,367,"Musik. Lehrbuch für die Klassen 7 und 8","Herbert Zimpel",author
1973,367,"Musik. Lehrbuch für die Klassen 7 und 8","Hella Brock",author
1973,368,"Nachwort: In: Altenburg, Johann Ernst: Versuch einer Anleitung zur
            heroisch-musikalischen Trompeter- und Paukerkunst. Faks. d. Ausg. von 1795. Mit e.
            Nachw. in dt. u. engl. von Frieder Zschoch","Frieder Zschoch",editor
1973,369,"Hanns Eisler. Zum 75. Geburtstag des Komponisten","Frieder Zschoch",author
1973,"F 1","Die Theaterzettelsammlungen in der DDR und ihre Bedeutung für die Musikgeschichte
            (mit einem Katalog der Theaterzettelsammlungen in der DDR.)","Peter Ahnsehl",author
1973,"F 2","Die Bühnenmusik Hanns Eislers","Ingeborg Allihn",author
1973,"F 3","Das Finalproblem im Opernschaffen der DDR","Klaus C. Barnikol",author
1973,"F 3","Das Finalproblem im Opernschaffen der DDR","Hans-Jürgen Schneider",author
1973,"F 4","G. F. Händel - Thematisch-systematisches Verzeichnis sämtlicher Werke","Bernd Baselt",author
1973,"F 5","Die Bedeutung des Davidsbündlerkreises für die Musikanschauung und die
            Musikgeschichte des 19. Jahrhunderts","Johannes Besser",author
1973,"F 6","Einige Ergebnisse aus den neuen Produktionen jugendgemäßer Tanzmusik im Zeitraum vom
            Mai 197o bis Januar 1971 als Beitrag zum Kunstfortschritt in der Tanzmusik der
            DDR","Werner Beyer",author
1973,"F 7","Struktur und Wirkung dea Instrumentalkonzertes in der DDR 1945 bis 1969","Jürgen Beythien",author
1973,"F 8","Untersuchungen über den Leistungsstand der Studierenden im Fach Sprecherziehung von
            der Aufnahme bis zur Abschlußprüfung","Barbara Bley",author
1973,"F 9","Theoretische und praktische Aspekte bei der Konzeption und Produktion einer neuen
            Fassung des ""Musikalischen Opfers"" (BWV 1079) von J. S. Bach","Hermann Börner",author
1973,"F 10","Studien zur Persönlichkeit und zum Schaffen Clara Schumanns","Renate Bormann",author
1973,"F 11","Das Lebenswerk Max Buttings","Dietrich Brennecke",author
1973,"F 12","Das Zusammenwirken der künstlerisch-ästhetischen Fächer bei der Erziehung
            sozialistischer Persönlichkeiten. (Arbeitstitel)","Hella Brock",author
1973,"F 12","Das Zusammenwirken der künstlerisch-ästhetischen Fächer bei der Erziehung
            sozialistischer Persönlichkeiten. (Arbeitstitel)"," Kollektiv",author
1973,"F 13","Methodik der Musikerziehung","Hella Brock",author
1973,"F 13","Methodik der Musikerziehung"," Kollektiv",author
1973,"F 14","Verfahren der Wissensaneignung im Musikunterricht mit Jugendlichen der EOS (ab 9.
            Klasse)","Johannes Brömsel",author
1973,"F 15","Die Entwicklung der Violinkonzerte in der DDR","Albin Buchholz",author
1973,"F 16","Orgel-Inventar des Denkmalbezirkes Erfurt","Ulrich Dähnert",author
1973,"F 17","Orgel-Inventar des Denkmalbezirkes Dresden","Ulrich Dähnert",author
1973,"F 18","Untersuchungen zum bürgerlichen Mendelssohnbild und den kulturellen und
            gesellschaftlichen Beziehungsqualitäten Mendelssohns. Ein Beitrag zum marxistischen
            Mendelssohnbild","Andreas Damm",author
1973,"F 18","Untersuchungen zum bürgerlichen Mendelssohnbild und den kulturellen und
            gesellschaftlichen Beziehungsqualitäten Mendelssohns. Ein Beitrag zum marxistischen
            Mendelssohnbild","Andreas Göpfert",author
1973,"F 19","Studien über die Musikerfamilie Hertel in Mecklenburg, insbesondere über Johann
            Wilhelm Hertel (1727-1789)","Reinhard Diekow",author
1973,"F 20","Didaktisch-methodische Untersuchungen zur Vorbereitung und Planung des
            Unterrichtsprozesses im Fach Musik","Kurt Dittrich",author
1973,"F 21","Gesellschaftliches Auftragswesen auf dem Gebiete der Musik in der DDR","Horst Domagalla",author
1973,"F 22","Akustische Untersuchungen der Vibration bei Gesangsstimmen und ihre Bedeutung für den
            Informationswert beim Musikhören","Paul Wilhelm Donath",author
1973,"F 23","Dokumentation zur Geschichte der deutschen Arbeitersängerbewegung","Traude Ebert-Obermeier",author
1973,"F 24","Kritische Betrachtung der Harmoniksysteme von Moritz Hauptmann und Arthur
            Oettingen","Günther Eisenhardt",author
1973,"F 25",Bach-Forschung,"Rudolf Eller",author
1973,"F 26",Vivaldi-Forschung,"Rudolf Eller",author
1973,"F 27","Mecklenburgische Regional-Musikgeschichtsforschung","Rudolf Eller",author
1973,"F 27","Mecklenburgische Regional-Musikgeschichtsforschung","Heller Karl",author
1973,"F 28","Die Bedeutung der Qualitätserhöhung einer der sozialistischen Lebensweise eigenen
            Tanzmusik für die ideologisch-ästhetische Erziehung der Schuljugend.
            (Arbeitsthema)","Erhard Ender",author
1973,"F 29","Die Einbeziehung der Musik bei der Arbeit mit stimm- und sprachgestörten Kindern im
            Alter von 6 bis 1o Jahren","Horst Fleischer",author
1973,"F 30","Studien zum Musikleben der Römer","Günter Fleischhauer",author
1973,"F 31","Die Sonatensatzform im Schaffen Bela Bartóks","Johannes Forner",author
1973,"F 32","Der Versuch eines wissenschaftlich fundierten Systems der Musikerziehung durch
            Richard Kaden (1856-1923) und die daraus entspringenden progressiven Traditionslinien
            zur sozialistischen Musikerziehung","Siegfried Freitag",author
1973,"F 33","Untersuchungen zur ideellen Programmatik in der Sinfonik von Dmitri
            Schostakowitsch.","Evelin Fresenius",author
1973,"F 34","Klassifikationsprobleme der Musik unter spezifischer Berücksichtigung der Gattung
            ""Marsch""","Ulrich Frick",author
1973,"F 35","Die Ausbildung von Lehrern für den Unterricht im Fach Gesang/Musik an
            allgemeinbildenden Schulen von 1900 bis 1945 in Deutschland und seit 1949 in der
            Deutschen Demokratischen Republik","Wolfgang Frohberg",author
1973,"F 36","Das Cembalo in der Musik des 20. Jahrhunderts","Eberhard Geiler",author
1973,"F 37","Entwicklung der Vokalsinfonik. in der DDR im Zeitraum von 1958-65","Charlotte Geilhufe",author
1973,"F 38","Untersuchungen zum Lebenswerk von Fritz Reuter","William Geißler",author
1973,"F 39","Georg Trexler - Leben und Werk","Johannes Gerdes",author
1973,"F 40","Untersuchungen zur Tanzmusik in der Deutschen Demokratischen Republik: Werttheorie
            und Praxismodell","Caroline Gerlach",author
1973,"F 41","Der Schützschüler David Pohle (1624-1695). Seine Bedeutung für die deutsche
            Musikgeschichte des 17. Jahrhunderts","Gottfried Gille",author
1973,"F 42","Die Programmatik im Schaffen von Claude Debussy","Felix Gitter",author
1973,"F 43","Untersuchungen zum bürgerlichen Mendelssohnbild und den kulturellen und
            gesellschaftlichen Beziehungsqualitäten Mendelssohns. Ein Beitrag zum marxistischen
            Mendelssohnbild","Andreas Göpfert",author
1973,"F 43","Untersuchungen zum bürgerlichen Mendelssohnbild und den kulturellen und
            gesellschaftlichen Beziehungsqualitäten Mendelssohns. Ein Beitrag zum marxistischen
            Mendelssohnbild","Andreas Damm",author
1973,"F 44","Die Stellung der Blockflöte im Musikleben des 20. Jahrhunderts","Lieselotte Göring",author
1973,"F 45","Dialektische Methoden der musikalischen Inhalts-Erforschung (Syntaktisch-semantische
            Struktur-Untersuchungen)","Harry Goldschmidt",author
1973,"F 46","Konzeptionelle Strukturuntersuchungen an einigen Werken Beethovens","Harry Goldschmidt",author
1973,"F 47","Grundgedanken zur ökonomischen Gestaltung zeitgenössischer Konzertorgeln und
            Richtlinien für die Bauweise gemischter Register","Frank-Harald Greß",author
1973,"F 48","Zur Funktion der Aneignung des musikalischen Erbes von R. Wagner in der
            spätbürgerlichen und sozialistischen Gesellschaft","Brita von Grüner",author
1973,"F 49","Das deutsche Lied des 19. Jahrhunderts und seine sozialistische Rezeption","Wulfhard von Grüner",author
1973,"F 50","Untersuchungen zur Entwicklung der Sinnebene musikalischer Verläufe in der Musik des
            13. bis 16. Jahrhunderts","Hans Grüß",author
1973,"F 51","Die Rolle des Fernsehens bei der Popularisierung von Musikwerken aus Vergangenheit
            und Gegenwart unter besonderer Berücksichtigung der Rezeption durch den werktätigen
            Hörer","Vera Grützner",author
1973,"F 52","Traditionen und Stationen der Musikdramaturgie, aufgezeigt anhand markanter
            progressiver Dokumente in der fünfundzwanzigjährigen Entwicklung des
            DEFA-Spielfilms","Vera Grützner",author
1973,"F 53","Der Einfluß der Technik auf die Entwicklung der Tanz- und Unterhaltungsmusik","Ingolf Haedicke",author
1973,"F 54","Untersuchungen zur Höraufgabenstellung im Musikunterricht","Margret Hager",author
1973,"F 55","Das Bach-Bild in den westdeutschen Musiklehrbüchern der Schulen","Jochen Hahn",author
1973,"F 56","Probleme des sozialistischen Realismus im Instrumentalschaffen der DDR","Bianca Heilmann",author
1973,"F 57","Mecklenburgische Regional-Musikgeschichtsforschung","Karl Heller",author
1973,"F 57","Mecklenburgische Regional-Musikgeschichtsforschung","Rudolf Eller",author
1973,"F 58","Untersuchungen zur Aufnahme der Werke Mussorgskis in Deutschland (unter besonderer
            Berücksichtigung der Anfänge 1860 bis ca. 1932)","Christoph Hellmundt",author
1973,"F 59","Beiträge zum historischen Cembalobau","Hubert Henkel",author
1973,"F 60","Zur Dialektik in Liedern von Hanns Eisler","Fritz Hennenberg",author
1973,"F 61","Der Beitrag von J. R. Bechers Lyrik zum sozialistisch-realistischen Vokalschaffen in
            der DDR, nachgewiesen am Genre des klavierbegleiteten Sololiedes (1945-1961/62)","Gudrun Hillemann",author
1973,"F 62","Das Massenlied - Begriff, Geschichte, Analysen; dargestellt am Liedgut
            1945-1970","Eva-Maria Hillmann",author
1973,"F 63","Beiträge zur Musikgeschichte Magdeburgs im 19.Jahrhundert","Wolf Hobohm",author
1973,"F 64","Spezifika des Musikerlebnisses in ihrer Bedeutung für die Entwicklung sozialistischer
            Persönlichkeiten und Kollektive","Winfried Höntsch",author
1973,"F 65","Die Entwicklung der technischen Fähigkeiten und Fertigkeiten im Geigenspiel auf der
            Grundlage einer modernen Etüden-Literatur","Reinhard Hösel",author
1973,"F 66","Studien zur Beethoven-Gesamtausgabe des VEB Deutsche Schallplatten","Hans Gunter Hoke",author
1973,"F 67","Talentsuche auf musikalischem Gebiete","Dieter Hoßfeld",author
1973,"F 68","Musikgeschichte von Glauchau","Walter Hüttel",author
1973,"F 69","Musik im klassischen und nachklassischen Weimar. Zur Entwicklung des Weimarer
            Musiklebens 1756-1920","Wolfram Huschke",author
1973,"F 70","Das Chorschaffen Hanns Eislers","Horst Irrgang",author
1973,"F 71","Untersuchungen zur Geschichte der Variation seit Beethoven","Ursula Ismer",author
1973,"F 71","Untersuchungen zur Geschichte der Variation seit Beethoven","Hanna John",author
1973,"F 72","Die Musikerziehung in der B[undes]-R[epublik] D[eutschland] seit der Zerschlagung des
            Faschismus. Ein Beitrag zur Klärung ihrer politischen, ideologischen und pädagogischen
            Position unter besonderer Berücksichtigung einiger Aspekte der Schulmusik und der
            außerschulischen Musikerziehung","Walter Jäger",author
1973,"F 73","Die Praxis des Instrumentalspiels des kambodschanischen Orchesters ""Voung Phleng
            Kar"", erläutert an zehn Stücken der Hochzeitsmusik der Khmer","Dieter Jahn",author
1973,"F 74","Die Spezifik der Ballettmusik","Peter Jarchow",author
1973,"F 75","Untersuchungen zur Geschichte der Variation seit Beethoven","Hanna John",author
1973,"F 75","Untersuchungen zur Geschichte der Variation seit Beethoven","Ursula Ismer",author
1973,"F 76","Johann Cilenšek. Sein Leben, sein sinfonisches Werk","Bernd Junghans",author
1973,"F 77","Musikalische Syntax und sozialhistorische Praxis in der arbeitsfunktionalen
            Signalgebung für Viehhirten","Christian Kaden",author
1973,"F 78","Zum Wertproblem in der Musik","Werner Kaden",author
1973,"F 79","Zur Funktion der Bühnen- und Schauspielmusik der DDR unter besonderer
            Berücksichtigung der Kompositionen am Berliner Ensemble","Joachim Kemnitz",author
1973,"F 80","Idealbildung durch Musik als ein Faktor bei der Herausbildung der Persönlichkeit im
            Pubertätsalter","Erika Kießling",author
1973,"F 81","Sinfonisches Schaffen in der DDR","Udos Klement",author
1973,"F 82","Menschenbild und Werkstruktur in den Sinfonien Fritz Geißlers","Eberhard Kneipel",author
1973,"F 83","Werkbetrachtung im Unterrichtsbereich Musikhören in der Schule","Anita Kober",author
1973,"F 84","Veranschaulichungen bei der Betrachtung und historischer Einordnung von
            Musikwerken","Wolfgang Koch",author
1973,"F 85","Heinrich Schütz in marxistischer Sicht","Siegfried Köhler",author
1973,"F 86","Musikpflege der Stadt Jena von 1750 bis zur Gegenwart","Rüdiger Kopczak",author
1973,"F 87","Die Bedeutung der Klavierimprovisation in der Musikerziehung der DDR. Ein Beitrag zur
            schöpferischen Gestaltung des Musikunterrichts und zur Entwicklung sozialistischer
            Erziehungspersönlichkeiten","Albrecht Krauß",author
1973,"F 88","Beiträge zum DDR-Opernschaffen der fünfziger Jahre. (Arbeitstitel)","Sabine Kreuziger",author
1973,"F 89","Der Musikfilm und seine Rezeptionsprobleme","Gerhard Kunsch",author
1973,"F 90","Quellenstudien zum italienischen Intermezzo comico per musicam und zu seiner
            Geschichte in Dresden","Ortrun Landmann",author
1973,"F 91","Möglichkeiten und Aufgaben des Frauenchores innerhalb der sozialistischen
            Chorbewegung","Christa Langer",author
1973,"F 92","Studien zum Schaffen Rostocker Musiker des 17. Jahrhunderts, insbesonderer Daniel
            Fridericis","Rüdiger Laue",author
1973,"F 93","Die Entwicklung der Balginstrumente und ihre Stellung in der Gesellschaft von den
            Anfängen bis zum Ende des 2. Weltkrieges","Hans Luck",author
1973,"F 94","Die Intonation der Streichquartettinstrumente","Rudolf Lüdeke",author
1973,"F 95","Georg Philipp Telemanns Hamburger Kapitänsmusiken","Willi Maertens",author
1973,"F 96","Werner Hübschmann. Ein Komponistenportrait","Peter Mai",author
1973,"F 97","Die Beziehungen zwischen französischer Operette und deutschem Singspiel
            1750-1780","Jürgen Mainka",author
1973,"F 98","Analyse einer musiksoziologischen Untersuchung","Wernfried Maltusch",author
1973,"F 98","Analyse einer musiksoziologischen Untersuchung","Roland Nauenburg",contributor
1973,"F 98","Analyse einer musiksoziologischen Untersuchung","Gudrun Drude",contributor
1973,"F 98","Analyse einer musiksoziologischen Untersuchung","Lilo Mühlberg",contributor
1973,"F 99","Untersuchungen zu den Entwicklungstendenzen des Suitenschaffens in der DDR und seiner
            Funktion im Bereich der Musikerziehung. (Arbeitstitel)","Burkhard Meier",author
1973,"F 100","Die Tanzmusik als musikwissenschaftlicher Forschungsgegenstand in der DDR","Martin Meyer",author
1973,"F 101","Robert Schumanns künstlerische Entwicklung in seinem Liedschaffen","Eberhard Möller",author
1973,"F 102","Max Reger - Künstler und Gesellschaft","Helmut Müller",author
1973,"F 103","Das Musikhören als Bestandteil des Musikunterrichts der allgemeinbildenden Schule in
            Geschichte und Gegenwart. Ein theoretisch-historischer Beitrag zur Niveaubestimmung des
            Musikhörens im Musikunterricht der allgemeinbildenden sozialistischen Schule","Walter Müller",author
1973,"F 104","Zum Problem des Schumannschen Spätwerkes","Gerd Neuhaus",author
1973,"F 105","Chorische Auftragswerke zu den Arbeiterfestspielen","Christel Neumann",author
1973,"F 106","Untersuchungen zum gesellschaftlichen Auftragswesen auf dem Gebiete der Musik und
            seiner Rezeption","Rainer Niephagen",author
1973,"F 107","Johann Philipp Krieger","Brigitte Nitzsche",author
1973,"F 108","Die Meininger Hof- und Landeskapelle in den Jahren 1880 bis 1945","Hans Nolte",author
1973,"F 109","Die Streichquartette Dmitri Schostakowitschs","Ekkehard Ochs",author
1973,"F 110","Das Musikleben in Eisenach 1650-1750","Claus Oefner",author
1973,"F 111","Einstellungstereotype bei der Rezeption von Tanzmusik und tanzmusikähnlicher Musik
            durch Jugendliche","Karl-Heinz Otte",author
1973,"F 112","Die Entwicklung des theoretisch-ästhetischen Denkens innerhalb der Berliner
            Musikkultur von den Anfängen der Aufklärung bis Reichardt","Hans-Günter Ottenberg",author
1973,"F 113","Untersuchungen zur Wirkungsintensität historisch-biographischer und
            musikalisch-ästhetischer Wertkriterien aus dem Lehrplangebiet Beethoven auf das
            Urteilsvermögen der Schüler. (Ein Beitrag zum Projekt ""Untersuchungen zum Prozeß der
            klassenmäßigen Erziehung"")","Brunhilde Panwitz",author
1973,"F 114","Gruppenmusiktherapie in der Psychiatrischen Klinik. Mit Untersuchungen zur
            Musikrezeption","Eva-Maria Patzschke",author
1973,"F 115","Funktion und Formen des Tanzes zwischen 1800 und 1914: Studien zur Geschichte und
            Rezeption des Tanzes in Deutschland","Kurt Petermann",author
1973,"F 116","Das Leipziger Musikverlagswesen und seine Beziehungen zu namhaften
            Komponisten","Hans-Martin Pleßke",author
1973,"F 117","Englische Vokalmusik - Rezeption in Deutschland im 18. und 19. Jahrhundert","Martin Poser",author
1973,"F 118","Die Stellung Franz Liszts in der Musikgeschichte des 19. Jahrhunderts","Werner Rackwitz",author
1973,"F 119","Probleme des Kinder- und Jugendliedes in der DDR","Norbert Reglin",author
1973,"F 120","Zur Frage des Populären bei Mozart","Horst Reichenbach",author
1973,"F 121","Die Berliner Hofkapelle im 16. und 17. Jahrhundert (Arbeitstitel)","Horst Richter",author
1973,"F 122","Untersuchung zur Klaviermethodik an Klavierschulen","Manfred Richter",author
1973,"F 123","Zu einigen Aspekten dialektischer Figureninterpretation in einigen neueren Werken des
            Opernschaffens der DDR","Gerd Rienäcker",author
1973,"F 124","Bach-Tradition und Bach-Pflege im 19. und 20. Jahrhundert","Helmuth Rudloff",author
1973,"F 125","Max Reger, Soziologische Aspekte zum kompositorischen Werk und zur
            Werkrezeption","Rüdiger Schaar",author
1973,"F 126","Die Entwicklung des Jugendliedes im Gebiet der DDR von 1945 bis 1954","Klaus-Dieter Scharfenberg",author
1973,"F 127","Der Komponist im Exil. Zu den politischen, ästhetischen und kompositorischen
            Positionen Hanns Eislers in den USA von 1938 bis 1948. (Arbeitsthema)","Jürgen Schebera",author
1973,"F 128","Die Musikerziehung in Deutschland zwischen der Französischen Revolution von 1789 und
            der bürgerlich-demokratischen Revolution von 1848","Gerhard Schmidt",author
1973,"F 129","Wesen und Entwicklung des europäischen Tonsystems","Peter Schmiedel",author
1973,"F 130","Hans von Bülow - Pianist und Dirigent. (Arbeitstitel)","Ernst Schneider",author
1973,"F 131","Das Streichquartett im kompositorischen Schaffen der Deutschen Demokratischen
            Republik","Frank Schneider",author
1973,"F 132","Introduktionsprobleme im Opernschaffen der DDR","Hans-Jürgen Schneider",author
1973,"F 132","Introduktionsprobleme im Opernschaffen der DDR","Klaus C. Barnikol",author
1973,"F 133","Händels Orgel-Konzerte op. 7","Ingeborg Schneider-Lüdecke",author
1973,"F 134","Darstellung der Charaktere in L. Janácĕks Opern","Eva-Maria Schön",author
1973,"F 135","Bach-Jubiläum im 19. und 20. Jahrhundert. Ein Beitrag zur Wirkungsgeschichte","Walburg Schulze",author
1973,"F 136","Untersuchungen über die Wirkung unterschiedlicher Musik auf das Verhalten von Kühen
            unter der Bedingung der technisierten Milchabgabe","Christoph Schwabe",author
1973,"F 137","Zur Qualitätsbewertung von Musikinstrumenten","Helmut Seidl",author
1973,"F 138",Händel-Forschung,"Walther Siegmund-Schultze",author
1973,"F 139","Zur Problematik der Singebewegung","Winfried Stanislau",author
1973,"F 140","Untersuchungen zur Herkunft. Verbreitung und spezifischem Inhalt mitteldeutscher
            Musikhandschriften des 16. Jahrhunderts","Wolfram Steude",author
1973,"F 141","Fragen der Programmierung im Musikunterricht","Martin Stiebritz",author
1973,"F 142","Die Aufführungen von Opern Händels zu dessen Lebzeiten in Hamburg und
            Braunschweig","Stephan Stompor",author
1973,"F 143","Die Widerspiegelung des Mendelssohnschen Schaffens im Werk von Johannes
            Brahms","Reinhard Szeskus",author
1973,"F 144","Die Klaviersonate bei Mendelssohn Bartholdy, Chopin, Schumann und Liszt. Ein Beitrag
            zur Geschichte der Klaviersonate des 19. Jahrhunderts","Johanne Dorothea Thäle",author
1973,"F 145","Ästhetische und historiographische Beiträge zur Geschichte und Theorie der Film- und
            dramatischen Fernsehmusik","Wolfgang Thiel",author
1973,"F 146","Heinrich Sattler, 1811-1891. und das Musikleben seiner Zeit im nördlichen Vorharz
            (ein Beitrag zur musikalischen Landschafts-Forschung, im Bereich des nördlichen
            Vorharzes, im 19. Jahrhundert.)","Eitelfriedrich Thom",author
1973,"F 147","Das Dramatische im Werk Bachs","Karl-Heinz Viertel",author
1973,"F 148","Untersuchungen zur Tonalitätsrezeption im dritten Schuljahr","Hans Vogel",author
1973,"F 149","Zeitgenössische Interpretation von Beethovens Sinfonien","Helmut Wald",author
1973,"F 150","Der Typ des Prokofjewschen Instrumentalkonzerts. Seine Stellung und Bedeutung in der
            Gegenwartsmusik","Gerhard Wappler",author
1973,"F 151","Händels Trauer-Anthem. Eine Studie mit kritischer Ausgabe der Partitur im Rahmen der
            Hallischen Händel-Ausgabe","Edwin Werner",author
1973,"F 152","Zum Wandel des Beethoven-Bildes im Spiegel der Jubiläen","Hiltraut Werner",author
1973,"F 153","Richard Wagners geistige und künstlerische Entwicklung nach 1848","Werner Wolf",author
1973,"F 154","Zeitgenössische Variationswerke im Schulunterricht","Wolfgang Wunder",author
1973,"F 155","Die Entwicklung der Kammermusik in der DDR (am Beispiel thüringischer
            Komponisten)","Uta Ziegner",author
1973,"F 156","Entfremdungserscheinungen in der Musik","Sabine Zinke",author
1973,"F 157","Die Geschichte des Gewandhausorchesters seit 1945 und die Probleme bei der
            Entwicklung zu einem führenden sozialistischen Musikinstitut der Deutschen
            Demokratischen Republik","Karl Zumpe",author
1974,1,"Johanna Rudolph","Alexander Abusch",editor
1974,2,"Das neue chilenische Lied, Gespräch mit Luis Advis","Luis Advis",author
1974,3,"Die Theaterzettelsammlungen in der D[eutschen] D[emokratischen] R[epublik] und ihre
            Bedeutung für die Musikgeschichte. (Mit e. Katalog d. Theaterzettelsammlungen in d.
            DDR.)","Peter Ahnsehl",author
1974,4,"Musik im ""Kollektiv selbständiger Künste"". Zu Fragen des Bühnenmusikschaffens in der
            DDR","Ingeborg Allihn",author
1974,5,"Bericht: Schütz-Konferenz","Ingeborg Allihn",author
1974,6,"Neue Werke unserer Komponisten. Ruth Zechlin: ""Epitaph"" für Cembalo","Ingeborg Allihn",author
1974,7,"Musik in Film und Hörspiel. Zur Entwicklung der Hörspielmusik in der DDR","Stefan Amzoll",author
1974,8,"Neue Werke unserer Komponisten. Georg Katzer: Streichermusik II","Stefan Amzoll",author
1974,9,"Neue Werke unserer Komponisten. Johann Cilensek: ""Mosaik"" für Streicher","Stefan Amzoll",author
1974,10,"Der schöpferische Prozeß beginnt bei der Erkenntnis des Lebens! Einleitende
            Bemerkungen zur Tätigkeit der Arbeitsgruppe Musik der III. Volkskunstkonferenz","Heinz Arenz",author
1974,11,"Johann Sebastian Bach. Lebendiges Erbe"," Johann-Sebastian-Bach-Komitee der DDR",editor
1974,11,"Johann Sebastian Bach. Lebendiges Erbe","Werner Felix",editor
1974,11,"Johann Sebastian Bach. Lebendiges Erbe","A. Schneiderheinze",editor
1974,11,"Johann Sebastian Bach. Lebendiges Erbe","Winfried Hoffmann",editor
1974,12,"Johann Sebastian Bach 1723-1973. 250. Jahrestag zur Berufung zum
            Thomaskantor."," Rat d. Stadt Leipzig",editor
1974,12,"Johann Sebastian Bach 1723-1973. 250. Jahrestag zur Berufung zum
            Thomaskantor."," Johann-Sebastian-Bach-Komitee der DDR",editor
1974,12,"Johann Sebastian Bach 1723-1973. 250. Jahrestag zur Berufung zum
            Thomaskantor.","Werner Felix",contributor
1974,12,"Johann Sebastian Bach 1723-1973. 250. Jahrestag zur Berufung zum
            Thomaskantor.","Winfried Hoffmann",contributor
1974,12,"Johann Sebastian Bach 1723-1973. 250. Jahrestag zur Berufung zum
            Thomaskantor.","Werner Neumann",contributor
1974,13,"49. Bachfest der Neuen Bachgesellschaft Frankfurt (Oder) 10. bis 13. Oktober 1974.
            [Festheft.]","Werner Felix",contributor
1974,13,"49. Bachfest der Neuen Bachgesellschaft Frankfurt (Oder) 10. bis 13. Oktober 1974.
            [Festheft.]","Winfried Hoffmann",contributor
1974,14,"Musikerziehung in der Kinderkrippe. (Nachdr.)","Fritz Bachmann",author
1974,15,"Das Verhältnis der Arbeiter zur Tanz- und Unterhaltungsmusik: In: Forum: Musik in der
            DDR. Arbeiterklasse und Musik","Fritz Bachmann",author
1974,16,"Versuch über Gegenstände und Aufgaben der marxistisch-leninistischen
            Musiksoziologie","Wilhelm Baethge",author
1974,17,"Aspekte der ""Einstein""-Partitur","Karsten Bartels",author
1974,18,"Zur gegenwärtigen Situation der musikalischen Bildung und Erziehung im Vorschulalter
            an den Musikschulen der DDR: In: Forum: Musik in der DDR. Musikschule und
            Persönlichkeitsbildung","Fritz Beinroth",author
1974,20,"Schriftbild der mehrstimmigen Musik","Heinrich Besseler",author
1974,20,"Schriftbild der mehrstimmigen Musik","Peter Gülke",author
1974,21,"Im Blickpunkt: Konzertpläne der kommenden Saison","Werner Beyer",author
1974,22,"Methodisch-didaktische Grundlagen der Musikerziehung","Siegfried Bimberg",author
1974,23,"Musikrezeption als Aneignungsprozeß","Siegfried Bimberg",author
1974,24,"Das Vorfeld des künstlerisch-musikalischen Schaffens","Siegfried Bimberg",author
1974,25,"Musikhören im Unterricht. Arbeitstagung zum Thema ""Probleme des Mitvollzugs beim
            Musikhören im Unterricht der Polytechnischen Oberschulen""","Siegfried Bimberg",author
1974,26,"Über die Beziehungen Peter Iljitsch Tschaikowskis zum Schaffen Robert
            Schumanns","Gerhardt Blank",author
1974,27,"Neue Werke unserer Komponisten. Johannes Winkler: ""Ode an das Atom""","Hans Böhm",author
1974,28,"Neue Werke unserer Komponisten. Jürgen Knauer: ""Dektett 1973""","Hans Böhm",author
1974,29,"Neue Werke unserer Komponisten. Siegfried Kurz: Konzert für Horn und
            Orchester","Hans Böhm",author
1974,30,"Neue Werke unserer Komponisten. Udo Zimmermann: ""Mutazioni per Orchestra""","Hans Böhm",author
1974,31,"Neue Werke unserer Komponisten. Siegfried Matthus: Harfentrio","Hans Böhm",author
1974,32,"Neue Werke unserer Komponisten. Rainer Kunad: Quadrophonie","Hans Böhm",author
1974,33,"Serbske hudźbne žiwjenje w znamjenju ZSST (Sorbisches Musikleben im Zeichen des
            Verbandes sorbischer Chöre, sorb.) 1. Chórowe hibanje (Chorbewegung), 2. Serbske ludowe
            reje (Sorbische Volkstänze)","Achim Brankačk",author
1974,34,"Serbske hudźbne žiwjenje w zbamjenju ZSST. (Sorbisches Musikleben im Zeichen des
            Verbandes sorbischer Chöre. sorb.) 3. Worwobaranje spytaneno ""Gleich-šltowanja""
            serbskich chórow (Sorbische Chöre widersetzen sich der faschistischen Gleichschaltung) -
            In","Achim Brankačk",author
1974,35,"Serbske hudźbe žwijenje w znamjenju ZSST (Sorbisches Musikleben im Zeichen des
            Verbandes sorbischer Chöre, sorb.) 4. Prócowanje wo Orchester a časopis (Bemühungen um
            ein sorbisches Volksorchester und eine sorbische Musikzeitschrift, sorb.)","Achim Brankačk",author
1974,36,"Zum Problem der Werkbesprechung im Instrumentalunterricht. Ein Gespräch über Johann
            Sebastian Bachs Partita E-Dur für Violine solo BWV 1006: In: Forum: Musik in der DDR.
            Musikschule und Persönlichkeitsbildung","Dietrich Brennecke",author
1974,36,"Zum Problem der Werkbesprechung im Instrumentalunterricht. Ein Gespräch über Johann
            Sebastian Bachs Partita E-Dur für Violine solo BWV 1006: In: Forum: Musik in der DDR.
            Musikschule und Persönlichkeitsbildung","Hilmar Schmalenberg",author
1974,37,"Ein Erfolg sozialistischen Auftragswesens. Zur III. Sinfonie von Günter
            Kochan","Dietrich Brennecke",author
1974,38,"Die Einheit von ästhetischer und ideologischer Bildung und Erziehung - Grundlage für
            das Zusammenwirken der künstlerisch-ästhetischen Fächer","Hella Brock",author
1974,39,"Unterrichtshilfen Musik 7. und 8. Klasse","Hella Brock",author
1974,39,"Unterrichtshilfen Musik 7. und 8. Klasse","Herbert Zimpel",author
1974,41,"Probleme und Aufgäben der klassenmäßigen Erziehung im Musikunterricht. (1.2.) -
            In","Werner Busch",author
1974,42,"20 Jahre Georg-Philipp-Telemann-Musikschule","Günther Bust",author
1974,42,"20 Jahre Georg-Philipp-Telemann-Musikschule","Günter Dörr",author
1974,43,"Notizen zu Noten. (Hrsg. von Fritz Hennenberg. Die Notenbeisp. sind Autogr. d. Komp.,
            alle Texte v. Komp. für diese Ausg. durchges.)","Paul Dessau",author
1974,45,"Deutsches Jahrbuch der Musikwissenschaft für 1971. Jg 16.","Rudolf Eller",editor
1974,46,"Deutsches Jahrbuch der Musikwissenschaft für 1972. Jg 17.","Rudolf Eller",editor
1974,47,"20 Jahre Georg-Philipp-Telemann-Musikschule","Günter Dörr",author
1974,47,"20 Jahre Georg-Philipp-Telemann-Musikschule","Günther Bust",author
1974,48,"Dokumentation - Information für Theater. Titel- und Inhaltsangaben zu
            Inszenierungsdokumentationen."," Verband d. Theaterschaffenden d. DDR",editor
1974,48,"Dokumentation - Information für Theater. Titel- und Inhaltsangaben zu
            Inszenierungsdokumentationen.","Angela Kuberski",editor
1974,49,"Zur Herausbildung eines historisch-materialistischen Musikgeschichtsbildes: In:
            Forum: Musik in der DDR. Arbeiterklasse und Musik","Traude Ebert-Obermeier",author
1974,50,"Arbeiterklasse und Musikanschauung. Zur Publizistik der Arbeitermusikbewegung vor
            1933","Traude Ebert-Obermeier",author
1974,51,"Violinstudium und Persönlichkeit. (Interview.) - In: Forum: Musik in der DDR.
            Musikschule und Persönlichkeitsbildung","Fritz Ehlers",author
1974,52,"Maßstäbe: strengere oder andere? Marginalien zum ""Musical in der Talsohle""","Klaus Eidam",author
1974,53,"Marginalien zum Musical: In: Musikbühne 74","Klaus Eidam",author
1974,55,"Tschaikowski, Peter Iljitsch: Erinnerungen und Musikkritiken. (2. veränd.
            Aufl.)","Lothar Fahlbusch",editor
1974,55,"Tschaikowski, Peter Iljitsch: Erinnerungen und Musikkritiken. (2. veränd.
            Aufl.)","Richard Petzoldt",editor
1974,56,"Das Zusammenwirken des Faches Musik mit anderen Unterrichtsfächern","Hans Fehske",author
1974,57,"Walter Felsenstein über Musiktheater. Ausw., Zsstellg u. Einl. v. Stephan
            Stompor","Walter Felsenstein",author
1974,57,"Walter Felsenstein über Musiktheater. Ausw., Zsstellg u. Einl. v. Stephan
            Stompor","Stephan Stompor",author
1974,58,"Das ""Glockenspiel""-Motiv und seine Bedeutung - ein Beitrag zu Händels
            Schaffensmethode und Menschenbild. (Kolloquium: Das Bild des Volkshelden bei Händel.) -
            In: Händel-Jahrbuch 1972/1973. Jg 18/19","Günter Fleischhauer",author
1974,59,"Zum Konzertschaffen G. Ph. Telemanns: In: Telemann-Renaissance. Werk und
            Wiedergabe","Günter Fleischhauer",author
1974,60,"Georg Philipp Telemann: Der Messias (1759). Zwei Kantaten nach Worten von F. G.
            Klopstock","Günter Fleischhauer",author
1974,61,"Telemann, Georg Philipp: Konzert B-Dur für 2 Flöten, Oboe, Violine, Streicher u.
            B.c","Günter Fleischhauer",editor
1974,62,"Georg Friedrich Händels Triosonaten. (Kolloquium: Editionsfragen bei Händel.) - In:
            Händel-Jahrbuch 1972/1973. Jg 18/19","Siegfried Flesch",author
1974,63,"Einige Probleme der Aneignung und Erschließung musikalischer Werke. (1.2.)","Siegfried Flügel",author
1974,64,"Persönlichkeitsbildende Potenzen in der Arbeitsgemeinschaft Musik","Siegfried Flügel",author
1974,64,"Persönlichkeitsbildende Potenzen in der Arbeitsgemeinschaft Musik","Eberhard Klingbeil",author
1974,65,"Neues Jugendgesetz und musikalische Bildung","Siegfried Flügel",author
1974,65,"Neues Jugendgesetz und musikalische Bildung","Joachim Thorbeck",author
1974,66,"Neue Werke unserer Komponisten. Friedrich Schenker: Sonate für Blas- und
            Schlaginstrumente.","Johannes Forner",author
1974,67,"Forum: Musik in der D[eutschen] D[emokratisehen] R[epublik.]
            Komponisten-Werkstatt.","Christa Müller",contributor
1974,68,"Forum: Musik in der D[eutschen] D[emokratischen] R[epublik.] Musikschule und
            Persönlichkeitsbildung. Aufsätze, Referate, Gespräche.","Egon Rubisch",contributor
1974,69,"Musik in der D[eutschen] D[emokratischen] R[epublik.] Arbeiterklasse und Musik.
            Theoretische Positionen in d. dt. Arbeiterklasse zur Musikkultur vor 1945. Eine
            Dokumentation des Arbeiterliedarchivs.","Charlotte Albrecht",contributor
1974,69,"Musik in der D[eutschen] D[emokratischen] R[epublik.] Arbeiterklasse und Musik.
            Theoretische Positionen in d. dt. Arbeiterklasse zur Musikkultur vor 1945. Eine
            Dokumentation des Arbeiterliedarchivs.","Traude Ebert-Obermeier",contributor
1974,69,"Musik in der D[eutschen] D[emokratischen] R[epublik.] Arbeiterklasse und Musik.
            Theoretische Positionen in d. dt. Arbeiterklasse zur Musikkultur vor 1945. Eine
            Dokumentation des Arbeiterliedarchivs.","Inge Lammel",contributor
1974,69,"Musik in der D[eutschen] D[emokratischen] R[epublik.] Arbeiterklasse und Musik.
            Theoretische Positionen in d. dt. Arbeiterklasse zur Musikkultur vor 1945. Eine
            Dokumentation des Arbeiterliedarchivs.","Ilse Schütt",contributor
1974,70,"Das progressive musikpädagogische Erbe Richard Kadens (1856-1923) und die daraus
            entspringenden Traditionslinien zur sozialistischen Musikerziehung","Siegfried Freitag",author
1974,71,"Richard Kaden - eine progressive Persönlichkeit der bürgerlichen Schulmusikerziehung
            in Deutschland. (Zu Leben und Werk aus Anlaß seines 50. Todestages.)","Siegfried Freitag",author
1974,72,"Überlegungen zur höheren Effektivität des Singens. Hinweise für eine zielorientierte
            didaktisch-methodische Arbeitsweise","Siegfried Freitag",author
1974,73,"""Vorn ist das Licht"" - Festivalgesang einer führenden Beatformation","Siegfried Freitag",author
1974,74,"""Nun will der Lenz uns grüßen"". Vorschlag zur Erarbeitung des zweistimmigen
            Liedsatzes im Rahmen der STE 7/Kl. 6","Siegfried Freitag",author
1974,75,"""über mich"" - Analyse eines Beattitels der Gruppe Panta Rhei","Siegfried Freitag",author
1974,76,"Nicht nur für Kinder. ""Alle helfen Häppi"" (Kurt Schwaen) und ""Die Prinzessin auf der
            Erbse"" (Joachim-Dietrich Link)","Dietmar Fritzsche",author
1974,77,"Für das Anliegen des Dramas: Wahrer Ausdruck. Bemerkungen zu Robert Hanells
            Opernschaffen","Dietmar Fritzsche",author
1974,78,"Die Ausbildung von Lehrern für den Unterricht im Fach Gesang/Musik an
            allgemeinbildenden Schulen von 1900 bis 1945 in Deutschland und seit 1949 in der
            Deutschen Demokratischen Republik, [1.2.]","Wolfgang Frohberg",author
1974,79,"Pflichtlieder im Klassengesang der Oberstufe. Stand - Probleme - Schlußfolgerungen
            aus der Sicht eines Fachberaters","Ulrich Garnys",author
1974,80,"Fritz Reuter - seine Entwicklung vom bürgerlichen Kapellmeister, Komponisten und
            Musikwissenschaftler zum Wegbereiter für eine sozialistische Schulmusikpädagogik","William Geißler",author
1974,81,"Von der Schallplatte auf die Bühne - Marschaks ""Tierhäuschen"" mit der Musik von
            Joachim Thurm: In: Zur Musiktheaterarbeit für junge Zuschauer","Hannelore Gerlach",author
1974,82,"Die Analyse. Günter Kochan: Mendelssohn-Variationen für Klavier und Orchester","Hannelore Gerlach",author
1974,83,"Kulturbund beriet über sowjetische Musik","Hannelore Gerlach",author
1974,84,"Neue Werke unserer Komponisten. Georg Katzer: Konzert für Bläserquintett und
            Orchester","Hannelore Gerlach",author
1974,85,"Musiktheater. Kurt Schwaens Kinderoper ""Alle helfen Häppi"" in Frankfurt (Oder)
            uraufgeführt","Hannelore Gerlach",author
1974,86,"Wir stellen vor. Georg Katzer","Hannelore Gerlach",author
1974,87,"Dmitri Kabalewski 70 Jahre","Hannelore Gerlach",author
1974,88,"über die Rekonstruktion von Tonskalen bei mechanischen Instrumenten","Klaus Gernhardt",author
1974,89,"Der Schützschüler David Pohle (1624-1695). Seine Bedeutung für die Musikgeschichte
            des 17. Jahrhunderts. [1.2]","Gottfried Gille",author
1974,90,"Ein Weg zur nachholenden Entwicklung der Singefähigkeit bei falschsingenden
            Schulanfängern","Dieter Gleß",author
1974,91,"Die Stellung der Blockflöte im Musikleben des 20. Jahrhunderts","Lieselotte Göring",author
1974,92,"Musikverstehen als Postulat: In: Faltin, P. u. H. P. Reinecke (Hrsg.): Musik und
            Verstehen. Aufsätze zur semiotischen Theorie, Ästhetik und Soziologie der musikalischen
            Rezeption","Harry Goldschmidt",author
1974,93,"Die Cavatina des Figaro. Eine semantische Analyse","Harry Goldschmidt",author
1974,94,"Welches war die ursprüngliche Reihenfolge in Schuberts Heine-Liedern: In: Deutsches
            Jahrbuch der Musikwissenschaft für 1972. Jg 17","Harry Goldschmidt",author
1974,95,"Grundgedanken zur ökonomischen Gestaltung zeitgemäßer Konzertorgeln und Richtlinien
            für die Bauweise der gemischten Register","Frank-Harald Greß",author
1974,96,"Musik in Film und Hörspiel. Bemerkungen zur Musikdramaturgie in neueren Spielfilmen
            der DEFA","Vera Grützner",author
1974,97,"Schriftbild der mehrstimmigen Musik","Peter Gülke",author
1974,97,"Schriftbild der mehrstimmigen Musik","Heinrich Besseler",author
1974,98,"Der schwierige Jubilar. Zu Anton Bruckners 150. Geburtstag","Peter Gülke",author
1974,99,"Große, fast verschollene Musik. Zum 500. Todestag von Guillaume Dufay","Peter Gülke",author
1974,100,"Neue Werke unserer Komponisten. Ruth Zechlin: Kammersinfonie Nr. 2","Peter Gülke",author
1974,101,"Das Erbe im Repertoire. Gedanken zur Pflege des humanistischen Erbes in der
            Chorbewegung","Claus Haake",author
1974,102,"Das Libretto und die Musik: In: Musikbühne 74","Peter Hacks",author
1974,103,"Händelfestspiele. - 23. Händelfestspiele der Deutschen Demokratischen Republik Halle
            (Saale) vom 7. bis 11. Juni 1974.","Walther Siegmund-Schultze",editor
1974,104,"Händel-Jahrbuch 1972/1973. Hrsg. von d. Georg-Friedrich-Händel-Gesellschaft. Jg
            18/19"," Georg-Friedrich-Händel-Gesellschaft",editor
1974,104,"Händel-Jahrbuch 1972/1973. Hrsg. von d. Georg-Friedrich-Händel-Gesellschaft. Jg
            18/19","Walther Siegmund-Schultze",contributor
1974,105,"Das irdische Leben. Zum Weltbild des jungen Mahler","Mathias Hansen",author
1974,106,"Jean Kurt Forest 65","Mathias Hansen",author
1974,107,"Entwurf einer 'Rosenkavalier'-Inszenierung: In: Musikbühne 74","Rudolf Heinrich",author
1974,107,"Entwurf einer 'Rosenkavalier'-Inszenierung: In: Musikbühne 74","Joachim Herz",author
1974,108,Nachwort,"Karl Heller",editor
1974,109,"Vivaldi, Antonio: 6 Concerti aus L'Estro Armonico op. III (Nr. 1, 3, 4, 5, 7, 9).
            [Einzelausg.]","Karl Heller",editor
1974,110,"Gedanken zur Verbesserung der Singequalität in den Klassen 5 bis 10","Hannelore Helm",author
1974,111,"Paul Dessau. Für Sie porträtiert","Fritz Hennenberg",author
1974,112,"Paul Dessau - Lilo Herrmann (1953), An die Mütter und an die Lehrer (1950), Der
            anachronistische Zug (1955/56). (Taschentext)","Fritz Hennenberg",author
1974,113,"Empfehlungen für die Wiedergabe, Handhabung und Pflege von Schola-Schallplatten in
            Mono und Stereo","Rainer Herberger",author
1974,114,"Thesen zu Problemen der Singebewegung, der FDJ. Ein Beitrag nicht nur zur
            Vorbereitung der X. Weltfestspiele","Günter Herold",author
1974,115,"Möglichkeiten der Aufgabenstellung zur Arbeit mit dem Musiklehrbuch Klasse
            9/10","Alfred Herrmann",author
1974,116,"Joachim Herz über Musiktheater. Ausw., Zsstellg u. Einl. von Stephan Stompor","Joachim Herz",author
1974,116,"Joachim Herz über Musiktheater. Ausw., Zsstellg u. Einl. von Stephan Stompor","Stephan Stompor",author
1974,117,"Entwurf einer 'Rosenkavalier' - Inszenierung: In: Musikbühne 74","Joachim Herz",author
1974,117,"Entwurf einer 'Rosenkavalier' - Inszenierung: In: Musikbühne 74","Rudolf Heinrich",author
1974,118,"Victor Jara - chilenischer Kommunist und Musiker. Brief an eine FDJ-Singegruppe in
            Luckenwalde","Axel Hesse",author
1974,119,"G. Ph. Telemann als Herausgeber: In: Telemann-Renaissance. Werk und
            Wiedergabe","Wolf Hobohm",author
1974,120,"Neue Textfunde zur deutschen Musikgeschichte der ersten Hälfte des 18. Jahrhunderts.
            Ein Bericht über Bibliotheksstudien in Leningrad","Wolf Hobohm",author
1974,121,"Abschlußprüfungen im Fach Musik - reale Widerspiegelung der Resultate zehnjährigen
            Musikunterrichts","Karl Hoffmann",author
1974,122,"Zur Anwendung didaktischer Prinzipien im Musikunterricht","Karl Hoffmann",author
1974,123,"Klassenmäßige Erziehung im Musikunterricht der allgemeinbildenden polytechnischen
            Oberschule. Wissenschaftl. Kolloquium d. Bereichs Musikwissenschaft d.
            Humboldt-Universität zu Berlin am 30. Oktober 1973","Karl Hoffmann",author
1974,124,"Zur Anwendung des musikalischen Wissens und Könnens bei der Erschließung von
            Musikwerken. Praxisanalysen der Pädagogischen Hochschule Zwickau","Karl Hoffmann",author
1974,125,"Musikpädagogische Forschung - ein Mittel zur Hebung des wissenschaftlichen Niveaus
            der Musikerziehung in Theorie und Praxis. (1.2.)","Karl Hoffmann",author
1974,126,"Einige Aspekte des Liedschaffens der Singebewegung. (1.2.)","Winfried Hoffmann",author
1974,127,"Zu Problemen des Musikunterrichts in den unteren Klassen. Analysen zum Stand des
            Singens und zur Lehrplanrealisierung","Karl Hoffmann",author
1974,128,"Probleme der Unterrichtsmethodik im Fach Gesang unter dem Aspekt der
            Nachwuchsförderung: In: Forum: Musik in der DDR. Musikschule und
            Persönlichkeitsbildung","Kurt Hübenthal",author
1974,129,"Friedrich Christian Carl Eilhardt: In: Die Musik in Geschichte und Gegenwart. Bd
            16","Walter Hüttel",author
1974,130,"Christoph Fischer: In: Die Musik in Geschichte und Gegenwart. Bd 16","Walter Hüttel",author
1974,131,"Schul- und Jugendkorfzerte in Karl-Marx-Stadt - erste Untersuchungsergebnisse zum
            Forschungsvorhaben ""Schulkonzerte in der DDR""","Wolfgang Hütter",author
1974,132,"Gespräch mit Joachim Herz","Hans-Jochen Irmer",author
1974,133,"Kurt Schwaen - Pinocchios Abenteuer. (Oper für Kinder. Text: Wera u. Claus
            Küchenmeister nach Carlo Collodi.) (Taschentext)","Ina Iske",author
1974,134,"Sie nennen ihn ""KS"". Zum 65. Geburtstag von Kurt Schwaen","Ina Iske",author
1974,135,"Gottfried August Homilius und dies evangelische Kirchenmusik Dresdens im 18.
            Jahrhundert. [1.2.]","Hans John",author
1974,136,"Kunst und sozialistische Bewußtseinsbildung. [Kap. 2.]","Erhard John",author
1974,136,"Kunst und sozialistische Bewußtseinsbildung. [Kap. 2.]","Eberhard Lippold",author
1974,136,"Kunst und sozialistische Bewußtseinsbildung. [Kap. 2.]","Michael Rammler",author
1974,137,"Spätwerk und Neubeginn: Kurt Schwaen zum 65. Geburtstag","Christian Kaden",author
1974,138,"Zum Wertproblem in der marxistisch-leninistischen Musikästhetik","Werner Kaden",author
1974,139,"Ziele und Aufgaben des Laienmusizierens der Arbeiterklasse: In: Forum: Musik der DDR.
            Arbeiterklasse und Musik","Werner Kaden",author
1974,140,"Neue Werke unserer Komponisten. Hans Wolfgang Sachse: Divertimento für
            Orchester","Werner Kaden",author
1974,141,"Bedřich Smetana und Robert Schumann: In: Sbornik Pedagogické Fakulty v Plzni Uměni
            X","Werner Kaden",author
1974,142,"Die Lust am Schaffen ist Leitungsproblem. Aus der Arbeit der BAG Komponierende
            Werktätige Karl-Marx-Stadt","Herbert Kettwig",author
1974,143,"Neue Werke unserer Komponisten. Karl Ottmar Treibmann: Violinkonzert","Udo Klement",author
1974,144,"Hanns Eisler an Bertolt Brecht 1933-1936. Briefexzerpte und Kommentare: In: Deutsches
            Jahrbuch der Musikwissenschaft für 1972. Jg 17","Eberhardt Klemm",author
1974,145,"Persönlichkeitsbildende Potenzen in der Arbeitsgemeinschaft Musik","Eberhard Klingbeil",author
1974,145,"Persönlichkeitsbildende Potenzen in der Arbeitsgemeinschaft Musik","Siegfried Flügel",author
1974,146,"Werkstruktur und Menschenbild in den Sinfonien von Fritz Geißler. Untersuchungen zum
            Realismus-Problem in der Instrumentalmusik","Eberhard Kneipel",author
1974,147,"Zu einigen Fragen der gesellschaftlichen Funktion der DDR-Sinfonik und des
            Rezeptionsprozesses: In: Ästhetische Erziehung und sozialistische Universität","Eberhard Kneipel",author
1974,148,"Die Sinfonik Günter Kochans. Anmerkungen zum sozialistischen Realismus im
            Musikschaffen der DDR","Eberhard Kneipel",author
1974,149,"Gerhard Rosenfeld - Violinkonzert; Gerhard Wohlgemuth - Violinkonzert.
            (Taschentext)","Eberhard Kneipel",author
1974,150,"Lubina Hollan-Raupp (1927-1964). Zum 10. Todestag der verdienstvollen Künstlerin. In:
            Letopis, Jahresschrift des Instituts für sorbische Volksforschung. R. C, Nr. 17","Detlef Kobela",author
1974,151,"Musikhören als Unterrichtsgegenstand","Anita Kober",author
1974,152,"Die Verwendung des Lesestreifens zur Entwicklung des geistigen Mitvollzugs beim
            Musikhören","Anita Kober",author
1974,153,"Konzeptionelle Fragen der Bläserausbildung: In: Forum: Musik in der DDR. Musikschule
            und Persönlichkeitsbildung","Ewald Koch",author
1974,154,"Polnisch-deutsche Musikbeziehungen im 16. und 17. Jahrhundert","Klaus-Peter Koch",author
1974,155,"Zur Geschichte eines polnischeri Tanzes am Hofe István Bthorys (1533-1586)","Klaus-Peter Koch",author
1974,156,"Polnische Tänze in schwedischen Handschriften des 16. und 17. Jahrhunderts","Klaus-Peter Koch",author
1974,157,"In memoriam Richard Petzoldt","Hans-Joachim Köhler",author
1974,158,"Carl Philipp Emanuel Bach","Karl-Heinz Köhler",author
1974,159,"Max Reger - Größe und Vermächtnis als Problem für unsere Zeit: In: Weimarer Tage für
            Musikbibliothekare 1974","Karl-Heinz Köhler",author
1974,160,"Heinrich Schütz und der frühbürgerliche Realismus im deutschen Musikschaffen -
            Anmerkungen zum Persönlichkeitsbild des Komponisten und zur Entwicklung seines
            Gesamtschaffens","Siegfried Köhler",author
1974,161,"Tragfähige Konzeption. Zur Leipziger ""Walküre""","Dieter Kranz",author
1974,162,"Ein Komödiant reinsten Wassers. Der Sängerschauspieler Hanns Nocker","Dieter Kranz",author
1974,163,"Rebellion und Dialektik. Paul Dessaus Musiktheater-Werke. Zum 80. Geburtstag des
            Komponisten: In: Musikbühne 74","Ernst Krause",author
1974,164,"Geburtstagsgruß für Hans Pischner","Ernst Krause",author
1974,165,"Neue Werke unserer Komponisten. Manfred Schubert: ""Canzoni amorosi""","Ernst Krause",author
1974,166,"Altmeister des Taktstocks. Zum 80. Geburtstag von Karl Böhm","Ernst Krause",author
1974,167,"""Ich bin ein Mensch des Theaters"". Zum 5o. Todestag von Giaccomo Puccini","Ernst Krause",author
1974,168,"Feinsinniger Musikpoet. Vor 150 Jahren wurde Peter Cornelius geboren","Ernst Krause",author
1974,169,"Einstein. Uraufgeführt an der Deutschen Staatsoper Berlin; Musik: Paul Dessau,
            Libretto: Karl Mickel, Inszenierung: Ruth Berghaus","Ernst Krause",author
1974,170,"Der Intendant am Cembalo. Hans Pischner zum 60. Geburtstag","Ernst Krause",author
1974,172,"Zur didaktischen Konzeption des neuen Lehrplans für Blechblasinstrumente unter
            Berücksichtigung der Unterrichtstätigkeit: In: Forum: Musik in der DDR. Musikschule und
            Persönlichkeitsbildung","Hans-Joachim Krumpfer",author
1974,173,"""Fiktives Interview mit einer auf dem Gebiete der Musik tätigen Person"" - eine
            geeignete Methode bei Untersuchungen zur Struktur musikalischer Interessen im
            Schuljugendalter","Lothar Kunze",author
1974,174,"Eine Woche ""Rote Lieder"" in Berlin. IV. Festival des politischen Liedes","Hans-Joachim Kynaß",author
1974,175,"Politisches Lied und Volkslied in der Gesangspraxis der Arbeiterklasse: In: Forum:
            Musik in der DDR. Arbeiterklasse und Musik","Inge Lammel",author
1974,176,"Arbeiterlied und Volkslied","Inge Lammel",author
1974,177,"Hanns Eislers Wirken für die Einheitsfront in der internationalen revolutionären
            Musikbewegung","Inge Lammel",author
1974,178,"Zur Bläserproblematik aus medizinischer Sicht unter besonderer Berücksichtigung des
            Nachwuchses: In: Forum: Musik in der DDR. Musikschule und Persönlichkeitsbildung","Ernst Landeck",author
1974,179,"Vorschläge und Anregungen zur gesanglichen Erarbeitung und Interpretation
            mehrstimmiger Lieder. Aufgaben und Beispiele aus dem Stoff der Klassen 5 bis 8. (1.2.) -
            In","Christian Lange",author
1974,180,"Zur Verwendung der Blasharmonika im Musikunterricht der unteren Klassen","Christian Lange",author
1974,181,"Eine Oper gegen Rassismus. Zur Uraufführung ""Reiter der Nacht"" von Ernst Hermann
            Meyer und Günther Deicke an der Deutschen Staatsoper Berlin","Wolfgang Lange",author
1974,182,"Ich lebe gern. Zur Uraufführung ""Einstein"" von Dessau/Mickel","Wolfgang Lange",author
1974,183,"Im Gespräch. Musical in der Talsohle.","Wolfgang Lange",author
1974,184,"Über ""Einstein"". Gespräch mit einem Lehrlingskollektiv des Werks für
            Fernsehelektronik Berlin","Wolfgang Lange",author
1974,185,"Sorgen mit der Durchschnittlichkeit. Marginalien zur Musiktheater-Saison
            73/74","Wolfgang Lange",author
1974,186,"Mitunter gar nicht heiter. Zwei DDR-Stücke mit Musik in vier Inszenierungen","Wolfgang Lange",author
1974,187,"Paul Dessau zum 80. Geburtstag","Wolfgang Lange",author
1974,188,") Moskau, Leningrad, Odessa. Ein Gespräch mit Fritz Steiner über die Praxis des
            heiteren Musiktheaters in der Sowjetunion","Gunhild Lattmann",author
1974,189,"Wesen und Werk Bedrich Smetanas. Zum 150. Geburtstag des Komponisten","Karl Laux",author
1974,190,"Paul Rahner u. Eckard Paul: Erfahrungen im Liedschaffen für die X.
            Weltfestspiele","Jochen Lesching",author
1974,191,"Blas lebt. Zur Uraufführung ""Fiesta"" von Robert Hanell in Weimar","Lukas Lichtenberg",author
1974,192,"Das Kunstwerk als Ausgangspunkt der Kunstwirkung und Instrument der
            künstlerisch-ästhetischen Erziehung: In: Ästhetische Erziehung und sozialistische
            Universität","Eberhard Lippold",author
1974,193,"Ästhetische Ansprüche der Arbeiterklasse und sozialistische Musikentwicklung: In:
            Arbeiterklasse und kulturelles Lebensniveau","Eberhard Lippold",author
1974,194,"Kunst und sozialistische Bewußtseinsbildung. [Kap. 2.]","Eberhard Lippold",author
1974,194,"Kunst und sozialistische Bewußtseinsbildung. [Kap. 2.]","Erhard John",author
1974,194,"Kunst und sozialistische Bewußtseinsbildung. [Kap. 2.]","Michael Rammler",author
1974,195,"Werkanalyse - eine neue Disziplin im Studienprogramm Musikerziehung","Karl-Heinz Löbner",author
1974,196,"Die Widerspiegelung antikommunistischer Grundpositionen im Musikschulunterricht der
            B[undes] R[epublik] D[eutschland.]","Hans-Christian Loitsch",author
1974,197,"Neue Werke unserer Komponisten. Nikolai Badinski: Konzert für Violine und
            Orchester","Manfred Machlitt",author
1974,198,"Georg Philipp Telemann und seine Interpreten Margaretha Susanna und Johann Kayser:
            In: Telemann-Renaissance. Werk und Wiedergabe","Willi Maertens",author
1974,199,"Zur Vorstellung von musikalischer Tradition am Beginn unseres Jahrhunderts: In:
            Deutsches Jahrbuch der Musikwissenschaft, für 1972. Jg 17","Jürgen Mainka",author
1974,200,"Bericht: Mendelssohn-Kolloquium in Leipzig","Jürgen Mainka",author
1974,201,"Die Schulung des gesanglichen Ausdrucksvermögens als bildende und erziehende Aufgabe
            des Singens in der Schule. (1.2.)","Eva-Marie Markert",author
1974,202,"Unsere Musik - Bestandteil der sich ändernden Wirklichkeit","Liesel Markowski",author
1974,203,"Schallplattenmosaik: Eisler-Edition auf Nova","Liesel Markowski",author
1974,204,"Neue Werke unserer Komponisten. Jean Kurt Forest: Violinkonzert","Liesel Markowski",author
1974,205,"Brandenburger Erfahrungen in der Musiktheaterarbeit für Kinder: In: Zur
            Musiktheaterarbeit für junge Zuschauer","Hansjörg Masch",author
1974,207,"Historischer Materialstand. Zu Hanns Eislers Konzeption einer Dialektik der Musik:
            In: Deutsches Jahrbuch der Musikwissenschaft für 1972. Jg 17","Günter Mayer",author
1974,208,"Über die musikalische Integration des Dokumentarischen","Günter Mayer",author
1974,209,"Hanns Eisler - Septett Nr. 2 ""Zirkus"", Nonett Nr. 1 (Variationen), Nonett Nr. 2
            (Suite). (Taschentext)","Günter Mayer",author
1974,210,"Hanns Eisler - Frühe Kammermusik. Scherzo für Streichtrio. Bläserdivertimento op. 4,
            Streichduo op. 7, Sechs Lieder op. 2, Palmström op. 5, Zeitungsausschnitte op. 11.
            (Taschentext)","Günter Mayer",author
1974,211,"Hanns Eisler - Kammermusik aus dem Exil. Präludium und Fuge über B-A-C-H, Sonate für
            Flöte, Oboe und Harfe, Violinsonate (""Die Reisesonate""), Streichquartett 1937, ""Vierzehn
            Arten den Regen zu beschreiben"". (Taschentext)","Günter Mayer",author
1974,212,"Jurja Pilkowe zawostajenstwo w Serbskim kulturnym archiwje (Nachlaß von Jurij Filk im
            sorbischen Kulturarchiv, sorb.)","Frido Mětšk",author
1974,213,"Zur Entwicklung des Musikschaffens in unserer Republik","Ernst Hermann Meyer",author
1974,214,"""... daß unserer Sache die Zukunft gehört"". Gedanken zum 25jährigen Bestehen der
            DDR","Ernst Hermann Meyer",author
1974,215,"Gedanken zu Heinrich Schütz' musikgeschichtlicher Rolle. Vortr. auf d. Wiss.
            Konferenz über Heinrich Schütz und seine Zeit am 6. Nov. 1972 in Dresden","Ernst Hermann Meyer",author
1974,216,"Die Verwirklichung der ästhetischen Erziehung im Musikunterricht der sozialistischen
            Schule: In: Forum: Musik in der DDR. Musikschule und Persönlichkeitsbildung","Paul Michel",author
1974,217,"A zenei nevelés léléktani alapjai (Psychologische Grundlagen der Musikerziehung,
            Ungar.)","Paul Michel",author
1974,218,"On physical and psychological acceleration. Effects on the musical development during
            childhood and adolescence (Über physische und psychische Akzeleration. Die Auswirkungen
            auf die musikalische Entwicklung im Kindes- und Jugendalter, engl.) - In: New patterns
            of musical behaviour of the young generation in industrial societies. Ed.: Irmgard
            Bontinck","Paul Michel",author
1974,219,"The Optimum development of musical abilities in the first years of life (Die optimale
            Entwicklung musikalischer Fähigkeiten in den ersten Lebensjahren, engl.)","Paul Michel",author
1974,220,"Ergebnisse musikpsychologischer Forschungen über die Bedeutung der zeitgenössischen
            Musik für die Musikerziehung im Vorschulalter und jüngeren Schulalter","Paul Michel",author
1974,221,"Grundfragen der musikalischen Begabungsdiagnostik. (1.2.)","Paul Michel",author
1974,222,"Gedanken zu Problemen der Entwicklung der Musikerziehung in der DDR in den 25 Jahren
            ihres Bestehens","Paul Michel",author
1974,223,"X. Internationaler ISME-Kongreß in Australien","Paul Michel",author
1974,224,"Untersuchungen zur Weltanschauung von Anton Günther, dargestellt an seinen Liedtexten
            und Gedichten","Eberhard Möller",author
1974,225,"Vom Hoppelrei zum Beat. Tanzimpressionen aus zwei Jahrtausenden","Norbert Molkenbur",author
1974,225,"Vom Hoppelrei zum Beat. Tanzimpressionen aus zwei Jahrtausenden","Kurt Petermann",author
1974,225,"Vom Hoppelrei zum Beat. Tanzimpressionen aus zwei Jahrtausenden","Jo Schulz",author
1974,226,"Was ist nun eigentlich Beat","Hansgeorg Mühe",author
1974,227,"Musikerziehung - ars et scientia. Zur Wiederkehr des 10. Todestages von Prof. Dr.
            Fritz Reuter","Günther Müller",author
1974,228,"Zum Beitrag des Faches Musik der allgemeinbildenden polytechnischen Oberschule bei
            der sozialistischen Persönlichkeitsbildung","Günther Müller",author
1974,229,"""... die Zeit, die wir begannen einzuleiten"". Betrachtungen zum Schaffen Günter
            Kochans und zu seiner III. Sinfonie","Hans-Peter Müller",author
1974,230,"V. Kongreß der sowjetischen Komponisten in Moskau. Gespräch mit Wolfgang Lesser, 1.
            Sekretär des Verbandes der Komponisten und Musikwissenschaftler der DDR","Hans-Peter Müller",author
1974,231,"Außerordentliche Delegiertenkonferenz des Verbandes der Komponisten und
            Musikwissenschaftler der DDR. Bericht von der Diskussion","Hans-Peter Müller",author
1974,232,"Schallplattenmosaik. Lieder, Songs und Kantaten","Hans-Peter Müller",author
1974,233,"Es gibt nichts Schöneres als Freude zu bereiten. Guido Masanetz zum 60.
            Geburtstag","Hans-Peter Müller",author
1974,234,"Als Mensch und Musiker unvergessen. Zum Tode von David Oistrach","Hans-Peter Müller",author
1974,235,"Musikbühne 74. Probleme und Informationen","Horst Seeger",editor
1974,236,"Musiktheater für Kinder und Jugendliche. Hinweise auf geeignete Werke.","J. R. Lang",contributor
1974,236,"Musiktheater für Kinder und Jugendliche. Hinweise auf geeignete Werke.","M. Mehnert-Knappe",contributor
1974,236,"Musiktheater für Kinder und Jugendliche. Hinweise auf geeignete Werke.","Stephan Stompor",contributor
1974,236,"Musiktheater für Kinder und Jugendliche. Hinweise auf geeignete Werke.","L. Weber.",contributor
1974,238,"Macht des Gesanges. Zu Vorführungen der schwedischen Gruppe ""Sangens Makt""","Sigrid Neef",author
1974,239,"Mass media - new ways of approach to music and new patterns of musical behaviour.
            (Massenmedien und neue Zugangs- und Verhaltensweisen zur Musik, engl.) -In: New patterns
            of musical behaviour of the young generation in industrial societies. Ed.: Irmgard
            Bontinck","Konrad Niemann",author
1974,240,"""... nikoliv konec. Pohled do budoucna ..."" (Poznámky k dvéma poslednim symfoniim D.
            Šostakoviče) [""... keinesfalls das Ende. Blick in die Zukunft..."" (Bemerkungen zu den
            zwei letzten Sinfonien Schostakowitschs), tschech.]","Ekkehard Ochs",author
1974,241,"Methodische Aspekte der Vermittlung kulturpolitischer Einsichten im Rahmen
            musikalischer Werkbetrachtungen. (1.2.)","Günter Olias",author
1974,243,"Die unveröffentlichte Riemann-Festschrift 1919 (UB Leipzig Bod. Ms O 1080).
            Bibliographische Erschließung","Wolfgang Orf",author
1974,244,"Spielpläne und Repertoire an den Musikbühnen der DDR","Hans-Gerald Otto",author
1974,245,"Musiktheater. Hans J. Wenzels Oper ""Geschichten vom alten Adam""","Hans-Gerald Otto",author
1974,246,"Maßvolles Vergnügen. Zur Uraufführung ""Man liest kein fremdes Tagebuch"" am
            Metropoltheater","Hans-Gerald Otto",author
1974,247,"""PLX"" - Nachtrag: Politkunst aus der B[undes] R[epublik] D[eutschland.]","Rainer Otto",author
1974,248,"Die Oper und ihr Zeitgenosse: In: Musikbühne 74","Werner Otto",author
1974,249,"Das Ideal einer anderen Welt. Zum Entwurf einer Einstein-Oper von Paul Dessau aus dem
            Jahre 1955","Werner Otto",author
1974,250,"Einstein von Paul Dessau","Werner Otto",author
1974,251,"Notizen zu Gesprächen mit Paul Dessau","Bernd Pachnicke",author
1974,252,"Fritz Geißler - Schöpfer Mensch. (Oratorium in 3 Teilen für Soli, Chor u. Orchester.
            Text: Günther Deicke.) (Taschentext)","Bernd Pachnicke",author
1974,253,"Erfahrungen im Liedschaffen für die X. Weltfestspiele","Eckard Paul",author
1974,253,"Erfahrungen im Liedschaffen für die X. Weltfestspiele","Jochen Lesching",author
1974,253,"Erfahrungen im Liedschaffen für die X. Weltfestspiele","Rahner Paul",author
1974,254,"Vom Hoppelrei zum Beat. Tanzimpressionen aus zwei Jahrtausenden","Kurt Petermann",author
1974,254,"Vom Hoppelrei zum Beat. Tanzimpressionen aus zwei Jahrtausenden","Norbert Molkenbur",author
1974,254,"Vom Hoppelrei zum Beat. Tanzimpressionen aus zwei Jahrtausenden","Jo Schulz",author
1974,255,"Tschaikowski, Peter Iljitsch","Richard Petzoldt",editor
1974,255,"Tschaikowski, Peter Iljitsch","Lothar Fahlbusch",editor
1974,256,"Klassifizierung der menschlichen Stimme","Wolfgang Pfau",author
1974,257,"Wie weiter mit Beat und Schlager? Bemerkungen zum Profil-Problem in unserer
            Tanzmusik","Bernhard Powileit",author
1974,258,"Einige psychologische Aspekte des Musikhörens","Otto Preu",author
1974,259,"Die Gestalt des Herakles bei Händel. (Kolloquium: Das Bild des Volkshelden bei
            Händel.) - In: Händel-Jahrbuch 1972/1973. Jg 18/19","Werner Rackwitz",author
1974,260,"Erfahrungen im Liedschaffen für die X. Weltfestspiele","Paul Rahner",author
1974,260,"Erfahrungen im Liedschaffen für die X. Weltfestspiele","Eckard Paul",author
1974,260,"Erfahrungen im Liedschaffen für die X. Weltfestspiele","Jochen Lesching",author
1974,261,"Kunst und sozialistische Bewußtseinsbildung. [Kap. 2.]","Michael Rammler",author
1974,261,"Kunst und sozialistische Bewußtseinsbildung. [Kap. 2.]","Eberhard Lippold",author
1974,261,"Kunst und sozialistische Bewußtseinsbildung. [Kap. 2.]","Erhard John",author
1974,262,"Kurt Karnauke (1866-1944) im Blickfeld der sorbischen Kulturgeschichte: In: Lertopis,
            Jahresschrift des Instituts für sorbische Volksforschung. R. C, Nr. 17","Jan Raupp",author
1974,263,Ballettfibel,"Eberhard Rebling",author
1974,264,"Hanns Eisler - Lenin-Requiem, Die Teppichweber von Kujan-Bulak, Winterschlacht-Suite.
            (Taschentext)","Eberhard Rebling",author
1974,265,"Hanns Eisler - Klingende Dokumente. 1. Das Lied, im Kampf geboren, über die Dummheit
            in der Musik, Handwerkliches Können und Höhe der Musik, über Brecht, Aus der Arbeit mit
            Interpreten. (Taschentext)","Eberhard Rebling",author
1974,266,"Zum Wechselverhältnis von Musik und Tanz. Eine Podiumsdiskussion ergänzt durch ein
            Arbeitsgespräch über ""Wir aber nennen Liebe lebendigen Frieden""","Eberhard Rebling",editor
1974,267,"Die Aneignung des musikalischen Erbes und seine Interpretation: In: Forum: Musik in
            der DDR. Musikschule und Persönlichkeitsbildung","Eberhard Rebling",author
1974,268,"Mary Wigman","Eberhard Rebling",author
1974,269,"Die Musikschulen in der Deutschen Demokratischen Republik - musikalische
            Bildungsstätten junger Sozialisten: In: Forum: Musik in der DDR. Musikschule und
            Persönlichkeitsbildung","Wolfgang Reckling",author
1974,270,"Threnodiae sacrae. Beerdigungskompositionen aus gedruckten Leichenpredigten des 16.
            und 17. Jahrhunderts","Wolfgang Reich",editor
1974,271,"Westhoff, Johann Paul: Sechs Suiten für Violine solo Dresden 1696. (Neudr.)","Wolfgang Reich",editor
1974,272,"Reinhold. - Otto Reinhold (1899-1965). Werkverzeichnis"," Verb. Deutscher Komp. u. Musikwiss., Bezirksverb. Dresden",editor
1974,273,"Reiter der Nacht - eine Volksoper. (In der Diskussion).","Günter Deicke",author
1974,273,"Reiter der Nacht - eine Volksoper. (In der Diskussion).","Ernst Hermann Meyer",author
1974,273,"Reiter der Nacht - eine Volksoper. (In der Diskussion).","Joachim Herz",contributor
1974,274,"Das Musikfragment aus dem Euripideischen 'Orestes': In: Deutsches Jahrbuch der
            Musikwissenschaft für 1971. Jg 16","Lukas Richter",author
1974,275,"Literatur zur Geschichte des Volksliedes. (Literaturbericht)","Lukas Richter",author
1974,276,"Zur Dialektik musikdramaturgischer Gestaltung. Analytische Notate zum zwölften Bild
            der Oper ""Lanzelot"" von Paul Dessau: In: Deutsches Jahrbuch der Musikwissenschaft für
            1972. Jg 17","Gerd Rienäcker",author
1974,277,"Brecht und die Kritik. Bemerkungen zur kritischen Aneignung der Oper ""Die
            Verurteilung des Lukullus"" von Brecht/Dessau: In: Brecht 73. Brecht-Woche d. DDR 9.-15.
            Februar 1973. Dokumentation","Gerd Rienäcker",author
1974,278,"""Einstein"" - analytische Bemerkungen zur Oper von Paul Dessau","Gerd Rienäcker",author
1974,279,"Notizen zum Musical. Keine Verwischung funktioneller Grenzen","Gerd Rienäcker",author
1974,280,"Musizieren im Theater und neue Musikentwicklung: In: Musikbühne 74","Gerd Rienäcker",author
1974,281,"Notizen zur Gattung Musiktheater","Gerd Rienäcker",author
1974,282,"Gedanken zur Oper ""Der letzte Schuß"" von Siegfried Matthus","Gerd Rienäcker",author
1974,283,"Musiktheater. ""Reiter der Nacht"" - analytische Bemerkungen zur Oper von Ernst Hermann
            Meyer","Gerd Rienäcker",author
1974,284,"Neues Opernschaffen in der DDR - Versuch einer kurzen Bilanz: In: Opernschaffen der
            DDR im Gespräch","Walter Rösler",author
1974,285,"Reiner Kunad - Porträtskizze eines Theatermusikers","Walter Rösler",author
1974,286,"Anmerkungen zur Musik. (Zu: Lange, Wolfgang: Eine Oper gegen Rassismus. Zur
            Uraufführung ""Reiter der Nacht"" von Ernst Hermann Meyer und Günther Deicke an der
            Deutschen Staatsoper Berlin.)","Walter Rösler",author
1974,287,"Das Bild des Volkshelden bei Händel. (Kolloquium: Das Bild des Volkshelden bei
            Händel.) - In: Händel-Jahrbuch 1972/1973. Jg 18/19","Johanna Rudolph",author
1974,288,"Unsere Beziehung zum musikalischen Erbe: In: Weimarer Tage für Musikbibliothekare
            1973","Johanna Rudolph",author
1974,290,"Einige Probleme der Erschließung und Rezeption des musikalischen Erbes. Ein Beitrag
            zur Kulturpolitik unserer Republik im 25. Jahr ihres Bestehens","Johanna Rudolph",author
1974,291,"Über die Fragestellung nach dem Volkshelden in Händels Opern. (Kolloquium: Das Bild
            des Volkshelden bei Händel.)","Konrad Sasse",author
1974,292,"Interessante Opernszene. Bemerkungen zum Musiktheaterschaffen in der DDR","Hansjürgen Schaefer",author
1974,293,"Musiktheater. ""Reiter der Nacht"", Ernst Hermann Meyers erste Oper","Hansjürgen Schaefer",author
1974,294,"Musiktheater. In Berlin: Paul Dessaus Oper ""Einstein"" uraufgeführt","Hansjürgen Schaefer",author
1974,295,"""Musik machen heißt, zu vielen Leuten sprechen"". Erinnerung an den Komponisten Leo
            Spies","Hansjürgen Schaefer",author
1974,296,"Zum Tode Johanna Rudolphs. In","Hansjürgen Schaefer",author
1974,297,"Kunst im Klassenkampf. Zum 50. Geburtstag Luigi Nonos","Hansjürgen Schaefer",author
1974,298,"Arnold Schönberg heute. Zum 100. Geburtstag des Komponisten","Hansjürgen Schaefer",author
1974,299,"Der unbequeme Amerikaner. Zum 100. Geburtstag von Charles Ives","Hansjürgen Schaefer",author
1974,300,"Manfred Schubert - Klarinettenkonzert &lt;1971&gt;; Wolfgang Strauss - 1.
            Sinfonie. (Taschentext)","Hansjürgen Schaefer",author
1974,301,"Pantscho Wladigerow 75","Dorothea Schestakowa",author
1974,302,"Zum Problem der Werkbesprechung im Instrumentalunterricht. Ein Gespräch über Johann
            Sebastian Bachs Partita E-Dur für Violine solo BWV 1006: In: Forum: Musik in der DDR.
            Musikschule und Persönlichkeitsbildung","Hilmar Schmalenberg",author
1974,302,"Zum Problem der Werkbesprechung im Instrumentalunterricht. Ein Gespräch über Johann
            Sebastian Bachs Partita E-Dur für Violine solo BWV 1006: In: Forum: Musik in der DDR.
            Musikschule und Persönlichkeitsbildung","Dietrich Brennecke",author
1974,303,"Notizen zu 'Moses und Aron'. Zum 100. Geburtstag Arnold Schönbergs: In: Musikbühne
            74","Eberhard Schmidt",author
1974,304,"Literarische Einflüsse auf Robert Schumanns ästhetische Anschauungen: In: Deutsches
            Jahrbuch der Musikwissenschaft für 1972. Jg 17","Anneliese Schneider",author
1974,305,"Die Analyse. ""Der zerbrochene Krug"", Oper von Fritz Geißler","Frank Schneider",author
1974,306,"Die Analyse. Sinfonie für Orchester von Friedrich Goldmann","Frank Schneider",author
1974,307,"Neue Werke unserer Komponisten. Rainer Bredemeyer: Serenade 3 für H[anns]
            E[isler]","Frank Schneider",author
1974,308,"Klassisch geschulte Schreibweise. Gestaltungsaspekte im musikdramatischen Schaffen
            von Conny Odd","Hans-Jürgen Schneider",author
1974,309,"Die Analyse. 7. Sinfonie von Fritz Geißler","Gerd Schönfelder",author
1974,310,"Zum Verhältnis von Programmatik, Dramaturgie und Gestalt bei der Analyse
            nicht-wortgebundener Musik. Dargestellt am Beispiel der 7. Sinfonie von Fritz
            Geißler","Gerd Schönfelder",author
1974,311,"Betrachtungen zu Paul Dessaus Orchestermusik Nr. 4","Gerd Schönfelder",author
1974,312,"Arbeitsgemeinschaften nach Rahmenprogramm - ein Schritt zu größerer Flexibilität der
            Oberstufe, Aus der Arbeit einer AG an der POS ""Geschwister Scholl"" Meuselwitz","Siegfried Scholz",author
1974,313,"Schaffenspsychologische Untersuchungen zur instrumentalen Improvisation","Herbert Schramowski",author
1974,314,"Gesellschaftlicher Auftrag, Experiment und Neuerertum im Schaffen des Künstlers.
            Psychologische Aspekte","Herbert Schramowski",author
1974,315,"Bemerkungen zum Volkslied im Unterricht. (1.2.)","Lothar Schubert",author
1974,316,"Zur Weiterbildung der Lehrer im Fach Musik auf der Grundlage des neuen Programms ab
            Schuljahr 1973","Lothar Schubert",author
1974,317,"Zur musikalischen Bildung und Erziehung der Arbeiterjugend: In: Forum: Musik in der
            DDR","Lothar Schubert",author
1974,317,"Zur musikalischen Bildung und Erziehung der Arbeiterjugend: In: Forum: Musik in der
            DDR","Heinz Tosch",author
1974,318,"Neue Werke unserer Komponisten. Rudolf Wagner-Régeny: Drei Fontane-Lieder","Manfred Schubert",author
1974,319,"Vom Hoppelrei zum Beat. Tanzimpressionen aus zwei Jahrtausenden","Jo Schulz",author
1974,319,"Vom Hoppelrei zum Beat. Tanzimpressionen aus zwei Jahrtausenden","Norbert Molkenbur",author
1974,319,"Vom Hoppelrei zum Beat. Tanzimpressionen aus zwei Jahrtausenden","Kurt Petermann",author
1974,320,"Zur Musikentwicklung in der DDR und Fragen der kulturell-ästhetischen Bildung und
            Erziehung der Jugend: In: Weimarer Tage für Musikbibliothekare 1973","Helmut Schulze",author
1974,321,"Geschichte und Gegenwart der Musikpflege in Frankfurt (Oder): In: Bachfest - 49.
            Bachfest der Neuen Bachgesellschaft Frankfurt (Oder) 1974 (Festheft)","Herbert Schumacher",author
1974,322,"Neue Musik für Kinder: In: Forum: Musik in der DDR. Musikschule und
            Persönlichkeitsbildung","Kurt Schwaen",author
1974,323,"Schweriner Erfahrungen in der Musiktheaterarbeit für junge Zuschauer: In:
            Musiktheaterarbeit für junge Zuschauer","Horst Schwarz-Linek",author
1974,324,"Neue Werke unserer Komponisten. Fred Lohse: Chorzyklus","Eckart Schwinger",author
1974,325,"Musikstadt Berlin","Horst Seeger",editor
1974,325,"Musikstadt Berlin","Ulrich Bökel",editor
1974,326,"Figaro und Tamino. Ein Vorwort: In: Musikbühne 74","Horst Seeger",author
1974,327,"Die Samson-Gestalt bei Milton und Händel. (Kolloquium: Das Bild des Volkshelden bei
            Händel.) - In: Händel-Jahrbuch 1972/1973. Jg 18/19","Dorothea Siegmund-Schulze",author
1974,328,"Die musikalische Charakterisierung des Volkshelden bei Händel. (Kolloquium: Das Bild
            des Volkshelden bei Händel.) - In: Händel-Jahrbuch 1972/1973. Jg 18/19","Walther Siegmund-Schultze",author
1974,329,"Prinzipien einer musikalischen Klassikerausgabe am Beispiel Georg Friedrich Händels.
            (Kolloquium: Editionsfragen bei Händel.)-In: Händel-Jahrbuch 1972/1973. Jg 18/19","Walther Siegmund-Schultze",author
1974,330,"Musik und Klassenkampf","Walther Siegmund-Schultze",author
1974,331,"Das musikalische Erbe in der sozialistischen Gesellschaft. Ausgewählte Studien zu
            Problemen der Interpretation und Wirkung","Walther Siegmund-Schultze",author
1974,332,"Überblick über die europäische Musikentwicklung des 19. Jahrhunderts. (Als Ms. gedr.)
            - Halle","Walther Siegmund-Schultze",author
1974,333,"Referat: In: Materialien der Musikkonferenz des Bezirkes Halle vom 17. April 1974 im
            Klubhaus des VEB Leuna-Werke ""Walter Ulbricht""","Walther Siegmund-Schultze",author
1974,334,"Gedanken zur Telemann-Forschung und Telemann-Pflege: In: Telemann-Renaissance. Werk
            und Wiedergabe","Walther Siegmund-Schultze",author
1974,335,"Klopstock-Vertonungen: In: Klopstock","Walther Siegmund-Schultze",author
1974,336,"Rechenschaftsbericht vor der Mitgliederversammlung der
            Georg-Friedrich-Händel-Gesellschaft (12. Juni 1971): In: Händel-Jahrbuch 1972/1973. Jg
            18/19","Walther Siegmund-Schultze",author
1974,337,"Große Musik vor hundert Jahren. (Wagner - Verdi - Brahms - Tschaikowski.) Funktion,
            Aussage, Weiterwirkung","Walther Siegmund-Schultze",author
1974,338,"Der alte Mann und der Strom. Zur Uraufführung einer Oper in Halle: ""Die Geschichte
            vom alten Adam"" (Wenzel/Rähmer)","Walther Siegmund-Schultze",author
1974,339,"Neue Werke unserer Komponisten. Hans-Jürgen Wenzel: Violinkonzert","Walther Siegmund-Schultze",author
1974,340,"XI. Musiktage in Halle","Walther Siegmund-Schultze",author
1974,341,"Paul Dessau - In memoriam Bertolt Brecht (1957); Bachvariationen (1963).
            (Taschentext)","Heinrich Spieler",author
1974,342,"Lieder und Leute in Arbeit","Winfried Stanislau",author
1974,343,"Rote Lieder. Zum 4. Festival des politischen Liedes","Winfried Stanislau",author
1974,344,"Begegnung mit Ernst Busch","Ingeborg Stiehler",author
1974,345,"Ein Opernhaus und seine Gattung. Aus der Geschichte der Opéra-Comique in Paris: In:
            Musikbühne 74","Stephan Stompor",author
1974,346,"Walter Felsenstein über Musiktheater. Ausw., Zsstellg u. Einl. v. Stephan
            Stompor","Stephan Stompor",author
1974,346,"Walter Felsenstein über Musiktheater. Ausw., Zsstellg u. Einl. v. Stephan
            Stompor","Walter Felsenstein",author
1974,347,"Joachim Herz über Musiktheater. Ausw., Zsstellg u. Einl. von Stephan Stompor","Stephan Stompor",author
1974,347,"Joachim Herz über Musiktheater. Ausw., Zsstellg u. Einl. von Stephan Stompor","Joachim Herz",author
1974,348,"Die Deutsche Sinfonie von Hanns Eisler im Musikunterricht","Reinhard Szeskus",author
1974,349,"Telemann-Renaissance. Werk und Wiedergabe. Bericht über d. Wiss. Arbeitstagung aus
            Anlaß d. 20. Jahrestages d. Telemann-Kammerorch. Blankenburg/Harz."," Arbeitskreis ""Georg Philipp Telemann"" Magdeburg im Kulturbund d.
                    DDR",editor
1974,349,"Telemann-Renaissance. Werk und Wiedergabe. Bericht über d. Wiss. Arbeitstagung aus
            Anlaß d. 20. Jahrestages d. Telemann-Kammerorch. Blankenburg/Harz.","Günter Fleischhauer",contributor
1974,349,"Telemann-Renaissance. Werk und Wiedergabe. Bericht über d. Wiss. Arbeitstagung aus
            Anlaß d. 20. Jahrestages d. Telemann-Kammerorch. Blankenburg/Harz.","Wolf Hobohm",contributor
1974,349,"Telemann-Renaissance. Werk und Wiedergabe. Bericht über d. Wiss. Arbeitstagung aus
            Anlaß d. 20. Jahrestages d. Telemann-Kammerorch. Blankenburg/Harz.","Willi Maertens",contributor
1974,350,"Zum 5o. Todestag Ferruccio Busonis. Gedanken zu einer Begegnung des Komponisten mit
            Arnold Schönberg in unveröffentlichten Briefen","Jutta Theurich",author
1974,351,"Probleme der Fernsehfilmmusik","Wolfgang Thiel",author
1974,352,"Wie hört man Musik im Film","Wolfgang Thiel",author
1974,353,"Musik in Film und Hörspiel","Wolfgang Thiel",author
1974,354,"Neue Unterrichtsmittel für Musik","Inge Thiele",author
1974,355,"Das Tonalitätsproblem in Hindemiths ""Unterweisung""","Johannes Paul Thilman",author
1974,356,"Die Oboe d'amore in Telemanns Werken: In: Telemann-Renaissance. Werk und
            Wiedergabe","Eitelfriedrich Thom",author
1974,357,"Arbeitergesang - Arbeitermusik. Traditionen der Arbeiterchöre und der Arbeitermusik
            im Bezirk Erfurt","Kurt Thomas",author
1974,358,"Orchesterarbeit in den Musikschulen: In: Forum: Musik in der DDR. Musikschule und
            Persönlichkeitsbildung","Joachim Thorbeck",author
1974,359,"Neues Jugendgesetz und musikalische Bildung","Joachim Thorbeck",author
1974,359,"Neues Jugendgesetz und musikalische Bildung","Siegfried Flügel",author
1974,360,"Zur musikalischen Bildung und Erziehung der Arbeiterjugend: In: Forum: Musik in der
            DDR. Arbeiterklasse und Musik","Heinz Tosch",author
1974,360,"Zur musikalischen Bildung und Erziehung der Arbeiterjugend: In: Forum: Musik in der
            DDR. Arbeiterklasse und Musik","Lothar Schubert",author
1974,361,"Traditionslinien. Ein Beitrag zur DDR-Musikgeschichte."," Kollektiv",author
1974,361,"Traditionslinien. Ein Beitrag zur DDR-Musikgeschichte.","Georg Knepler",contributor
1974,361,"Traditionslinien. Ein Beitrag zur DDR-Musikgeschichte.","Jürgen Mainka",contributor
1974,363,"Probleme des sozialistischen Realismus in der Musikentwicklung der Deutschen
            Demokratischen Republik","Manfred Vetter",author
1974,364,"Mendelssohns Traditionsbewußtsein und dessen Widerschein im Werk: In: Deutsches
            Jahrbuch der Musikwissenschaft für 1971. Jg 16","Martin Wehnert",author
1974,365,"Zum musikalischen Urteils- und Wertungsvermögen von Kindern und Jugendlichen.
            Ergebnis einer Aufsatzanalyse","Gisela Weichert",author
1974,366,"Weimarer Tage für Musikbibliothekare, 8. bis 12. Oktober 1973. Berichte.
            Referate"," Ländergruppe DDR in d. Internat. Vereinigung d. Musikbibliotheken u. d.
                    Bibliotheksverb. d. Dt. Demokratischen Republik",editor
1974,366,"Weimarer Tage für Musikbibliothekare, 8. bis 12. Oktober 1973. Berichte.
            Referate","Karl-Heinz Köhler",contributor
1974,367,"Zur Klavieretüde als Mittel spieltechnischer Ausbildung unter dem Aspekt eines
            einheitlichen Er-ziehungs- und Bildungsprozesses: In: Forum: Musik in der DDR.
            Musikschule und Persönlichkeitsbildung","Wolfgang Wendt",author
1974,368,"Neue Werke unserer Komponisten. Wilhelm Neef: Violinkonzert","Hans-Erich Wiencke",author
1974,369,"Neue Werke unserer Komponisten. Dieter Nowka: Sonate V","Hans-Erich Wiencke",author
1974,370,"Festrede: In: Telemann-Renaissance. Werk und Wiedergabe","Helmuth Winnig",author
1974,371,"Zur Gestaltung des Volkshelden in der Literatur des 18. Jahrhunderts. (Kolloquium:
            Das Bild des Volkshelden bei Händel.) - In: Händel-Jahrbuch 1972/1973. Jg 18/19","Hans-Georg Werner",author
1974,372,"Das Bühnenbild um die Mitte des 19. Jahrhunderts: In: Festschrift für Herbert A.
            Frenzel. Bühnenformen - Bühnendekorationen","Hellmuth Christian Wolff",author
1974,373,"Die italienische Buffo-Oper in der zweiten Hälfte des 18. Jahrhunderts: In: Oper
            1974. Chronik und Bilanz des Opernjahres","Hellmuth Christian Wolff",author
1974,374,"Ovids Metamorphosen und die frühe Oper: In: Festschrift für Federico Ghisi, Bd
            2","Hellmuth Christian Wolff",author
1974,375,"Einige Probleme der Herausbildung sozialistischer Überzeugung im Fach Musik","Herbert Zimpel",author
1974,376,"Unterrichtshilfen Musik 7. und 8. Klasse","Herbert Zimpel",author
1974,376,"Unterrichtshilfen Musik 7. und 8. Klasse","Hella Brock",author
1974,377,"Zu einigen Fragen der Wechselbeziehung der Künste."," Kollektiv",author
1974,"N 1","Die Ludwig van Beethoven Gesamtausgabe 1970-1977 der Deutschen Demokratischen
            Republik. Hauptkonzeption, Untersuchungen und Studien","Hans Gunter Hoke",author
1974,"N 2","Die Meininger Hof- und Landeskapelle in den Jahren 1880 bis 1945","Hans Nolte",author
1974,"N 3","Fortschritt und Reaktion in der deutschen Musikerziehung der ersten Hälfte des 19.
            Jahrhunderts","Gerhard Schmidt",author
1974,"N 4","Das c-Moll-Trio BWV 585 - eine Orgeltranskription Johann Sebastian Bachs?","Hans-Joachim Schulze",author
1974,"F 1","Die Theaterzettelsammlungen in der D[eutschen] D[emokratischen] R[epublik] und ihre
            Bedeutung für die Musikgeschichte. (Mit e. Katalog d. Theaterzettelsammlungen in der
            DDR.)","Peter Ahnsehl",author
1974,"F 2","Die Bühnenmusik Hanns Eislers zu Stücken von Bertolt Brecht","Ingeborg Allihn",author
1974,"F 3","Das Finalproblem im Opernschaffen der DDR","Klaus C. Barnikol",author
1974,"F 3","Das Finalproblem im Opernschaffen der DDR","Hans-Jürgen Schneider",author
1974,"F 4","Die Bühnenwerke G. F. Händels. Quellenstudien und Thematisches Verzeichnis","Bernd Baselt",author
1974,"F 5","Thematisch-systematisches Verzeichnis der Werke Georg Friedrich Händels. [Bd 2.]
            Oratorische Werke, vokale Kammermusik, Kirchenmusik, [Bd 3.] Instrumentalmusik","Bernd Baselt",author
1974,"F 6","Traditionen der Bläser-Kammermusik und ihre Funktion im Gegenwartsschaffen der
            DDR","Joachim Beez",author
1974,"F 7","Händels Krönungs-Anthems","Lieselotte Bense",author
1974,"F 8","Die Bedeutung des Davidsbündlerkreises für die Musikanschauung und die
            Musikgeschichte des 19. Jahrhunderts","Johannes Besser",author
1974,"F 9","Struktur und Wirkung des Instrumentalkonzertes in der DDR 1945 bis 1969","Jürgen Beythien",author
1974,"F 10","Theoretische und praktische Aspekte bei der Konzeption und Produktion einer neuen
            Fassung des ""Musikalischen Opfers"" (BWV 1079) von J. S. Bach","Hermann Börner",author
1974,"F 11","Veranschaulichung musikgeschichtlicher Prozesse im Unterricht der POS (am Beispiel
            der deutschen Musik des 18. Jahrhunderts)","Karin Bohnert",author
1974,"F 12","Studien zur Persönlichkeit und zum Schaffen Clara Schumanns","Renate Bormann",author
1974,"F 13","Das Lebenswerk Max Buttings","Dietrich Brennecke",author
1974,"F 14","Das Zusammenwirken der künstlerisch-ästhetischen Fächer bei der Erziehung
            sozialistischer Persönlichkeiten. (Arbeitstitel)","Hella Brock",author
1974,"F 14","Das Zusammenwirken der künstlerisch-ästhetischen Fächer bei der Erziehung
            sozialistischer Persönlichkeiten. (Arbeitstitel)"," Kollektiv",author
1974,"F 15","Methodik der Musikerziehung","Hella Brock",author
1974,"F 15","Methodik der Musikerziehung"," Kollektiv",author
1974,"F 16","Verfahren der Wissensaneignung im Musikunterricht mit Jugendlichen der EOS (5.-10.
            Klasse, einschließlich EOS mit Musikspezialklassen)","Johannes Brömsel",author
1974,"F 18","Katalog der Musikhandschriften des 17. und 18. Jahrhunderts in der
            Universitätsbibliothek Rostock","Hans Jürgen Daebeler",author
1974,"F 18","Katalog der Musikhandschriften des 17. und 18. Jahrhunderts in der
            Universitätsbibliothek Rostock","Alfred Hingst",editor
1974,"F 19","Orgel-Inventar des Denkmalbezirkes Erfurt","Ulrich Dähnert",author
1974,"F 20","Orgel-Inventar des Denkmalbezirkes Dresden","Ulrich Dähnert",author
1974,"F 21","Untersuchungen zum bürgerlichen Mendelssohnbild und den kulturellen und
            gesellschaftlichen Beziehungsqualitäten Mendelssohns. Ein Beitrag zum marxistischen
            Mendelssohnbild","Andreas Damm",author
1974,"F 21","Untersuchungen zum bürgerlichen Mendelssohnbild und den kulturellen und
            gesellschaftlichen Beziehungsqualitäten Mendelssohns. Ein Beitrag zum marxistischen
            Mendelssohnbild","Andreas Göpfert",author
1974,"F 22","Systematische Lenkung und Gestaltung des Unterrichtsprozesses an der Spezialschule
            für Musik in Dresden","Ulrich Deptuller",author
1974,"F 22","Systematische Lenkung und Gestaltung des Unterrichtsprozesses an der Spezialschule
            für Musik in Dresden","Juliane Erxleben",author
1974,"F 23","Studien über die Musikerfamilie Hertel in Mecklenburg, insbesondere über Johann
            Wilhelm Hertel","Reinhard Diekow",author
1974,"F 24","Gesellschaftliches Auftragswesen auf dem Gebiete der Musik in der DDR","Horst Domagalla",author
1974,"F 25","Akustische Untersuchungen der Vibration bei Gesangsstimmen und ihre Bedeutung für den
            Informationswert beim Musikhören","Paul Donath",author
1974,"F 26","Zur politischideologischen Bedeutung des gesellschaftlichen Auftragswesens im Bezirk
            Dresden","Günter Ebersbach",author
1974,"F 26","Zur politischideologischen Bedeutung des gesellschaftlichen Auftragswesens im Bezirk
            Dresden","Rudolf Hamperl",author
1974,"F 27","Dokumentation zur Geschichte der deutschen Arbeitersängerbewegung","Traude Ebert-Obermeier",author
1974,"F 28","Beiträge zur Musikgeschichte der Stadt Dessau (ca. 1770-1900)","Günther Eisenhardt",author
1974,"F 29",Bach-Forschung,"Rudolf Eller",author
1974,"F 30",Vivaldi-Forschung,"Rudolf Eller",author
1974,"F 31","Mecklenburgische Regional-Musikgeschichtsforschung","Rudolf Eller",author
1974,"F 31","Mecklenburgische Regional-Musikgeschichtsforschung","Karl Heller",author
1974,"F 32","Die Bedeutung der Qualitätserhöhung einer der sozialistischen Lebensweise eigenen
            Tanzmusik für die ideologisch-ästhetische Erziehung der Schuljugend.
            (Arbeitsthema)","Erhard Ender",author
1974,"F 33","Systematische Lenkung und Gestaltung des Unterrichtsprozesses an der Spezialschule
            für Musik in Dresden","Juliane Erxleben",author
1974,"F 33","Systematische Lenkung und Gestaltung des Unterrichtsprozesses an der Spezialschule
            für Musik in Dresden","Ulrich Deptuller",author
1974,"F 34","Die Einbeziehung der Musik bei der Arbeit mit stimm- und sprachgestörten Kindern im
            Alter von 6 bis 10 Jahren","Horst Fleischer",author
1974,"F 35","Studien zum Musikleben der Römer","Günter Fleischhauer",author
1974,"F 36","Die Sonatensatzform im Schaffen Béla Bartóks","Johannes Forner",author
1974,"F 37","Das progressive musikpädagogische Erbe Richard Kadens (1856-1923) und die daraus
            entspringenden Traditionslinien zur sozialistischen Musikerziehung","Siegfried Freitag",author
1974,"F 38","Untersuchungen zur ideellen Programmatik in der Sinfonik von Dmitri
            Schostakowitsch","Evelin Fresenius",author
1974,"F 39","Klassifikationsprobleme der Musik unter spezifischer Berücksichtigung der Gattung
            ""Marsch""","Ulrich Frick",author
1974,"F 40","Die Ausbildung von Lehrern für den Unterricht im Fach Gesang/Musik an
            allgemeinbildenden Schulen von 1900 bis 1945 in Deutschland und seit 1949 in der
            Deutschen Demokratischen Republik","Wolfgang Frohberg",author
1974,"F 41","Das Cembalo in der Musik des 20. Jahrhunderts","Eberhard Geiler",author
1974,"F 42","Entwicklung der Vokalsinfonik in der DDR im Zeitraum von 1958-65","Charlotte Geilhufe",author
1974,F43,"Fritz Reuter - seine Entwicklung vom bürgerlichen Kapellmeister, Komponisten und
            Musikwissenschaftler zum Wegbereiter für eine sozialistische Schulmusikpädagogik","William Geißler",author
1974,"F 44","Georg Trexler - Leben und Werk","Johannes Gerdes",author
1974,"F 45","Untersuchungen zur Tanzmusik in der Deutschen Demokratischen Republik: Werttheorie
            und Praxismodell","Caroline Gerlach",author
1974,"F 46","Der Schützschüler David Pohle (1624-1695). Seine Bedeutung für die Musikgeschichte
            des 17. Jahrhunderts","Gottfried Gille",author
1974,"F 47","Die Programatik im Schaffen von Claude Debussy","Felix Gitter",author
1974,"F 48","Untersuchungen zum bürgerlichen Mendelssohnbild und den kulturellen und
            gesellschaftlichen Beziehungsqualitäten Mendelssohns. Ein Beitrag zum marxistischen
            Mendelssohnbild","Andreas Göpfert",author
1974,"F 48","Untersuchungen zum bürgerlichen Mendelssohnbild und den kulturellen und
            gesellschaftlichen Beziehungsqualitäten Mendelssohns. Ein Beitrag zum marxistischen
            Mendelssohnbild","Andreas Damm",author
1974,"F 49","Die Stellung der Blockflöte im Musikleben des 20. Jahrhunderts","Lieselotte Göring",author
1974,"F 50","Dialektische Methoden der musikalischen Inhalts-Erforschung (Syntaktisch-semantische
            Struktur-Untersuchungen)","Harry Goldschmidt",author
1974,"F 51","Konzeptionelle Strukturuntersuchungen an einigen Werken Beethovens","Harry Goldschmidt",author
1974,"F 52","Grundgedanken zur ökonomischen Gestaltung Zeitgemäßer Konzertorgeln und Richtlinien
            für die Bauweise der gemischten Register","Frank-Harald Greß",author
1974,"F 53","Zur Wirkungsgeschichte des ""Rings der Nibelungen"" von Richard Wagner","Brita von Grüner",author
1974,"F 54","Das deutsche Lied des 19. Jahrhunderts und seine heutige Rezeption","Wulfhard von Grüner",author
1974,"F 55","Untersuchungen zur Entwicklung der Sinnebene musikalischer Verläufe in der Musik des
            13. bis 16. Jahrhunderts","Hans Grüß",author
1974,"F 56","Probleme der Musik im Spielfilm der DDR","Vera Grützner",author
1974,"F 57","Traditionen und Stationen der Musikdramaturgie, aufgezeigt anhand markanter
            progressiver Dokumente in der fünfundzwanzigjährigen Entwicklung des
            DEFA-Spielfilms","Vera Grützner",author
1974,"F 58","Der Einfluß der Technik auf die Entwicklung der Tanz- und Unterhaltungsmusik","Ingolf Haedicke",author
1974,"F 59","Untersuchungen zur Funktion Béla Bartóks Musik für Saiteninstrumente, Schlagzeug und
            Celesta","Günter Händel",author
1974,"F 61","Das Bach-Bild in den westdeutschen Musiklehrbüchern der Schulen","Jochen Hahn",author
1974,"F 62","Zur politisch-ideologischen Bedeutung des gesellschaftlichen Auftragswesens im Bezirk
            Dresden","Rudolf Hamperl",author
1974,"F 62","Zur politisch-ideologischen Bedeutung des gesellschaftlichen Auftragswesens im Bezirk
            Dresden","Günter Ebersbach",author
1974,"F 63","Probleme des sozialistischen Realismus im Instrumentalschaffen der DDR","Bianca Heilmann",author
1974,"F 64","Überlegungen zur Bedeutung der Musikgeschichte, zu ihrer Rolle und ihrem Anteil im
            Rahmen der musischen Erziehung, dargestellt am Lehrplanwerk der Klassen 5-10 für das
            Fach Musik","Erhard Heinzle",author
1974,"F 65","Studien zur Überlieferung und Rezeption der Klaviermusik J. S. Bachs in der zweiten
            Hälfte des 18. Jahrhunderts","Karl Heller",author
1974,"F 66","Mecklenburgische Regional-Musikgeschichtsforschung","Karl Heller",author
1974,"F 66","Mecklenburgische Regional-Musikgeschichtsforschung","Rudolf Eller",author
1974,"F 67","Beiträge zum historischen Cembalobau","Hubert Henkel",author
1974,"F 68","Zur Dialektik in Liedern von Hanns Eisler","Fritz Hennenberg",author
1974,"F 69","Der Beitrag von J. R. Bechers Lyrik zum sozialistisch-realistischen Vokalschaffen in
            der DDR, nachgewiesen am Genre des klavierbegleiteten Sololiedes (1945-1961/62)","Gudrun Hillemann",author
1974,"F 70","Katalog der Musikhandschriften des 17. und 18. Jahrhunderts in der
            Universitätsbibliothek Rostock","Hans Jürgen Daebeler",author
1974,"F 70","Katalog der Musikhandschriften des 17. und 18. Jahrhunderts in der
            Universitätsbibliothek Rostock","Alfred Hingst",author
1974,"F 71","Beiträge zur Musikgeschichte Magdeburgs im 19. Jahrhundert","Wolf Hobohm",author
1974,"F 72","Spezifika des Musikerlebnisses in ihrer Bedeutung für die Entwicklung sozialistischer
            Persönlichkeiten und Kollektive","Winfried Höntsch",author
1974,"F 73","Die Bedeutung der Violinetüde für die Entwicklung der technischen Fähigkeiten und
            Fertigkeiten im Geigenspiel","Reinhard Hösel",author
1974,"F 74","Die Ludwig van Beethoven Gesamtausgabe 1970-1977 der Deutschen Demokratischen
            Republik. Hauptkonzeption, Untersuchungen und Studien","Hans Gunter Hoke",author
1974,"F 75","Talentsuche auf musikalischem Gebiete","Dieter Hoßfeld",author
1974,"F 76","Musikgeschichte von Glauchau","Walter Hüttel",author
1974,"F 77","Musik im klassischen und nachklassischen Weimar. Zur Entwicklung des Weimarer
            Musiklebens 1756-1920","Wolfram Huschke",author
1974,"F 78","Das Chorschaffen Hanns Eislers","Horst Irrgang",author
1974,"F 79","Untersuchungen zur Geschichte der Variation seit Beethoven","Ursula Ismer",author
1974,"F 79","Untersuchungen zur Geschichte der Variation seit Beethoven","Hanna John",author
1974,"F 80","150 Jahre Chorwesen in Erfurt","Manfred Jäckel",author
1974,"F 81","Die Spezifik der Ballettmusik","Peter Jarchow",author
1974,"F 82","Gottfried August Homilius und die evangelische Kirchenmusik Dresdens im 18.
            Jahrhundert","Hans John",author
1974,"F 83","Untersuchungen zur Geschichte der Variation seit Beethoven","Hanna John",author
1974,"F 83","Untersuchungen zur Geschichte der Variation seit Beethoven","Ursula Ismer",author
1974,"F 84","Johann Cilenšek - Leben und sinfonisches Werk. (Arbeitstitel)","Bernd Junghanns",author
1974,"F 85","Idealbildung durch Musik als ein Faktor bei der Herausbildung der Persönlichkeit im
            Pubertätsalter","Erika Kießling",author
1974,"F 86","Sinfonisches Schaffen in der DDR","Udo Klement",author
1974,"F 87","Werkstruktur und Menschenbild in den Sinfonien von Fritz Geißler, Untersuchungen zum
            Realismus-Problem in der Instrumentalmusik","Eberhard Kneipel",author
1974,"F 88","Die Kategorie ""Zeit"" im Musikdenken der Gegenwart","Eberhard Kneipel",author
1974,"F 89","Die Kompositionstechnik Witold Lutoslawskis","Eberhard Kneipel",author
1974,"F 89","Die Kompositionstechnik Witold Lutoslawskis","Hansjürgen Schmidt",author
1974,"F 90","Musikhören als Unterrichtsgegenstand","Anita Kober",author
1974,"F 91","Untersuchungen Zur Bachpflege als Anliegen der sozialistischen Musikerziehung","Anita Kober",author
1974,"F 92","Heinrich Schütz und der frühbürgerliche Realismus im deutschen Musikschaffen -
            Anmerkungen zum Persönlichkeitsbild des Komponisten und zur Entwicklung seines
            Gesamtschaffens","Siegfried Köhler",author
1974,"F 93","Musikpflege der Stadt Jena von 1750 bis zur Gegenwart","Rüdiger Kopczak",author
1974,"F 94","Die Bedeutung der Klavierimprovisation in der Musikerziehung der DDR. Ein Beitrag zur
            schöpferischen Gestaltung des Musikunterrichts und zur Entwicklung sozialistischer
            Erziehungspersönlichkeiten","Albrecht Krauß",author
1974,"F 95","Beiträge zur Operngeschichte der DDR in den fünfziger Jahren. (Arbeitstitel)","Sabine Kreuziger",author
1974,"F 96","Martin Opitz und Heinrich Schütz","Hans Krist",author
1974,"F 97","Der Musikfilm und seine Rezeptionsprobleme","Gerhard Kunsch",author
1974,"F 98","Möglichkeiten und Aufgaben des Frauenchores innerhalb der sozialistischen
            Chorbewegung","Christa Langer",author
1974,"F 99","Studien zum Schaffen Rostocker Musiker des 17. Jahrhunderts, insbesonderer Daniel
            Fridericis","Rüdiger Laue",author
1974,"F 100","Untersuchungen über den ästhetischen Gehalt instrumentaler Musikwerke und seinen
            potentiellen Beitrag zur Formung sozialistischer Persönlichkeiten","Eberhard Lippold",author
1974,"F 101","Zur Funktion der Bühnen- und Schauspielmusik der DDR unter besonderer
            Berücksichtigung der Kompositionen am Berliner Ensemble","Joachim Lucchesi",author
1974,"F 102","Die Entwicklung der Balginstrumente und ihre Stellung in der Gesellschaft von den
            Anfängen bis zum Ende des 2. Weltkrieges","Hans Luck",author
1974,"F 103","Untersuchungen zur Intonation im Streichquartettspiel.","Rudolf Lüdeke",author
1974,"F 104","Georg Philipp Telemanns Hamburger Kapitänsmusiken","Willi Maertens",author
1974,"F 105","Werner Hübschmann. Ein Komponistenportrait","Peter Mai",author
1974,"F 106","Die Beziehungen zwischen französischer Operette und deutschem Singspiel
            1750-1780","Jürgen Mainka",author
1974,"F 107","Untersuchungen zu den Entwicklungstendenzen des Suitenschaffens in der DDR und seiner
            Funktion im Bereich der Musikerziehung. (Arbeitstitel)","Burkhard Meier",author
1974,"F 108","Die Tanzmusik als musikwissenschaftlicher Forschungsgegenstand in der DDR","Martin Meyer",author
1974,"F 109","Robert Schumanns Entwicklung in seinem Liedschaffen","Eberhard Möller",author
1974,"F 110","Max Reger - Künstler und Gesellschaft","Helmut Müller",author
1974,"F 111","Das Musikhören als Bestandteil desMusikunterrichts der allgemeinbildenden Schule in
            Geschichte und Gegenwart. Ein theoretisch-historischer Beitrag zur Niveaubestimmung des
            Musikhörens im Musikunterricht der allgemeinbildenden sozialistischen Schule","Walter Müller",author
1974,"F 112","Zu Hephaistions Enchiridion über Metren","Hans Nehrling",author
1974,"F 113","Die Haushaltsbücher Robert Schumanns","Gerd Neuhaus",author
1974,"F 114","Chorische Auftragswerke zu den Arbeiterfestspielen","Christel Neumann",author
1974,"F 115","Das gesellschaftliche Auftragswesen auf dem Gebiet der Musik, dargestellt am Beispiel
            des Bezirkes Halle; Untersuchungen zur Effektivität der Auftragswerke","Rainer Niephagen",author
1974,"F 116","Die Meininger Hof- und Landeskapelle in den Jahren 1880 bis 1945","Hans Nolte",author
1974,"F 117","Die Streichquartette Dmitri Schostakowitschs","Ekkehard Ochs",author
1974,"F 118","Das Musikleben in Eisenach 1650-1750","Claus Oefner",author
1974,"F 119","Untersuchungen zur Wirkungsintensität historisch-biographischer und
            musikalisch-ästhetischer Wertkriterien aus dem Lehrplangebiet Beethoven auf das
            Urteilsvermögen der Schüler. (Ein Beitrag zum Projekt ""Untersuchungen zum Prozeß der
            klassenmäßigen Erziehung"")","Brunhilde Panwitz",author
1974,"F 120","Funktion und Formen des Tanzes zwischen 1800 und 1914: Studien zur Geschichte und
            Rezeption des Tanzes in Deutschland","Kurt Petermann",author
1974,"F 121","Das Leipziger Musikverlagswesen und seine Beziehungen zu einigen namhaften
            Komponisten. Ein Beitrag zur Geschichte des Musikalienhandels im 19. und zu Beginn des
            20. Jahrhunderts","Hans-Martin Pleßke",author
1974,"F 122","Englische Vokalmusik - Rezeption in Deutschland im 18. und 19. Jahrhundert","Martin Poser",author
1974,"F 123","Die Stellung und die erzieherischen Aufgaben des Kinder- und Jugendtheaters unter
            besonderer Hinwendung einiger musikalischer Bühnenwerke an den Theatern der DDR: Tine
            Dramaturgie des musikalischen Kinder- und Jugendtheaters","Norbert Reglin",author
1974,"F 124","Zur Frage des Popularen bei Mozart","Horst Reichenbach",author
1974,"F 125","Klassische Ideen- und Gestaltungs-Traditionen in der DDR-Musik","Gerd Richter",author
1974,"F 126","Die Berliner Hofkapelle im 16. und 17. Jahrhundert. (Arbeitstitel)","Horst Richter",author
1974,"F 127","Untersuchung zur Klaviermethodik an Klavierschulen","Manfred Richter",author
1974,"F 128","Bach-Tradition und Bach-Pflege im 19. und 20. Jahrhundert","Helmuth Rudloff",author
1974,"F 129","Zum objektiven Gehalt der künstlerischen Subjektivität. Versuch einer Darstellung am
            Beispiel von Max Reger","Rüdiger Schaar",author
1974,"F 130","Die Entwicklung des Jugendliedes im Gebiet der DDR von 1945 bis 1954","Klaus-Dieter Scharfenberg",author
1974,"F 131","Der Komponist im Exil. Zu den politischen, ästhetischen und kompositorischen
            Positionen Hanns Eislers in den USA von 1938 bis 1948. (Arbeitsthema)","Jürgen Schebera",author
1974,"F 132","Fortschritt und Reaktion in der deutschen Musikerziehung der ersten Hälfte des 19.
            Jahrhunderts","Gerhard Schmidt",author
1974,"F 133","Die Kompositionstechnik Witold Lutoslawskis","Hansjürgen Schmidt",author
1974,"F 133","Die Kompositionstechnik Witold Lutoslawskis","Eberhard Kneipel",author
1974,"F 134","Wesen und Entwicklung des europäischen Tonsystems","Peter Schmiedel",author
1974,"F 135","Hans von Bülow - Planist und Dirigent","Ernst Schneider",author
1974,"F 136","Das Streichquartett im kompositorischen Schaffen der Deutschen Demokratischen
            Republik","Frank Schneider",author
1974,"F 137","Introduktionsprobleme im Opernschaffen der DDR","Hans-Jürgen Schneider",author
1974,"F 138","Händels Orgelkonzerte op. 7","Ingeborg Schneider-Lüdecke",author
1974,"F 139","Darstellung der Charaktere in L. Janáčeks Opern","Eva-Maria Schön",author
1974,"F 140","Bach-Jubiläen im 19. und 20. Jahrhundert. Ein Beitrag zur Wirkungsgeschichte","Walburg Schulze",author
1974,"F 141","Untersuchungen über die Wirkung unterschiedlicher Musik auf das Verhalten von Kühen
            unter der Bedingung der technisierten Milchabgabe","Christoph Schwabe",author
1974,"F 142","Zur Qualitätsbewertung von Musikinstrumenten","Helmut Seidl",author
1974,"F 143","Probleme der Aneignung des musikalischen Erbes für die sozialistische Musikkultur
            (unter besonderer Berücksichtigung der Musik des 18. Jahrhunderts und ihrer
            Wirkungspotenzen)","Walther Siegmund-Schultze",author
1974,"F 144","Musikalische Quellen und Wurzeln des in der FDJ-Singebewegung entstandenen
            Liedgutes","Winfried Stanislau",author
1974,"F 145","Persönlichkeitsentwicklung junger Musiker","Günter Stephan",author
1974,"F 146","Fragen der Programmierung im Musikunterricht (Informationsspeicherung)","Martin Stiebritz",author
1974,"F 147","Die deutschen Aufführungen von Opern Händels in der ersten Hälfte des 18.
            Jahrhunderts","Stephan Stompor",author
1974,"F 148","Die Widerspiegelung des Mendelssohnschen Schaffens im Werk von Johannes
            Brahms","Reinhard Szeskus",author
1974,"F 149","Ästhetische und historiographische Beiträge zur Geschichte und Theorie der Film- und
            dramatischen Fernsehmusik","Wolfgang Thiel",author
1974,"F 150","Johann Paul - und Adolph Carl Kuntzen: Ein Beitrag zur Instrumentalmusik im 18.
            Jahrhundert. (Mit thematisch-bibliographischem Katalog)","Eitelfriedrich Thom",author
1974,"F 151","Das Dramatische im Werk Bachs","Karl-Heinz Viertel",author
1974,"F 152","Untersuchungen zur Tonalitätsrezeption im dritten Schuljahr","Hans Vogel",author
1974,"F 153","Zeitgenössische Interpretation von Beethovens Sinfonien","Helmut Wald",author
1974,"F 154","Der Typ des Prokofjewschen Klavierkonzerts. Seine Stellung und Bedeutung in der
            Gegenwartsmusik","Gerhard Wappler",author
1974,"F 155","Musikalische Wirkungsanalyse mit Hilfe freier Assoziationen","Ingeborg Weigelt",author
1974,"F 156","Sprechmelodischer Ausdruck und musikalisches Gehör","Ursula Wendler",author
1974,"F 157","Händels Trauer-Anthen. Eine Studie mit kritischer Ausgabe der Partitur im Rahmen der
            Hallischen Händel-Ausgabe","Edwin Werner",author
1974,"F 158","Zum Wandel des Beethovenbildes im Spiegel der Jubiläen 1870 - 1920/27 - 1970","Hiltraut Werner",author
1974,"F 159","Soziale Funktionsmechanismen der Musik, insbesondere der Tanzmusik als
            kommunikationstheoretischer Beitrag zur Theorie und Methodik musikkultureller Analyse.
            (Arbeitstitel)","Peter Wicke",author
1974,"F 160","Weiterentwicklung von musikalischen Bedürfnissen durch systematische und
            zielorientierte Gestaltung musikalischer Bildungsprozesse bei jungen Arbeitern","Lutz Winkler",author
1974,"F 161","Richard Wagners geistige und künstlerische Entwicklung nach 1848","Werner Wolf",author
1974,"F 162","Zeitgenössische Variationswerke im Schulunterricht","Wolfgang Wunder",author
1974,"F 163","Die Entwicklung der Balginstrumente in der Gesellschaft vom Ende des 2. Weltkrieges
            bis zur Gegenwart, bezogen auf das Gebiet der DDR","Heinz Zeiske",author
1974,"F 164","Die Entwicklung der Kammermusik in der DDR (am Beispiel thüringischer
            Komponisten)","Uta Ziegner",author
1974,"F 165","Entfremdungserscheinungen in der Musik","Sabine Zinke",author
1974,"F 166","Die Geschichte des Gewandhausorchesters seit 1945 und die Probleme bei der
            Entwicklung zu einem führenden sozialistischen Musikinstitut der Deutschen
            Demokratischen Republik","Karl Zumpe",author
1975,1,"Zur Notwendigkeit und Konzeption eines internationalen Katalogs der
            Theaterzettelsammlungen","Peter Ahnsehl",author
1975,2,"Wissenschaftliches Kolloquium in Leipzig: Vorbereitung des III. Internationalen
            Bachfestes 1975","Ingeborg Allihn",author
1975,3,"Antonio Salieri: 1750-1825","Ingeborg Allihn",author
1975,4,"Ein Musiker im Zeitgeschehen: zum 70. Geburtstag Ernst Hermann Meyers am 8. Dezember
            1975","Günter Altmann",author
1975,5,"Neue Werke unserer Komponisten: Helge Jung: Drei Aspekte","Günter Altmann",author
1975,6,"Musik und Kritik: Kritik und die Entwicklung unserer Tanzmusik","Stefan Amzoll",author
1975,7,"Nicht nur ""für den Tag"" schreiben!: von der Fachkonferenz Musik des Zentralhauses für
            Kulturarbeit der DDR","Heinz Arenz",author
1975,8,"Johann Sebastian Bach: Leben und Werk in Dokumenten.","Hans-Joachim Schulze",contributor
1975,9,Bach-Jahrbuch,"Alfred Dürr",author
1975,10,"Bach-Studien: Eine Sammlung von Aufsätzen","Rudolf Eller",editor
1975,10,"Bach-Studien: Eine Sammlung von Aufsätzen","Hans-Joachim Schulze",editor
1975,11,"Wir stellen vor: Siegfried Stolte zum 50. Geburtstag","Fritz Bachmann",author
1975,12,"Neue Werke unserer Komponisten: Gerhard Rosenfeld: Arien für Orchester","Karsten Bartels",author
1975,13,"Noch einmal: ""Fiktiver Report...""","Karsten Bartels",author
1975,14,"Die Bühnenwerke Georg Friedrich Händels; Quellenstudien und Thematisches
            Verzeichnis","Bernd Baselt",author
1975,15,"Schöpfertum als Arbeitsprinzip: zur zentralen Musikschulkonferenz","Fritz Beinroth",author
1975,16,"Zentrale Arbeitstagung der Bezirksmusikschulen in Neubrandenburg","Fritz Beinroth",author
1975,17,"Bourdon und Fauxbourdon: Studien zum Ursprung der niederländischen Musik","Heinrich Besseler",author
1975,17,"Bourdon und Fauxbourdon: Studien zum Ursprung der niederländischen Musik","Peter Gülke",author
1975,18,"Ergebnisse und Entwicklungstendenzen im Tanzmusikschaffen der DDR: die Arbeitsgruppe
            ""Rhythmus 71""","Werner Beyer",author
1975,19,"Musikrezeption als Aneignungsprozeß","Siegfried Bimberg",author
1975,20,"Mit Engagement und Sachkenntnis das Erbe erschließen: zum Problem der Relation
            zwischen Erbe und Gegenwart","Siegfried Bimberg",author
1975,21,"Zur kulturellen Freizeitgestaltung der Jugend","Lothar Bisky",author
1975,22,"Neue Werke unserer Komponisten: Ernst Hermann Meyer: 4. Streichquartett","Hans Böhm",author
1975,23,"Neue Werke unserer Komponisten: Anton Schoendlinger: Orgelkonzert Nr. 2","Hans Böhm",author
1975,24,"Neue Werke unserer Komponisten: Siegfried Köhler: III. Sinfonie","Hans Böhm",author
1975,25,"Neue Werke unserer Komponisten: Johann Cilenšek: Konzertstück für Violine und
            Orchester","Hans Böhm",author
1975,26,"Neue Werke unserer Komponisten: Friedrich Schenker: Konzert für Fagott und
            Streichorchester","Hans Böhm",author
1975,27,"25 Jahre Bachpflege der DDR","Gerhard Brattke",author
1975,28,"25 Jahre Akademie der Künste der Deutschen Demokratischen Republik: Wissenschaftliche
            Abteilung der Sektion Musik","Dietrich Brennecke",author
1975,29,"Max Butting - Triptychon für großes Orchester op. 112; Konzert für Klavier und
            Orchester op. 110. [Taschentext]","Dietrich Brennecke",author
1975,30,"Beethovens Unsterbliche Geliebte: Legende, Vermutung, Tatsachen","Gerda Brosche-Graeser",author
1975,31,"Norwegische Musik im 20. Jahrhundert","Erich Brüll",author
1975,32,"Paul Dessau: Aus Gesprächen: Ersch. anläßl. d. 80. Geburtstages von Paul Dessau./
            [Red.: Bernd u. Peter Pachnicke, Werkverz., Diskogr. u. Literaturverz.: Fritz
            Hennenberg, Fotogr.: Evelyn Richter]","Paul Dessau",author
1975,33,"Dokumentation: Information für Theater"," Verband d. Theaterschaffenden d. DDR",editor
1975,34,"Berichte: Rekonstruktion und Neugestaltung des Bachhauses Eisenach","Ilse Domizlaff",author
1975,35,"Über die Rekonstruktion und Neugestaltung des Bachhauses in Eisenach: In: Johann
            Sebastian Bach: Lebendiges Erbe","Ilse Domizlaff",author
1975,36,"Anregungen für den Fachberater: zur Hospitationsfähigkeit","Paul Wilhelm Donath",author
1975,37,"Dramatiker und Komponisten auf den Bühnen der Deutschen Demokratischen Republik:
            Spielzeit 1971/72","Hanna Türke",contributor
1975,38,"SDramatiker und Komponisten auf den Bühnen der Deutschen Demokratischen Republik:
            Spielzeit 1972/73","Hanna Türke",contributor
1975,39,"III. [drittes] Internationales Bachfest der DDR, Leipzig 16. bis 23. September 197J5:
            in Verbindung mit d. 50. Bachfest d. Neuen Bachges"," Johann-Sebastian-Bach-Komitee der DDR",editor
1975,39,"III. [drittes] Internationales Bachfest der DDR, Leipzig 16. bis 23. September 197J5:
            in Verbindung mit d. 50. Bachfest d. Neuen Bachges"," Rat d. Stadt Leipzig",editor
1975,39,"III. [drittes] Internationales Bachfest der DDR, Leipzig 16. bis 23. September 197J5:
            in Verbindung mit d. 50. Bachfest d. Neuen Bachges","Werner Felix",contributor
1975,39,"III. [drittes] Internationales Bachfest der DDR, Leipzig 16. bis 23. September 197J5:
            in Verbindung mit d. 50. Bachfest d. Neuen Bachges","Winfried Hofmann",contributor
1975,39,"III. [drittes] Internationales Bachfest der DDR, Leipzig 16. bis 23. September 197J5:
            in Verbindung mit d. 50. Bachfest d. Neuen Bachges","Christine Fröde",contributor
1975,40,"III. [drittes] Internationales Bachfest der DDR in Leipzig","Liesel Markowski",contributor
1975,40,"III. [drittes] Internationales Bachfest der DDR in Leipzig","Ingeborg Allihn",contributor
1975,40,"III. [drittes] Internationales Bachfest der DDR in Leipzig","Karl-Heinz Viertel",contributor
1975,41,"Arbeiterklasse und Musik: Bemerkungen zur Tagung in der Akademie der Künste","Traude Ebert-Obermeier",author
1975,44,"Gedanken über Bachs Leipziger Schaffensjahre: In: Bach-Studien","Rudolf Eller",author
1975,45,"Remarks on the big arġūl: - In: Year-book of the International Folk Music
            Council","Jürgen Elsner",author
1975,46,"Zum Problem des maqam","Jürgen Elsner",author
1975,47,"Zum Problem des Nationalen und Internationalen in der gegenwärtigen Entwicklung der
            Musikkulturen der Welt: Referat, gehalten auf d. 3. Asiatischen Musiktribüne Alma Ata
            1973","Jürgen Elsner",author
1975,48,"Arbeitersänger und schöpferischer Gestalter: Zum 75. Geburtstag Ernst Buschs","Jürgen Elsner",author
1975,49,"Arbeiterklasse und Musik: Zwei anregende Konzerte","Jürgen Elsner",author
1975,50,"Hanns Eisler - Lieder mit Ernst Busch. [Taschentext]","Jürgen Elsner",author
1975,51,"Hanns Eisler - Die Mutter, Kantate von Bertolt Brecht nach dem Roman von Maxim Gorki.
            [Taschentext]","Jürgen Elsner",author
1975,52,"Hanns Eisler - Lieder mit Sonja Kehler. [Taschentext]","Jürgen Elsner",author
1975,53,"Hanns Eisler - Woodburry-Liederbüchlein; Kanons für gern. Chor; Fünf Lieder für
            Kindergärten; Drei Kinderlieder für Gesang u. Bratsche; Gegen den Krieg (Thema und
            Variationen op. 51); Suite für Septett Nr. 1 op. 92 a (Variationen über amerikanische
            Kinderlieder). [Taschentext]","Jürgen Elsner",author
1975,54,"Elend und Größe des Menschen in der deutschen Literatur des 17. Jahrhunderts: In:
            Heinrich Schütz und seine Zeit","Christian Emmrich",author
1975,56,"Standpunkte zur methodischen Gestaltung des Musikhörens in der polytechnischen
            Oberschule","Hans Fehske",author
1975,57,"Traditionslinien der sozialistischen Musikerziehung: Arbeitssektion III;
            Konferenzbericht","Günter Müller",author
1975,57,"Traditionslinien der sozialistischen Musikerziehung: Arbeitssektion III;
            Konferenzbericht","Hans Fehske",author
1975,58,"Johann Sebastian Bach: Erbe und Gegenwart./ [Aus Anlaß d. 225. Todestages v. Joh.
            Seb. Bach im Auftr. d. Joh.-Seb.-Bach-Komitees d. DDR u. d. Rates d. Stadt Leipzig hrsg.
            u. mit e. Nachw. vers. von Werner Felix]","Werner Felix",editor
1975,59,"Die Neue Bachgesellschaft","Werner Felix",author
1975,60,"Bachpflege und Bachbild in der Deutschen Demokratischen Republik./ Vortrag, gehalten
            auf d. ersten Bachfest in Tokyo [Japan] am 21. 6. 1975: Ms. ungedr","Werner Felix",author
1975,61,"Walter Felsenstein über das Verhältnis von Massenmedien und Theater","Walter Felsenstein",author
1975,63,"Zu den Einflüssen polnischer Musik im Instrumentalschaffen G. Ph.Telemanns und ihrer
            Wiedergabe: In: Zu Fragen der Aufführungspraxis und Interpretation von Instrumentalmusik
            in der ersten Hälfte des 18. Jahrhunderts. [Konferenzbericht, 1974]","Günter Fleischhauer",author
1975,64,"Einige Grundfragen der Realisierung der Lehrplanforderungen aus der Sicht der
            Aufgabenstellung der Direktorenkonferenz","Siegfried Flügel",author
1975,65,"Die Sonatenform im Schaffen Béla Bartóks","Johannes Ferner",author
1975,66,"""Wer mir gegenüberstand"": ein Chanson der Deutsch-Sowjetischen Freundschaft","Siegfried Freitag",author
1975,67,"Mit Linie und Phantasie: Qualitätsmerkmale bei Diskoveranstaltungen, eine
            Diskussionsgrundlage in Thesenform","Siegfried Freitag",author
1975,68,"Neue Werke unserer Komponisten: Joachim Thurm: Trompetenkonzert","Karl-Heinz Friebel",author
1975,69,"Beethovens Klaviersonaten: ihr einzigartiges Phänomen, ihre heutige
            Wirksamkeit","Bärbel Friege",author
1975,70,"Gespräche mit Autoren: Siegfried Matthus","Dietmar Fritzsche",author
1975,71,"Mehr als Märchen und Liebe: Wolkows ""Bauernmärchen"" in Dessau und Berlin, Stschedrins
            ""Nicht nur Liebe"" an der Berliner Staatsoper","Dietmar Fritzsche",author
1975,72,"Beat-Shakespeare aus Warschau","Dietmar Fritzsche",author
1975,73,"Erfüllung unbedingten Liebesanspruchs : Zur DDR-Erstaufführung von Alban Bergs
            ""Lulu""","Dietmar Fritzsche",author
1975,74,"Arbeitsgespräch mit Rainer Kunad","Dietmar Fritzsche",author
1975,75,"Kampf mit dem Schatten: zur Uraufführung der Oper ""Der Schatten"" von Fritz Geißler in
            Leipzig","Dietmar Fritzsche",author
1975,76,"Neue Werke unserer Komponisten: Gerhard Rosenfeld: Kleist-Briefe","Dietmar Fritzsche",author
1975,78,"V. [fünfte] Musik-Biennale Berlin","Liesel Markowski",author
1975,78,"V. [fünfte] Musik-Biennale Berlin","Hannelore Gerlach",author
1975,78,"V. [fünfte] Musik-Biennale Berlin","Hans-Peter Müller",author
1975,78,"V. [fünfte] Musik-Biennale Berlin","Eckart Schwinger",author
1975,78,"V. [fünfte] Musik-Biennale Berlin","Lothar Schubert",author
1975,79,"Überlegungen zu Anforderungen an den Klassengesang: Übersichten, methodische
            Erläuterungen u. Beispiele zur Entwicklung entsprechender Kenntnisse, Fähigkeiten u.
            Fertigkeiten","Dora Gebauer",author
1975,79,"Überlegungen zu Anforderungen an den Klassengesang: Übersichten, methodische
            Erläuterungen u. Beispiele zur Entwicklung entsprechender Kenntnisse, Fähigkeiten u.
            Fertigkeiten","Anita Nicklich",author
1975,80,"Untersuchungen zur Tanzmusik in der Deutschen Demokratischen Republik unter
            besonderer Berücksichtigung ihrer Entwicklungsmöglichkeiten im Gefüge der
            sozialistischen Kultur:","Caroline Gerlach",author
1975,81,"Neue Werke unserer Komponisten: Joachim Thurm; ""Ans Fenster kommt und seht""","Hannelore Gerlach",author
1975,82,"Neue Werke unserer Komponisten: Bernd Wefelmeyer: Ballett für Kinder","Hannelore Gerlach",author
1975,83,"""Rührt nicht am blauen Globus"": Oratorium des litauischen Komponisten Eduardas
            Balsys","Hannelore Gerlach",author
1975,84,"""Auf den Spuren Rustawelis...""; Musik in der Georgischen SSR","Hannelore Gerlach",author
1975,85,"Andrej Eschpai, Boris Tschaikowski: zwei namhafte Moskauer Komponisten, die in diesem
            Jahr ihren 50. Geburtstag begingen","Hannelore Gerlach",author
1975,86,"Reaktive Musiktherapie im psychotherapeutischen Gruppengespräch","Michael Geyer",author
1975,86,"Reaktive Musiktherapie im psychotherapeutischen Gruppengespräch","Christoph Schwabe",author
1975,87,"Gedanken und Anregungen zur Arbeit mit einem Unterstufenchor: Auszüge aus der
            Pädagogischen Lesung von Dieter Gieß","Dieter Gleß",author
1975,88,"Die Erscheinung Beethoven: 1. Aufl","Harry Goldschmidt",author
1975,89,"Beethoven: Werkeinführungen","Harry Goldschmidt",author
1975,90,"Neues Sammelgut im Hanns-Eisler-Archiv","Manfred Grabs",author
1975,91,"Tempofragen der Bachzeit: In: Bach-Studien","Hans Grüß",author
1975,92,"Traditionen, Stationen und Tendenzen der Filmmusikdramaturgie: aufgezeigt anhand von
            DEFA-Spielfilmen","Vera Grützner",author
1975,93,"Bourdon und Fauxbourdon: Studien zum Ursprung der niederländischen Musik","Peter Gülke",author
1975,93,"Bourdon und Fauxbourdon: Studien zum Ursprung der niederländischen Musik","Heinrich Besseler",author
1975,94,"Mönche, Bürger, Minnesänger: Musik in der Gesellschaft des europäischen
            Mittelalters","Peter Gülke",author
1975,95,"Motivarbeit unterhalb der Leitmotive: Beobachtungen und Überlegungen bei Wagners
            ""Fliegendem Holländer""","Peter Gülke",author
1975,96,"Zu Robert Schumanns ""Rheinischer Sinfonie""","Peter Gülke",author
1975,97,"Zu Heinrich Besselers 75. Geburtstag","Peter Gülke",author
1975,98,"Ein ""konservatives"" Genie?: zum 450. Geburtstag Palestrinas","Peter Gülke",author
1975,99,"Edition Peters: 175 Jahre Musikverlag in Leipzig","Peter Gülke",author
1975,100,"Die Aneignung des humanistischen Erbes durch Arbeiterchöre der Deutschen
            Demokratischen Republik","Claus Haake",author
1975,101,"Anregungen zur Stimmbildung im Unterricht","Georg Friedrich Händel",author
1975,102,"Rudolf Wagner-Régeny - Die Bürger von Calais (Ausschnitte); Johanna Balk
            (Ausschnitte). /Taschentext/","Dieter Härtwig",author
1975,103,"Fidelio F. Finke - Capriccio über ein polnisches Volkslied für Klavier und Orchester;
            3. Suite für Orchester. [Taschentext]","Dieter Hartwig",author
1975,104,"Ehrungen; Ernst Hermann Meyer 70 Jahre","Mathias Hansen",author
1975,105,"Das Lehrbuch im Unterricht: Möglichkeiten zur Arbeit mit dem Lehrbuch in den Klassen
            4 und 9","Wolfgang Haupt",author
1975,106,"Anregungen für Fachberater, Fachkommissionen und Fachzirkel: Zur Arbeit mit Chören
            und Singegruppen","Hermann Heilbronner",author
1975,107,"Untersuchungen zum Problem des sozialistischen Realismus in der Instrumentalmusik im
            Zusammenhang mit Fragen der musikalischen Analyse; dargestellt an Beispielen
            sinfonisch-konzertanter Musik der D[eutschen] D[emokratischen] R[epublik]","Bianca Heilmann",author
1975,108,"Heinrich Schütz und seine Zeit: Bericht über d. Wiss. Konferenz d. Komitees für d.
            Heinrich-Schütz-Festtage d. DDR 1972","Siegfried Köhler",editor
1975,109,"Beethoven, Ludwig van: Ludwig van Beethovens Konversationshefte./ Hrsg. im Auftr. d.
            Deutschen Staatsbibliothek Berlin von Karl-Heinz Köhler u. Grita Herre unter Mitw. von
            Heinz Schöny","Grita Herre",editor
1975,109,"Beethoven, Ludwig van: Ludwig van Beethovens Konversationshefte./ Hrsg. im Auftr. d.
            Deutschen Staatsbibliothek Berlin von Karl-Heinz Köhler u. Grita Herre unter Mitw. von
            Heinz Schöny","Karl-Heinz Köhler",editor
1975,110,"Joachim Herz zur ""Zauberflöte"": Mitschnitt eines Einführungsvortrages","Joachim Herz",author
1975,111,"Gespräch mit Joachim Herz über Oper in unserer Zeit./ [Interview mit ITI Paris]: In:
            Zur gesellschaftlichen Funktion des sozialistischen Theaters","Joachim Herz",author
1975,112,"Gespräche mit Joachim Herz über Regiekunst und realistisches Musiktheater","Joachim Herz",author
1975,112,"Gespräche mit Joachim Herz über Regiekunst und realistisches Musiktheater","Hans-Jochen Irmer",author
1975,113,"Zum übertragungsverhalten der Klaviermechaniken","Herbert Heyde",author
1975,114,"Grundlagen des natürlichen Systems der Musikinstrumente: 1. Aufl","Herbert Heyde",author
1975,115,"Mit künstlerischem Anspruch unser Musikleben bereichern: aus dem Referat der
            Fachkonferenz Musik des Zentralhauses für Kulturarbeit der DDR","Eva-Maria Hillmann",author
1975,116,"Spezifika des Musikerlebnisses in ihrer Bedeutung für die Entwicklung sozialistischer
            Persönlichkeiten und die Festigung sozialistischer Kollektive: Methoden und Ergebnisse
            von Untersuchungen über die geleitete Musikrezeption und die Wirkung musikalischer
            Kunstwerke in einem sozialistischen Produktionskollektiv","Winfried Höntsch",author
1975,117,"Die Bedeutung didaktischer Funktionen für die Gestaltung des
            Unterrichtsprozesses","Karl Hoffmann",author
1975,118,"Methodische Grundformen des Musikunterrichts","Karl Hoffmann",author
1975,119,"Pädagogische Lesungen - auch im Fach Musik","Karl Hoffmann",author
1975,120,"Fachspezifische Methoden, Varianten und Verfahren für den Musikunterricht","Karl Hoffmann",author
1975,121,"Pädagogische Lesungen und Unterrichtspraxis: Hinweise zu inhaltlichen Anliegen
            pädagogischer Lesungen im Fach Musik","Karl Hoffmann",author
1975,122,"1975, ein Jahr der Jubiläen","Winfried Hoffmann",author
1975,123,"Bachpflege der Jahre 1974 und 1975 in der Deutschen Demokratischen Republik: In:
            Johann Sebastian Bach: Lebendiges Erbe","Winfried Hoffmann",author
1975,124,"Johann Sebastian Bach in unserer Zeit: Gedanken zum Bachbild, zur Bachforschung und
            Bachpflege in der DDR","Winfried Hoffmann",author
1975,125,"Zwischen III. Volkskunstkonferenz und III. Internationalem Bachfest","Winfried Hoffmann",author
1975,126,"Leipziger Bachkonferenz des Kulturbundes","Winfried Hoffmann",author
1975,126,"Leipziger Bachkonferenz des Kulturbundes","Armin Schneiderheinze",author
1975,127,"Paul Fleming: Konrad Ameln zum 75. Geburtstag","Walter Hüttel",author
1975,128,"Gespräche mit Joachim Herz über Regiekunst und realistisches Musiktheater: In: Zur
            Regie im Musiktheater: zum Opernrepertoire","Hans-Jochen Irmer",author
1975,128,"Gespräche mit Joachim Herz über Regiekunst und realistisches Musiktheater: In: Zur
            Regie im Musiktheater: zum Opernrepertoire","Joachim Herz",author
1975,129,"Konzertpläne ohne konzeptionelle Überlegungen?: Vorhaben unserer Orchester in der
            Saison 1975/76","Walter Jäger",author
1975,130,"Johann Sebastian Bach: Lebendiges Erbe"," Johann-Sebastian-Bach-Komitee der DDR",editor
1975,131,"Unveröffentlichte Briefe Franz Liszts an Franz Dingelstedt","Hans John",author
1975,132,"Georg Philipp Telemann als Eisenacher Kapellmeister und seine weltlichen Festmusiken
            für den Eisenacher Hof: Ein Beitrag zur Biographie des Komponisten und zur Geschichte
            der Eisenacher Hofkapelle","Hans Rudolf Jung",author
1975,133,"Musikalische Normenbildung und ihre sozialen Grundlagen","Christian Kaden",author
1975,134,"Die Bedeutung Hermann Kretzschmars für die sozialistische Musikerziehung","Werner Kaden",author
1975,135,"Sein Herz schlägt in Millionen Herzen weiter: zum 100. Geburtstag Wilhelm
            Piecks","Werner Kaden",author
1975,136,"Gedanken zum 30. Jahrestag der Befreiung vom Hitlerfaschismus","Werner Kaden",author
1975,137,"Das Liedgut als Mittel der Erziehung zum sozialistischen Patriotismus und
            proletarischen Internationalismus","Werner Kaden",author
1975,138,"Zur Einführung präziser Lehrprogramme in der Ausbildung von Musikfachlehrern","Werner Kaden",author
1975,139,"Neue Werke unserer Komponisten: Volkmar Leimert: ""Pentagramm"" für Orchester","Werner Kaden",author
1975,140,"Wilhelm Weismann - Lieder und Chöre./ [Aus: ""Lieder und Balladen aus des Knaben
            Wunderhorn""; Aus: Sechs Lieder für e. hohe Stimme u. Klav.""; Vier Liebeslieder nach
            Dichtungen des 12. Jahrhunderts; Drei Madrigale nach Worten von Friedrich Hölderlin;
            Aus: Drei Madrigale für vier- bis sechsstimmig, gern. Chor], [Taschentext]","Manfred Kempfer",author
1975,141,"Untersuchungen zur Herausbildung musikalischer Leitbilder und zu ihrem Einfluß auf
            das Verhältnis zur Musik bei Schülern der Klassen 8-10","Erika Kießling",author
1975,142,"Probleme des Sinfonischen im DDR-Musikschaffen der letzten Jahre","Udo Klement",author
1975,143,"Neue Werke unserer Komponisten: Fred Lohse: Klavierquartett","Udo Klement",author
1975,144,"Hanns Eisler - Frühe Klavierwerke,/ [Fünf frühe Klavierstücke; Sonate f. Klavier op.
            1; Klavierstücke op. 3; Zweite Sonate f. Klavier op. 6; Klavierstücke op. 8].
            [Taschentext]","Eberhardt Klemm",author
1975,145,"Faktorenanalytische Typenbestimmung an Volksliedmelodien: 1. Aufl","Reiner Kluge",author
1975,146,"Was kann die Kybernetik der Musikwissenschaft helfen","Reiner Kluge",author
1975,147,"Zum Begriff ""Musikalische Gattung""","Reiner Kluge",author
1975,148,"Die Analyse: Karl Dietrich: Dramatische Szenen für drei Flöteninstrumente und großes
            Orchester (1974)","Eberhard Kneipel",author
1975,149,"Harry Goldschmidt zum 65. Geburtstag","Georg Knepler",author
1975,150,"Die Sinfonik Jan Raupps als Beitrag des sorbischen zeitgenössischen Musikschaffens
            zur sozialistischen Musikkultur der DDR: In: Letopis, Jahresschrift des Instituts für
            sorbische Volksforschung","Detlef Kobela",author
1975,151,"Gedanken über eine zeitgemäße Interpretation von Violinwerken aus der ersten Hälfte
            des 18. Jahrhunderts: In: Zu Fragen der Aufführungspraxis und Interpretation von
            Instrumentalmusik in der ersten Hälfte des 18. Jahrhunderts. [Konferenzbericht,
            1974]","Katinka Koch-Rebling",author
1975,152,"Vorwort und Revisions-Bericht","Hans-Joachim Köhler",editor
1975,153,"Beethoven, Ludwig van; Ludwig van Beethovens Konversationshefte./ Hrsg. im Auftr. d.
            Deutschen Staatsbibliothek Berlin von Karl-Heinz Köhler u. Grita Herre unter Mitw. von
            Heinz Schöny","Karl-Heinz Köhler",author
1975,153,"Beethoven, Ludwig van; Ludwig van Beethovens Konversationshefte./ Hrsg. im Auftr. d.
            Deutschen Staatsbibliothek Berlin von Karl-Heinz Köhler u. Grita Herre unter Mitw. von
            Heinz Schöny","Grita Herre",author
1975,154,"Vorwort: In: Griesinger, Georg August: Biographische Notizen über Joseph
            Haydn","Karl-Heinz Köhler",editor
1975,155,"Vorwort: In: Bach, Johann Sebastian: Matthäuspassion","Karl-Heinz Köhler",editor
1975,156,"Die Bach-Sammlung in der Deutschen Staatsbibliothek: Überlieferung und Bedeutung, -
            In: Bach-Studien","Karl-Heinz Köhler",author
1975,157,"Das dramatische Jugendwerk Felix Mendelssohn Bartholdys: Basis seiner Stil- und
            Persönlichkeitsentwicklung","Karl-Heinz Köhler",author
1975,158,"Heinrich Schütz in Venedig: die Bedeutung der musikalischen Renaissance für sein
            Werk","Siegfried Köhler",author
1975,159,"Der deutsche Bauernkrieg und die Musik: Zum 450. Gedenkjahr der frühbürgerlichen
            Revolution","Günther Kraft",author
1975,160,"Da Adam grub und Eva spann: ein Beitrag zur Musik der frühbürgerlichen
            Revolutionen","Günther Kraft",author
1975,161,"Richard Strauss: Gestalt und Werk, - 5., veränd. Aufl","Ernst Krause",author
1975,162,"Monat der Musik in Japan","Ernst Krause",author
1975,163,"Abschied von Jean Kurt Forest","Ernst Krause",author
1975,164,"Gratulation: Ernst H. Meyer 70","Ernst Krause",author
1975,165,"Musikperiodika, Zeitschriften, Jahrbücher, Almanache. Bestandsverzeichnis","Peter Krause",contributor
1975,166,"Heinrich Schütz' schöpferische Gestaltung der zyklischen Großform, dargestellt an
            seinen ""Musikalischen Exequien"" des Jahres 1636: In: Heinrich Schütz und seine
            Zeit","Heinz Krause-Graumnitz",author
1975,167,"Erlebnis Musik: Bausteine zum Musikverständnis","Irmgard Krauthoff",author
1975,168,"Die Eterna-Edition Heinrich Schütz im VEB Deutsche Schallplatten: In: Heinrich Schütz
            und seine Zeit","Erika Krökel",author
1975,169,"Das Opernschaffen Dmitri Schostakowitschs: Ein Beitrag zur Entwicklung des
            sozialistischen Musiktheaters: Untersuchungen zu Fragen von Geschichtsbild und
            Persönlichkeitsdarstellung, Gehalt und Struktur, Entstehungsprozeß und zeitgenössischer
            Wirkung der Opern ""Die Nase"" und ""Lady Macbeth des Mzensker Landkreises"" (Katerina
            Ismailowa)","Eckart Kröplin",author
1975,170,"Komponist der verlornen Illusionen: Meyerbeers ""Hugenotten"" in Leipzig","Eckart Kröplin",author
1975,171,"Breite Synthese: Entwicklungslinien des frühen sowjetischen Musiktheaters","Eckart Kröplin",author
1975,172,"""Dann wird die Erd' ein Himmelreich"", ""Die Zauberflöte"": zu Inszenierungen in Leipzig
            und Dresden","Eckart Kröplin",author
1975,173,"Litauische Klaviere: Bemerkungen zu meiner Oper für Schauspieler","Rainer Kunad",author
1975,174,"Eine Woche Roter Lieder in Berlin: Bemerkungen zum 5. Festival des politischen
            Liedes","Hans-Joachim Kynaß",author
1975,175,"Die Herausbildung der Arbeitermusikkultur in Deutschland als Grundlage für eine
            sozialistische Musikentwicklung vor 1945:","Inge Lammel",author
1975,176,"Das Arbeiterlied: 2., veränd. Aufl","Inge Lammel",author
1975,177,"Lied und Gesang im antifaschistischen Widerstandskampf: zur Methodik der Forschung im
            Arbeiterliedarchiv der Sektion Musik","Inge Lammel",author
1975,178,"Musikhören in Klasse 3 und Möglichkeiten einer Verbindung mit dem Singen","Christian Lange",author
1975,179,"Zur Verbindung des Singens und Musikhörens im Musikunterricht der Klasse 2","Christian Lange",author
1975,180,"Das Musikhören mit dem Liedgesang verbinden: Hinweise für Klasse 1","Christian Lange",author
1975,181,"Thema Heroismus: ""Die Dämmerung ist hier still"" in Rostock, ""Die optimistische
            Tragödie"" in Meiningen","Wolfgang Lange",author
1975,182,"Autoren im Gespräch: Gerhard Rosenfeld, Gerhard Hartmann","Wolfgang Lange",author
1975,183,"Schützsche Züge in der Musik der Gegenwart: In: Heinrich Schütz und seine
            Zeit","Karl Laux",author
1975,184,"Das Kunstwerk als Objekt der Kunstrezeption und Ausgangspunkt der Kunstwirkung: In:
            Lippold, Eberhard; Erhard John u. Michael Rammler: Kunst und sozialistische
            Bewußtseinsbildung","Eberhard Lippold",author
1975,185,"Der Thomanerchor in Leipzig: 1. Aufl","Horst List",author
1975,186,"Untersuchungen zur Intonation im Streichquartettspiel","Rudolf Lüdeke",author
1975,187,"Georg Philipp Telemanns Hamburger Kapitänsmusiken","Willi Maertens",author
1975,188,"Andre Asriel - Sechs Fabeln nach Äsop; Jürgen Wilbrandt - Die Nase wär' soweit noch
            gut (Text: Wilhelm Busch); Golch und Flubis (Text: Christian Morgenstern).
            [Taschentext]","Jürgen Mainka",author
1975,189,"Vierter Johann-Sebastian-Bach-Wettbewerb für Schüler und Jugendliche: In: Johann
            Sebastian Bach: Lebendiges Erbe","Rainer Malth",author
1975,190,"Neue Werke unserer Komponisten: Iwan Iwanow ""Heldenepos""","Rainer Malth",author
1975,191,"Musiktheater: Die Bartholomäusnacht auf der Opernbühne: Erstaufführung von Giacomo
            Meyerbeers ""Hugenotten"" in Leipzig","Liesel Markowski",author
1975,192,"Schönberg in der Diskussion: Kulturbundkonferenz über Werk und Persönlichkeit des
            spätbürgerlichen Komponisten","Liesel Markowski",author
1975,193,"Massenkommunikation und sozialistische Kunstprogrammatik: zur Medienkonzeption Hanns
            Eislers","Günter Mayer",author
1975,194,"Hanns Eisler - Kleine Sinfonie op. 29; Suite Nr. 2 op. 24 ""Niemandsland""; Suite Nr. 3
            op. 26 ""Kuhle Wampe""; Suite Nr. 4 op. 3o ""Die Jugend hat das Wort"".
            [Taschentext]","Günter Mayer",author
1975,195,"Hanns Eisler - Klingende Dokumente. 2. [Unterricht bei Schönberg, Die Tage der
            Kommune, Inhalt und Form, Schwejk im Zweiten Weltkrieg, Uber moderne Musik, Bei
            Prominenten zu Gast, Wer die Zukunft haben will, muß die Vergangenheit bewältigen,
            Ernste Gesänge für Bariton und Streichorchester]. [Taschentext]","Günter Mayer",author
1975,196,"Hanns Eisler - Fünf Orchesterstücke (1938): Thema mit Variationen (""Der lange
            Marsch""); Kammersinfonie; Scherzo mit Solovioline. [Taschentext]","Günter Mayer",author
1975,197,"Neue Werke unserer Komponisten: Günther Erdmann: LiederZyklus","Klaus Mehner",author
1975,198,"Musikalisch-technische Probleme des Geigenbaus","Hermann Meinel",author
1975,199,"Gedanken zu Heinrich Schütz' musikgeschichtlicher Rolle","Ernst Hermann Meyer",author
1975,200,"Musikerziehung in der D[eutschen] D[emokratischen] R[epublik]/ [Hrsg. vom Musikrat
            der DDR, Paul Michel u. Helmut Schulze. Red.: Vera Reiner u. Erich Brüll.] - [Berlin:
            Musikrat der DDR, 1974]","Paul Michel",editor
1975,200,"Musikerziehung in der D[eutschen] D[emokratischen] R[epublik]/ [Hrsg. vom Musikrat
            der DDR, Paul Michel u. Helmut Schulze. Red.: Vera Reiner u. Erich Brüll.] - [Berlin:
            Musikrat der DDR, 1974]","Helmut Schulze",editor
1975,201,"Results of psychological research into the instrumental-musical development of
            children and adults and conclusions for the training of future Professional musicians:
            In: International Music Education, the education of musicians and their public, papers
            and recommendations of the UNESCO-ISME Seminar, Tokyo 1974","Paul Michel",author
1975,202,"Viertes Internationales Musikpädagogisches Forschungsseminar der ISME in
            Neuseeland","Paul Michel",author
1975,203,"XI. Internationale Konferenz und Generalversammlung der ISME in
            Perth/Australien","Paul Michel",author
1975,204,"Musikerziehung in der DDR und in anderen sozialistischen Ländern Europas","Paul Michel",author
1975,205,"UNESCO/ISME: Seminar zu Fragen der musikalischen Berufsausbildung in Tokio","Paul Michel",author
1975,206,"Pädagogische Aspekte des Musiklebens in der DDR","Paul Michel",author
1975,207,"Zum 100. Geburtstag von Arnold Schönberg: öffentliche Sitzung der Sektion
            Musik","Christa Müller",author
1975,208,"""Schaffen und Suchen sind Synonyme"" (Dmitri Schostakowitsch): Leben und Werk des
            großen sowjetischen Komponisten","Gerhard Müller",author
1975,209,"Traditionslinien der sozialistischen Musikerziehung: Arbeitssektion III;
            Konferenzbericht","Günter Müller",author
1975,209,"Traditionslinien der sozialistischen Musikerziehung: Arbeitssektion III;
            Konferenzbericht","Hans Fehske",author
1975,210,"Von der Leidenschaft des Produzierens: musikalische Ehrungen zum 80. Geburtstag Paul
            Dessaus","Hans-Peter Müller",author
1975,211,"""Moses und Aron"" als weltanschauliches Gleichnis: DDR-Erstaufführung der Oper Arnold.
            Schönbergs in Dresden","Hans-Peter Müller",author
1975,212,"Bedeutende Sinfoniker unseres Jahrhunderts: zum Ableben des sowjetischen Komponisten
            Dmitri Schostakowitsch","Hans-Peter Müller",author
1975,213,"[Musiktheater: ] ""Der Schatten"": Oper von Fritz Geißler in Leipzig
            uraufgeführt","Hans Müller",author
1975,214,"Wissenschaftliche Konferenz zur Persönlichkeitsbildung junger sozialistischer
            Musiker","Diethelm Müller-Nilsson",author
1975,215,"Musikbühne 75: Probleme und Informationen","Horst Seeger",editor
1975,216,"Musikwissenschaftliche Literatur sozialistischer Länder: Deutsche Demokratische
            Republik 1945-1970","Christine Ruserr",contributor
1975,216,"Musikwissenschaftliche Literatur sozialistischer Länder: Deutsche Demokratische
            Republik 1945-1970","Rosemarie Mann",contributor
1975,217,"Zu Georg Katzers Ballettkomposition ""Schwarze Vögel""","Hermann Neef",author
1975,218,"Ich schreibe nicht für die Ewigkeit: Gespräch mit Luigi Nono. Au grand soleil d'amour
            chargé: Beobachtungen zum Werk","Sigrid Neef",author
1975,219,"Vorwort: In: Bach, Johann Sebastian: Sämtliche von Johann Sebastian Bach vertonte
            Texte.","Werner Neumann",editor
1975,220,"Berichte: Das Leipziger Bosehaus als Bach-Gedenkstätte","Werner Neumann",author
1975,221,"Überlegungen zu Anforderungen an den Klassengesang; Übersichten, methodische
            Erläuterungen u. Beispiele zur Entwicklung entsprechender Kenntnisse, Fähigkeiten u.
            Fertigkeiten","Anita Nicklich",author
1975,221,"Überlegungen zu Anforderungen an den Klassengesang; Übersichten, methodische
            Erläuterungen u. Beispiele zur Entwicklung entsprechender Kenntnisse, Fähigkeiten u.
            Fertigkeiten","Dora Gebauer",author
1975,222,"Ernst Hermann Meyer: 1. Aufl","Konrad Niemann",author
1975,223,"Ernst Hermann Meyer; eine biographische Studie","Konrad Niemann",author
1975,223,"Ernst Hermann Meyer; eine biographische Studie","Frank Schneider",author
1975,224,"Die Meininger Hof- und Landeskapelle in den Jahren 1880 bis 1945","Hans Nolte",author
1975,225,"Das Musikleben in Eisenach 1650-1750","Claus Oefner",author
1975,226,"Bericht: Max-Reger-Kolloquium in Meiningen","Herta Oesterheld",author
1975,227,"Bemerkungen zur werttheoretischen Konzeption der sozialistischen
            Musikerziehung","Günter Olias",author
1975,228,"Alleweil ein wenig lustig?: Probleme des Musical-Schaffens in der DDR","Hans-Gerald Otto",author
1975,229,"Edition Peters 1800 [bis] 1975./ [Erschienen anläßl. d. 175jährigen Bestehens d.
            Musikverl. Peters am 1. Dez. 1975, zsgest. u. hrsg. von Bernd Pachnicke, unter Mitarb.
            von ...] - [Leipzig: Edition Peters, 1975]","Bernd Pachnicke",editor
1975,230,"Studien zum Sozialstatus des Musikers im 17. und 18. Jahrhundert: In: Heinrich Schütz
            und seine Zeit","Richard Petzoldt",author
1975,231,"Johann Sebastian Bach heute: zum 225. Todestag des Komponisten","Hans Pischner",author
1975,232,"Bach in der Welt von heute: In: III. Internationales Bachfest der DDR, Leipzig 1975,
            [Festheft]","Hans Pischner",author
1975,233,"Das Leipziger Musikverlagswesen und seine Beziehungen zu einigen namhaften
            Komponisten: ein Beitrag zur Geschichte des Musikalienhandels im 19. und zu Beginn des
            20. Jahrhunderts","Hans-Martin Pleßke",author
1975,234,"Zur Entwicklung des Musikbibliothekswesens in der Deutschen Demokratischen
            Republik","Hans-Martin Pleßke",author
1975,235,"Festansprache: In: Heinrich Schütz und seine Zeit","Werner Rackwitz",author
1975,236,"Die Jugend- und Seminarjahre K. A. Kocors (Katzers): In: Letopis, Jahresschrift des
            Instituts für sorbische Volksforschung","Jan Raupp",author
1975,237,"""Měr a zaměr! ... ""","Jan Raupp",author
1975,238,"Zum 19, Mal: Berliner Festtage: ""Schwarze Vögel"", Ballett von Georg Katzer
            uraufgeführt","Eberhard Rebling",author
1975,239,"Hanns Eisler - Deutsche Sinfonie op. 50; Suite Nr. 5 op. 4 ""Dans les rues"" Suite Nr.
            6 op. 40 ""Le grand jeu"". [Taschentext]","Eberhard Rebling",author
1975,240,"Hanns Eisler - Lieder mit Gisela May. [Taschentext]","Eberhard Rebling",author
1975,241,"Zu einigen Fragen der Aufführungspraxis und Interpretation der Cembalo- bzw.
            Klaviermusik in der Mitte des 18. Jahrhunderts: In: Zu Fragen der Aufführungspraxis und
            Interpretation von Instrumentalmusik in der ersten Hälfte des 18. Jahrhunderts.
            [Konferenzbericht, 1974]","Friedrich Reichel",author
1975,242,"Zur Frage des Populären bei Mozart: ein Beitrag zur Mozartforschung","Horst Reichenbach",author
1975,243,"Phantastische Gestalten in der deutschen Oper von 1790 bis 1830","Vera Reising",author
1975,244,"25 Jahre Hochschule für Musik ""Hanns Eisler"" Berlin","Vera Reising",author
1975,245,"Zu einigen Gestaltungsaspekten programmatischer Orchesterwerke von Paul Dessau anhand
            seiner zweiten Orchestermusik ""Meer der Stürme"": In: Sammelbände zur Musikgeschichte der
            Deutschen Demokratischen Republik","Gerd Rienäcker",author
1975,246,"Neue Werke unserer Komponisten: Manfred Schubert: Kantate","Gerd Rienäcker",author
1975,247,"Bemerkungen zur Oper ""Einstein"" von Paul Dessau","Gerd Rienäcker",author
1975,248,"Gedanken zum Opernschaffen unserer Republik","Gerd Rienäcker",author
1975,249,"Neue Kammermusik: Zu e. Schallplatte mit Kompositionen von Hans Jürgen Wenzel,
            Friedrich Goldmann, Reiner Bredemeyer, Friedrich Schenker u. Siegfried Matthus","Gerd Rienäcker",author
1975,250,"Zur musikalischen Dramaturgie der Oper ""Sabellicus"" von Rainer Kunad: In: Musikbühne
            75","Walter Rösler",author
1975,251,"Der Fachberater hospitiert: STE 4/ Kl. 5, ""Das Rondo in der klassischen
            Instrumentalmusik ..."": Stundenverlauf und Kommentare","Horst Roscher",author
1975,252,"Mendelssohns Sommernachtstraum-Musik im Konzertsaal","Johanna Rudolph",author
1975,253,"Dialektische Einheit von klassischem und sozialistischem Realismus:
            Diskussionsbeitrag zum II. Musikkongreß der DDR","Johanna Rudolph",author
1975,254,"Sammelbände zur Musikgeschichte der Deutschen Demokratischen Republik","Heinz Alfred Brockhaus",editor
1975,254,"Sammelbände zur Musikgeschichte der Deutschen Demokratischen Republik","Konrad Niemann",editor
1975,255,"Konzertbuch: Orchestermusik./ Begr. von Karl Schönewolf, hrsg. von Hansjürgen
            Schaefer","Hansjürgen Schaefer",author
1975,256,"Konsequenz und Klarheit: Bemerkungen zum Schaffen Witold Lutostawskis","Hansjürgen Schaefer",author
1975,257,"Expression und Konstruktivität: zum 90. Geburtstag Alban Bergs","Hansjürgen Schaefer",author
1975,258,"Zum Tode Helmut Kochs","Hansjürgen Schaefer",author
1975,259,"Struktur und Klangspiel: Zum 100. Geburtstag Maurice Ravels","Hansjürgen Schaefer",author
1975,260,"Musiktheater: Rainer Kunads Oper ""Sabellicus"" an der Deutschen Staatsoper
            uraufgeführt","Hansjürgen Schaefer",author
1975,261,"Ein neues Kapitel: Zum 30. Jahrestag der Befreiung vom Faschismus","Hansjürgen Schaefer",author
1975,262,"Glückwunsch für E. H. Meyer zum 70. Geburtstag","Hansjürgen Schaefer",author
1975,263,"Freude am virtuosen Musizieren: Das Klarinettenkonzert von Manfred Schubert (NOVA 885
            075)","Hansjürgen Schaefer",author
1975,264,"Hans-Jürgen Wenzel - Streichquartett Nr. 3; Friedrich Goldmann - Sonate für
            Bläserquintett und Klavier; Reiner Bredemeyer - Cello 2; Friedrich Schenker - Monolog
            für Oboe; Siegfried Matthus - Vokalisen für Sopran, Flöte, Kontrabaß u. Schlagzeug.
            [Taschentext]","Hansjürgen Schaefer",author
1975,265,"Siegfried Matthus - Der letzte Schuß. [Opernquerschnitt; Taschentext]","Hansjürgen Schaefer",author
1975,266,"Die Entwicklung des Jugendliedes im Gebiet der D[eutschen] D[emokratischen]
            R[epublik] in der Zeit von 1945 bis 1954:","Klaus-Dieter Scharfenberg",author
1975,267,"20 Jahre Arbeiterliedarchiv bei der Akademie der Künste der DDR: Gespräch mit der
            Leiterin des Archivs, Inge Lammel","Hannelore Scharnbeck",author
1975,268,"Das Bachhaus in Eisenach: Zum 225. Todestag von Johann Sebastian Bach","Hannelore Scharnbeck",author
1975,269,"Hanns Eisler im Verhör","Jürgen Schebera",author
1975,270,"Allgemeine Musiklehre: 5., veränd. Aufl","Paul Schenk",author
1975,271,"Opernspielpläne in der DDR 1972-1975: In: Zur Regie im Musiktheater: zum
            Opernrepertoire","Klaus Schlegel",author
1975,272,"Untersuchung eines Dezennismus: Bemerkungen zum Opernrepertoire","Klaus Schlegel",author
1975,273,"Neue Werke unserer Komponisten: Fritz Geißler: ""Glocke von Buchenwald""","Gerhard Schmidt",author
1975,274,"Wilhelm Weismann zum 75. Geburtstag","Gottfried Schmiedel",author
1975,275,"Die Klavierkonzerte von Siegfried Matthus, Fritz Geißler und Rainer Kunad -
            Bemerkungen zu neuen Konzeptionen und Gestaltungsweisen im konzertanten Schaffen der
            DDR: In: Sammelbände zur Musikgeschichte der Deutschen Demokratischen Republik","Frank Schneider",author
1975,276,"Ernst Hermann Meyer: eine biographische Studie","Frank Schneider",author
1975,276,"Ernst Hermann Meyer: eine biographische Studie","Konrad Niemann",author
1975,277,"Neue Werke unserer Komponisten: Friedrich Goldmann: Essay I für Orchester","Frank Schneider",author
1975,278,"Die Analyse: ""Epitaph für Neruda"" von Friedrich Schenker","Frank Schneider",author
1975,279,"Leipzig: ein Zentrum der Aufklärung 1723 bis 1750","Armin Schneiderheinze",author
1975,280,"Zum Gedenken an Albert Schweitzer","Armin Schneiderheinze",author
1975,281,"Leipziger Bachkonferenz des Kulturbundes","Armin Schneiderheinze",author
1975,281,"Leipziger Bachkonferenz des Kulturbundes","Winfried Hoffmann",author
1975,282,"Der sozialistische Realismus in der Sinfonik Fritz Geißlers: In: Sammelbände zur
            Musikgeschichte der Deutschen Demokratischen Republik","Gerd Schönfelder",author
1975,283,"Die Analyse: Gedanken zur VIII. Sinfonie von Fritz Geißler","Gerd Schönfelder",author
1975,284,"Neue Werke unserer Komponisten: Udo Zimmermann: Ode","Gerd Schönfelder",author
1975,285,"Neue Entwicklungstendenzen in der Instrumentalmusik der DDR der 70er Jahre","Gerd Schönfelder",author
1975,286,"Autoren-Positionen: Die Opern Fritz Geißlers","Gerd Schönfelder",author
1975,287,"Johann Sebastian Bach, Gottfried Silbermann und die französische Orgelkunst: In:
            Bach-Studien","Winfried Schrammek",author
1975,288,"Musiktheater: Alban Bergs ""Lulu"" in der Komischen Oper Berlin
            DDR-erstaufgeführt","Manfred Schubert",author
1975,289,"Musikalische Bildungs- und Erziehungsarbeit in den Kinderorganisationen der KPD
            während der Zeit der Weimarer Republik","Lothar Schubert",author
1975,290,"Vorwort: In: Bach, Johann Sebastian: Brandenburgisches Konzert Nr. 5 D-Dur BWV
            1050./Faks. d. Originalstimmsatzes nach d. Autogr. d. Dt. Staatsbibliothek zu Berlin.","Hans-Joachim Schulze",editor
1975,291,"Johann Sebastian Bach und Georg Gottfried Wagner: neue Dokumente","Hans-Joachim Schulze",author
1975,292,"Wie entstand die Bachsammlung Mempell-Preller: In: Bach-Jahrbuch","Hans-Joachim Schulze",author
1975,293,"Musikerziehung in der D[eutschen] D[emokratischen] R[epublik] /[Hrsg. vom Musikrat
            der DDR, Paul Michel u. Helmut Schulze. Red.: Vera Reiner u. Erich Brüll.] - [Berlin:
            Musikrat der DDR, 1974]","Helmut Schulze",editor
1975,293,"Musikerziehung in der D[eutschen] D[emokratischen] R[epublik] /[Hrsg. vom Musikrat
            der DDR, Paul Michel u. Helmut Schulze. Red.: Vera Reiner u. Erich Brüll.] - [Berlin:
            Musikrat der DDR, 1974]","Paul Michel",editor
1975,294,"Theoretische und methodische Aspekte der Musiktherapie bei Kindern unter besonderer
            Berücksichtigung internationaler Entwicklungstendenzen./ Referat, gehalten auf d. 5.
            Arb.-Tagung d. Sektion Musiktherapie, Brandenburg/Havel vom 24.-25. 4. 1975: Ms.
            ungedr","Christoph Schwabe",author
1975,295,"Musiktherapie in der Neurosenbehandlung./ Vortrag auf d. Jahrestagung d.
            Med.-wiss.-Ges. Eichsfelder Ärzte, Heiligenstadt vom 13.-15. 11. 1975: Ms.
            ungedr","Christoph Schwabe",author
1975,296,"Reaktive Musiktherapie im psychotherapeutischen Gruppengespräch","Christoph Schwabe",author
1975,296,"Reaktive Musiktherapie im psychotherapeutischen Gruppengespräch","Michael Geyer",author
1975,297,"Musiktherapie, musikalische Heilpädagogik, Musikerziehung: Versuch einer Begriffs-
            und Standortbestimmung","Christoph Schwabe",author
1975,298,"Ernst Hermann Meyer - Konzertante Sinfonie für Klavier und Orchester (1961); Toccata
            Appas-sionata (1966). [Taschentext]","Eckart Schwinger",author
1975,299,"Partner der Bühne: Der Dresdner Staatskapelle gewidmet","Horst Seeger",author
1975,300,"Immer wieder: das Spezifische: 10 Gedanken zum Stand und zu nächsten Aufgaben unserer
            Opernarbeit","Horst Seeger",author
1975,301,"Was ist eine Gegenwartsoper","Horst Seeger",author
1975,302,"Für das Schuljahr 1975/76: Methodische Hinweise für die Klassen 11 und 12","Rüdiger Sell",author
1975,303,"Nicht nur registrieren: Zum zeitgenössischen heiteren Musiktheater in der
            Sowjetunion","Karl-Heinz Siebert",author
1975,304,"Beethoven; eine Monographie","Walther Siegmund-Schultze",author
1975,305,"Ziele und Aufgaben der sozialistischen Musikerziehung: mit einer Einführung in die
            Musikästhetik und die musikalische Analyse","Walther Siegmund-Schultze",author
1975,306,"Zu Fragen der Interpretation und Aufführungspraxis der Musik der frühen
            Aufklärungsepoche: In: Zu Fragen der Aufführungspraxis und Interpretation von
            Instrumentalmusik in der ersten Hälfte des 18. Jahrhunderts./ [Konferenzbericht,
            1974]","Walther Siegmund-Schultze",author
1975,307,"Johann Cilenšek - Konzertstück für Klavier und Orchester (1966) : In: Sammelbände zur
            Musikgeschichte der Deutschen Demokratischen Republik","Walther Siegmund-Schultze",author
1975,308,"Max Schneider zum hundertsten Geburtstag","Walther Siegmund-Schultze",author
1975,309,"Dmitri Schostakowitsch zum Gedenken","Walther Siegmund-Schultze",author
1975,310,"Das Spätschaffen von Heinrich Schütz: In: Heinrich Schütz und seine Zeit","Walther Siegmund-Schultze",author
1975,311,"... und gab der Musik den tiefen menschlichen Gehalt, der sie mit dem ganzen Volk
            verbindet: zum 225. Todestag von Johann Sebastian Bach","Walther Siegmund-Schultze",author
1975,312,"Neue Werke unserer Komponisten: Hans Jürgen Wenzel: Concerto","Walther Siegmund-Schultze",author
1975,313,"Neue Werke unserer Komponisten: Gerd. Domhardt: Melodramen für Chile","Walther Siegmund-Schultze",author
1975,314,"Musik und Menschlichkeit: Zum 100. Geburtstag Albert Schweitzers","Heinrich Spieler",author
1975,315,"Neue Werke unserer Komponisten: Ruth Zechlin: ""Stationen""","Heinrich Spieler",author
1975,316,"Günter Kochan - Die Asche von Birkenau (1965), Kantate für Alt-Solo u. Orch.,
            Text","Heinrich Spieler",author
1975,317,"Zum 5. Mal, Rote Lieder: 5. Festival des politischen Liedes","Winfried Stanislau",author
1975,318,"Die Musiksammelhandschriften des 16. und 17. Jahrhunderts in der Sächsischen
            Landesbibliothek zu Dresden./ Unter Verwendung v. Vorarb. Harald Kümmerlings, im Auftr.
            d. Sachs. Landesbibliothek beschrieben v. Wolfram Steude: 1. Aufl","Wolfram Steude",author
1975,319,"Untersuchungen zur Informationsspeicherung und -verarbeitung im Musikunterricht: ein
            Beitrag zur Rationalisierung der Lehrerbildung im Fach Musikerziehung","Martin Stiebritz",author
1975,320,"Der Kampf um die Glocken im deutschen Bauernkrieg: In: Der arm man 1525:
            volkskundliche Studien","Doris Stockmann",author
1975,321,"Der Kampf um die Glocken im deutschen Bauernkrieg: ein Beitrag zum
            öffentlich-rechtlichen Signalwesen des Spätmittelalters","Doris Stockmann",author
1975,322,"Trommeln und Pfeifen im deutschen Bauernkrieg: In: der arm man 1525: volkskundliche
            Studien","Erich Stockmann",author
1975,323,"Die deutschen Aufführungen von Opern Händels in der ersten Hälfte des 18.
            Jahrhunderts","Stephan Stompor",author
1975,324,"Texte zur Ästhetik, Dramaturgie und Aufführungspraxis der deutschen Oper im 18. und
            19. Jahrhundert","Stephan Stompor",author
1975,325,"Walter Felsenstein zum Gedenken","Stephan Stompor",author
1975,326,"Anmerkungen zur werkgerechten Interpretation Schützscher Musik: In: Heinrich Schütz
            und seine Zeit","Friedbert Streller",author
1975,327,"Johannes Paul Thilman - Kleine Sinfonie G-Dur op. 56; Peter Herrmann - Kleines
            Klavierkonzert für die Jugend; Ernst Hermann Meyer - Leinefelder Divertimento.
            [Taschentext]","Friedbert Streller",author
1975,328,"Siegfried Freitag ... spricht mit ... Rolf Gröschner, Johannes Hanisch, Klaus Kühler,
            Reinhard Nier","Siegfried Freitag",contributor
1975,328,"Siegfried Freitag ... spricht mit ... Rolf Gröschner, Johannes Hanisch, Klaus Kühler,
            Reinhard Nier","Rolf Gröschner",contributor
1975,328,"Siegfried Freitag ... spricht mit ... Rolf Gröschner, Johannes Hanisch, Klaus Kühler,
            Reinhard Nier","Johannes Hanisch",contributor
1975,328,"Siegfried Freitag ... spricht mit ... Rolf Gröschner, Johannes Hanisch, Klaus Kühler,
            Reinhard Nier","Klaus Kühler",contributor
1975,328,"Siegfried Freitag ... spricht mit ... Rolf Gröschner, Johannes Hanisch, Klaus Kühler,
            Reinhard Nier","Reinhard Nier",contributor
1975,329,"Pläne, Konzeptionen, Methoden: Gespräch mit Harry Kupfer","Klaus Thiel",author
1975,330,"Gebrochen, doch nicht gebeugt: Pendereckis ""Teufel von Loudun"" an der Berliner
            Staatsoper","Klaus Thiel",author
1975,331,"Ästhetische und historiographische Beiträge zur Geschichte und Theorie der Film- und
            dramatischen Fernsehmusik:","Wolfgang Thiel",author
1975,332,"Gibt es eine Drehorgel-Renaissance","Wolfgang Thiel",author
1975,333,"Die Filmmusik im Schaffen Ernst Hermann Meyers","Wolfgang Thiel",author
1975,334,"Eine unbekannte Passionshandschrift des 16. Jahrhunderts","Alfred Thiele",author
1975,335,"Der Unterrichtsraum Musik","Inge Thiele",author
1975,336,"Anregungen zum kind- und jugendgemäßen, erlebnishaften Singen im Unterricht: Hinweise
            für Klasse 2","Reinhard Tschache",author
1975,337,"Johannes Paul Thilman: Persönlichkeit und Werk","Dieter Uhrig",author
1975,338,"Neue Dokumente zu Leben und Werk Johann Adolf Hasses: In: Studien zur
            italienischdeutschen Musikgeschichte","Karl-Heinz Viertel",author
1975,339,"Aufführungspraxis contra Werktreue: In: Zur Regie im Musiktheater: zum
            Opernrepertoire","Karl-Heinz Viertel",author
1975,340,"Georges Bizet - ein bekannter Meister? Zum 100. Todestag des französischen
            Komponisten","Karl-Heinz Viertel",author
1975,341,"Bach und die Oper: Bemerkungen zu einem gemiedenen Thema","Karl-Heinz Viertel",author
1975,342,"Ein Tag im Trickfilmstudio; Zur praxisbezogenen Ausbildung der Leipziger
            Musikstudenten","Karl-Heinz Viertel",author
1975,343,"Der Walzerkönig von Wien: zum 150. Geburtstag von Johann Strauß (Sohn)","Karl-Heinz Viertel",author
1975,344,"Ein Meister der venezianischen Oper: Alessandro Scarlatti zum 250. Todestag","Karl-Heinz Viertel",author
1975,345,"Einstellung und Einstellungsbildung: pädagogische Aspekte für den Instrumental- und
            Gesangsunterricht","Hans Wasgindt",author
1975,346,"Instrumentalunterricht: eine Forderung an die Schüler, selbständig denkend zu
            arbeiten","Hans Wasgindt",author
1975,347,"Musiktheater: Oper ""Thomas Müntzer"" von Paul Kurzbach uraufgeführt","Gisela Weichert",author
1975,348,"Neue Werke unserer Komponisten: Paul Kurzbach: ""Poem""","Gisela Weichert",author
1975,349,"Arbeitstagung ""Arbeiterklasse und Musik""","Marlene Weller",author
1975,350,"Musiktheater: Zwei Gegenwartsopern von Kabalewski und Forest in Schwerin","Hans-Erich Wiencke",author
1975,351,"Neue Werke unserer Komponisten: Jan Paul Nagel: Sonate für Violine und
            Klavier","Hans-Erich Wiencke",author
1975,352,"Neue Werke unserer Komponisten: Dieter Nowka: Sinfonie Nr. 4","Hans-Erich Wiencke",author
1975,353,"Neue Werke unserer Komponisten: Wolfgang Hohensee: ""Metamorphosen""","Hans-Erich Wiencke",author
1975,354,"Zeitgenössische Musik und ihre Notation","Gerhard Wohlgemuth",author
1975,355,"Vorwort: In: Wagner, Richard; Richard Wagner sämtliche Briefe./ Hrsg. im Auftr. d.
            Richard-Wagner-Famillenarchivs Bayreuth von Gertrud Strobel u. Werner Wolf","Werner Wolf",editor
1975,355,"Vorwort: In: Wagner, Richard; Richard Wagner sämtliche Briefe./ Hrsg. im Auftr. d.
            Richard-Wagner-Famillenarchivs Bayreuth von Gertrud Strobel u. Werner Wolf","Gertrud Strobel",editor
1975,356,"Fred Malige 80","Werner Wolf",author
1975,357,"Werden Beethovens Sinfonien richtig interpretiert","Werner Wolf",author
1975,358,"Die Kammermusik Paul Hindemiths: In: Hindemith-Jahrbuch","Hellmuth Christian Wolff",author
1975,359,"Italien opera from later Monteverdi to Scarlatti: In: Opera and church music
            1630-1750","Hellmuth Christian Wolff",author
1975,360,"Italian opera 1700-1750","Hellmuth Christian Wolff",author
1975,361,"Church Music and oratorio in Italy and Central and Eastern Europe: Italien oratorio
            and passion","Hellmuth Christian Wolff",author
1975,362,"Johann Sebastian Bachs Werk in den Leipziger Musikverlagen: In: III. Internationales
            Bachfest der DDR, Leipzig 1975, [Festheft]","Frieder Zschoch",author
1975,363,"Zur Aufführungspraxis der Trompetenpartien in Werken Bachs, Händels und
            Telemanns","Frieder Zschoch",author
1975,364,"Zu Fragen der Aufführungspraxis und Interpretation von Instrumentalmusik in der
            ersten Hälfte des 18. Jahrhunderts","Günter Fleischhauer",contributor
1975,364,"Zu Fragen der Aufführungspraxis und Interpretation von Instrumentalmusik in der
            ersten Hälfte des 18. Jahrhunderts","Walther Siegmund-Schultze",contributor
1975,364,"Zu Fragen der Aufführungspraxis und Interpretation von Instrumentalmusik in der
            ersten Hälfte des 18. Jahrhunderts","Eitelfriedrich Thom",contributor
1975,365,"Zu gegenwärtigen Fragen von Operette und Musical: Werkentwicklung,
            Spielplangestaltung, Interpretation","Horst Heitzenröther",author
1975,365,"Zu gegenwärtigen Fragen von Operette und Musical: Werkentwicklung,
            Spielplangestaltung, Interpretation","Hans-Gerald Otto",author
1975,365,"Zu gegenwärtigen Fragen von Operette und Musical: Werkentwicklung,
            Spielplangestaltung, Interpretation","Kurt Damies",author
1975,365,"Zu gegenwärtigen Fragen von Operette und Musical: Werkentwicklung,
            Spielplangestaltung, Interpretation","Christian Kaden",author
1975,366,"Zur Regie im Musiktheater: zum Opernrepertoire: Werktreue, Interpretation,
            Spielplangestaltung"," Verband d. Theaterschaffenden d. DDR",editor
1975,366,"Zur Regie im Musiktheater: zum Opernrepertoire: Werktreue, Interpretation,
            Spielplangestaltung","Hans-Rainer John",contributor
1975,366,"Zur Regie im Musiktheater: zum Opernrepertoire: Werktreue, Interpretation,
            Spielplangestaltung","Alfred Eckelmann",contributor
1975,"F 1","Die Bühnenmusik Hanns Eislers zu Stücken von Bertolt Brecht","Ingeborg Allihn",author
1975,"F 2","Bachs motivisch-thematische Entwicklung im Verhältnis zur Klassik am Beispiel der
            Triosonaten","Jürgen Asmus",author
1975,"F 3","Das Finalproblem im Opernschaffen der DDR","Klaus C. Barnikol",author
1975,"F 3","Das Finalproblem im Opernschaffen der DDR","Hans-Jürgen Schneider",author
1975,"F 4","Die Bühnenwerke Georg Friedrich Händels: Quellenstudien und Thematisches
            Verzeichnis","Bernd Baselt",author
1975,"F 5","Thematisch-systematisches Verzeichnis der Werke Georg Friedrich Händels. [Bd. 2.]
            Oratorische Werke, vokale Kammermusik, Kirchenmusik. [Bd. 3.] Instrumentalmusik","Bernd Baselt",author
1975,"F 6","Traditionen der Bläser-Kammermusik und ihre Funktion im Gegenwartsschaffen der
            DDR","Joachim Beez",author
1975,"F 7","Händels Krönungs-Anthems","Lieselotte Bense",author
1975,"F 8","Struktur und Wirkung des Instrumentalkonzertes in der DDR 1945 bis 1969","Jürgen Beythien",author
1975,"F 9","Theoretische und praktische Aspekte bei der Konzeption und Produktion einer neuen
            Fassung des ""Musikalischen Opfers"" (BWV 1079) von J. S. Bach","Hermann Börner",author
1975,"F 10","Studien zur Persönlichkeit und zum Schaffen Clara Schumanns anhand unveröffentlichter
            Briefe aus den Jahren 1854-1896","Renate Bormann",author
1975,"F 11","Methodik der Musikerziehung","Hella Brock",author
1975,"F 11","Methodik der Musikerziehung","Karl Hoffmann",author
1975,"F 11","Methodik der Musikerziehung"," Kollektiv",author
1975,"F 12","Das Zusammenwirken der künstlerisch-ästhetischen Fächer bei der Erziehung
            sozialistischer Persönlichkeiten","Hella Brock",author
1975,"F 12","Das Zusammenwirken der künstlerisch-ästhetischen Fächer bei der Erziehung
            sozialistischer Persönlichkeiten"," Kollektiv",author
1975,"F 13","Untersuchungen über leistungshemmende und leistungsfördernde Faktoren im
            Ausbildungsprozeß der Musikschulen","Walter Brüning",author
1975,"F 14","Die Entwicklung der Violinkonzerte in der DDR","Albin Buchholz",author
1975,"F 15","Strömungen der BRD-Musik","Brigitte Burkhardt",author
1975,"F 16","Katalog der Musikhandschriften des 17. und 18. Jahrhunderts in der
            Universitätsbibliothek Rostock","Hans Jürgen Daebeler",author
1975,"F 16","Katalog der Musikhandschriften des 17. und 18. Jahrhunderts in der
            Universitätsbibliothek Rostock","Alfred Hingst",author
1975,"F 17","Orgel-Inventar des Denkmalbezirkes Erfurt","Ulrich Dähnert",author
1975,"F 18","Orgel-Inventar des Denkmalbezirkes Dresden: Forschungsauftrag, Institut für
            Denkmalpflege, Dresden","Ulrich Dähnert",author
1975,"F 19","Systematische Lenkung und Gestaltung des Unterrichtsprozesses an der Spezialschule
            für Musik in Dresden","Ulrich Deptuller",author
1975,"F 19","Systematische Lenkung und Gestaltung des Unterrichtsprozesses an der Spezialschule
            für Musik in Dresden","Juliane Erxleben",author
1975,"F 20","Studien über die Musikerfamilie Hertel in Mecklenburg, insbesondere über Johann
            Wilhelm Hertel","Reinhard Diekow",author
1975,"F 21","Gesellschaftliches Auftragswesen auf dem Gebiete der Musik in der DDR","Horst Domagalla",author
1975,"F 22","Zur politisch-ideologischen Bedeutung des gesellschaftlichen Auftragswesens im Bezirk
            Dresden","Günter Ebersbach",author
1975,"F 22","Zur politisch-ideologischen Bedeutung des gesellschaftlichen Auftragswesens im Bezirk
            Dresden","Rudolf Hamperl",author
1975,"F 23","Dokumentation zur Geschichte der deutschen Arbeitersängerbewegung","Traude Ebert-Obermeier",author
1975,"F 24","Beiträge zur Musikgeschichte der Stadt Dessau (ca. 1770-1900)","Günther Eisenhardt",author
1975,"F 25",Bach-Forschung,"Rudolf Eller",author
1975,"F 25",Bach-Forschung,"Karl Heller",author
1975,"F 26",Vivaldi-Forschung,"Rudolf Eller",author
1975,"F 26",Vivaldi-Forschung,"Karl Heller",author
1975,"F 27","Die Bedeutung der Qualitätserhöhung einer der sozialistischen Lebensweise eigenen
            Tanzmusik für die ideologisch-ästhetische Erziehung der Schuljugend.
            (Arbeitstitel)","Erhard Ender",author
1975,"F 28","Systematische Lenkung und Gestaltung des Unterrichtsprozesses an der Spezialschule
            für Musik in Dresden","Juliane Erxleben",author
1975,"F 28","Systematische Lenkung und Gestaltung des Unterrichtsprozesses an der Spezialschule
            für Musik in Dresden","Ulrich Deptuller",author
1975,"F 29","Studien zum Musikleben der Römer","Günter Fleischhauer",author
1975,"F 30","Untersuchungen zur Förderung der musikalischen Rezeptionsfähigkeit bei Schülern der
            3. Klassen durch Anwendung musikalisch-praktischer Schülertätigkeiten","Sonja Förster",author
1975,"F 31","Die Sonatenform im Schaffen Béla Bartóks","Johannes Forner",author
1975,"F 32","Klassifikationsprobleme der Musik unter spezifischer Berücksichtigung der Gattung
            ""Marsch""","Ulrich Frick",author
1975,"F 33","Das Cembalo in der Musik des 20. Jahrhunderts","Eberhard Geiler",author
1975,"F 34","Entwicklung der Vokalsinfonik in der DDR im Zeitraum von 1958-65","Charlotte Geilhufe",author
1975,"F 35","Georg Trexler - Leben und Werk","Johannes Gerdes",author
1975,"F 36","Untersuchungen zur Tanzmusik in der Deutschen Demokratischen Republik unter
            besonderer Berücksichtigung ihrer Entwicklungsmöglichkeiten im Gefüge der
            sozialistischen Kultur","Caroline Gerlach",author
1975,"F 37","Mendelssohns Beitrag zur Klaviermusik seiner Zeit","Andreas Göpfert",author
1975,"F 38","Dialektische Methoden der musikalischen Inhalts-Erforschung (Syntaktisch-semantische
            Struktur-Untersuchungen)","Harry Goldschmidt",author
1975,"F 39","Konzeptionelle Strukturuntersuchungen an einigen Werken Beethovens","Harry Goldschmidt",author
1975,"F 40","Richard Münnich, Leben und Werk: ein Beitrag zur Schulmusikerziehung in der 1. Hälfte
            des 20. Jahrhunderts","Helmut Großmann",author
1975,"F 41","Wandel des Wagner-Bildes (exemplifiziert am ""Ring des Nibelungen"")","Brita von Grüner",author
1975,"F 42","Das deutsche Lied des 19. Jahrhunderts und seine heutige Rezeption","Wulfhard von Grüner",author
1975,"F 43","Untersuchungen zur Entwicklung der Sinnebene musikalischer Verläufe in der Musik des
            13. bis 16. Jahrhunderts.","Hans Grüß",author
1975,"F 44","Traditionen, Stationen und Tendenzen der Filmmusikdramaturgie: aufgezeigt anhand von
            DEFA-Spielfilmen","Vera Grützner",author
1975,"F 45","Johann Philipp Krieger","Klaus-Jürgen Gundlach",author
1975,"F 46","Der Einfluß der Technik auf die Entwicklung der Tanz- und Unterhaltungsmusik","Ingolf Haedicke",author
1975,"F 47","Untersuchungen zur Funktion in Béla Bartóks Musik für Saiteninstrumente, Schlagzeug
            und Celesta","Günter Händel",author
1975,"F 48","Aktuelle Aspekte in der BRD Schulmusikdidaktik: nachgewiesen am Beispiel neuedierter
            Schulmusikbücher","Jochen Hahn",author
1975,"F 49","Zur politisch-ideologischen Bedeutung des gesellschaftlichen Auftragswesens im Bezirk
            Dresden","Rudolf Hamperl",author
1975,"F 49","Zur politisch-ideologischen Bedeutung des gesellschaftlichen Auftragswesens im Bezirk
            Dresden","Günter Ebersbach",author
1975,"F 50","Untersuchungen zum Problem des sozialistischen Realismus in der Instrumentalmusik im
            Zusamenhang mit Fragen der musikalischen Analyse: dargestellt an Beispielen
            sinfonisch-konzertanter Musik der D[eutschen] D[emokratischen] R[epublik]","Bianca Heilmann",author
1975,"F 51","Überlegungen zur Bedeutung der Musikgeschichte, zu ihrer Rolle und ihrem Anteil im
            Rahmen der musischen Erziehung, dargestellt am Lehrplanwerk der Klassen 5-10 für das
            Fach Musik","Erhard Heinzle",author
1975,"F 52",Bach-Forschung,"Karl Heller",author
1975,"F 52",Bach-Forschung,"Rudolf Eller",author
1975,"F 53",Vivaldi-Forschung,"Karl Heller",author
1975,"F 53",Vivaldi-Forschung,"Rudolf Eller",author
1975,"F 54","Beiträge zum historischen Cembalobau","Hubert Henkel",author
1975,"F 55","Der Beitrag von J. R. Bechers Lyrik zum sozialistisch-realistischen Vokalschaffen in
            der DDR, nachgewiesen am Genre des klavierbegleiteten Sololiedes (1945-1961/62)","Gudrun Hillemann",author
1975,"F 56","Katalog der Musikhandschriften des 17. und 18. Jahrhunderts in der
            Universitätsbibliothek Rostock","Alfred Hingst",author
1975,"F 56","Katalog der Musikhandschriften des 17. und 18. Jahrhunderts in der
            Universitätsbibliothek Rostock","Hans Jürgen Daebeler",author
1975,"F 57","Beiträge zur Musikgeschichte Magdeburgs im 19. Jahrhundert","Wolf Hobohm",author
1975,"F 58","Spezifika des Musikerlebnisses in ihrer Bedeutung für die Entwicklung sozialistischer
            Persönlichkeiten und die Festigung sozialistischer Kollektive: Methoden und Ergebnisse
            von Untersuchungen über die geleistete Musikrezeption und die Wirkung musikalischer
            Kunstwerke in einem sozialistischen Produktionskollektiv","Winfried Höntsch",author
1975,"F 59","Die Bedeutung der Violinetüde für die Entwicklung der technischen Fähigkeiten und
            Fertigkeiten im Violinspiel","Reinhard Hösel",author
1975,"F 60","Günter Raphael (1903-1960)","Dieter Hoßfeld",author
1975,"F 61","Musikgeschichte von Glauchau","Walter Hüttel",author
1975,"F 62","Musik im klassischen und nachklassischen Weimar: zur Entwicklung des Weimarer
            Musiklebens 1756-1920","Wolfram Huschke",author
1975,"F 63","Studien zur Entwicklung der Variation im 19. Jahrhundert und bis zur Mitte des 20.
            Jahrhunderts in der spätbürgerlichen Musik","Ursula Ismer",author
1975,"F 63","Studien zur Entwicklung der Variation im 19. Jahrhundert und bis zur Mitte des 20.
            Jahrhunderts in der spätbürgerlichen Musik","Hanna John",author
1975,"F 64","150 Jahre Chorwesen in Erfurt","Manfred Jäckel",author
1975,"F 65","Die Spezifik der Ballettmusik","Peter Jarchow",author
1975,"F 66","Studien zur Entwicklung der Variation im 19. Jahrhundert und bis zur Mitte des 20.
            Jahrhunderts in der spätbürgerlichen Musik","Hanna John",author
1975,"F 66","Studien zur Entwicklung der Variation im 19. Jahrhundert und bis zur Mitte des 20.
            Jahrhunderts in der spätbürgerlichen Musik","Ursula Ismer",author
1975,"F 67","Johann Cilenšek: Leben und sinfonisches Werk. (Arbeitstitel)","Bernd Junghanns",author
1975,"F 68","Das Wertproblem in der Musik: zur Theorie der ästhetischen Wertung","Werner Kaden",author
1975,"F 68","Das Wertproblem in der Musik: zur Theorie der ästhetischen Wertung"," Kollektiv",author
1975,"F 69","Untersuchungen zur Herausbildung musikalischer Leitbilder und zu ihrem Einfluß auf
            das Verhältnis zur Musik bei Schülern der Klassen 8-10","Erika Kießling",author
1975,"F 70","Die Bedeutung des Dramaturgischen in der Orchestermusik der DDR.
            (Arbeitstitel)","Udo Klement",author
1975,"F 71","Die Kategorie ""Zeit"" im Musikdenken der Gegenwart","Eberhard Kneipel",author
1975,"F 72","Untersuchungen zur Bachpflege als Anliegen der sozialistischen Musikerziehung","Anita Kober",author
1975,"F 73","Karl Dietrichs sinfonisches Schaffen als Ausdruck sozialistischen
            Lebensgefühls","Reinhard Kober",author
1975,"F 74","Musikpflege der Stadt Jena von 1750 bis zur Gegenwart","Rüdiger Kopczak",author
1975,"F 75","Die Bedeutung der Klavierimprovisation in der Musikerziehung der DDR. Ein Beitrag zur
            schöpferischen Gestaltung des Musikunterrichts und zur Entwicklung sozialistischer
            Erziehungspersönlichkeiten","Albrecht Krauß",author
1975,"F 76","Beiträge zu einer Operngeschichte der DDR in den fünfziger Jahren.
            (Arbeitstitel)","Sabine Kreuziger",author
1975,"F 77","Martin Opitz und Heinrich Schütz","Hans Krist",author
1975,"F 78","Der Musikfilm und seine Rezeptionsprobleme","Gerhard Kunsch",author
1975,"F 79","Möglichkeiten der Erziehung und Bildung Jugendlicher der Abiturstufe zur besseren
            ästhetischen Urteilsfähigkeit","Siegfried Landgraf",author
1975,"F 80","Der Anteil des Frauengesangs am chorischen Singen seit Ende des 18.
            Jahrhunderts","Christa Langer",author
1975,"F 81","Studien zum Schaffen Rostocker Musiker des 17. Jahrhunderts, insbesondere Daniel
            Fridericis","Rüdiger Laue",author
1975,"F 82","Untersuchungen über den ästhetischen Gehalt instrumentaler Musikwerke und seinen
            potentiellen Beitrag zur Formung sozialistischer Persönlichkeiten","Eberhard Lippold",author
1975,"F 83","Die Traditionslinien zu D. Schostakowitsch","Margitta Löwe",author
1975,"F 84","Zur Funktion der Bühnen- und Schauspielmusik der DDR unter besonderer
            Berücksichtigung der Kompositionen am Berliner Ensemble","Joachim Lucchesi",author
1975,"F 85","Die Entwicklung der Balginstrumente und ihre Stellung in der Gesellschaft von den
            Anfängen bis zum Ende des 2. Weltkrieges","Hans Luck",author
1975,"F 86","Untersuchungen zur Intonation im Streichquartettspiel","Rudolf Lüdeke",author
1975,"F 87","Georg Philipp Telemanns Hamburger Kapitänsmusiken","Willi Maertens",author
1975,"F 88","Werner Hübschmanh: ein Komponistenportrait","Peter Mai",author
1975,"F 89","Die Beziehungen zwischen französischer Operette und deutschem Singspiel
            1750-1780","Jürgen Mainka",author
1975,"F 90","Untersuchungen zu den Entwicklungstendenzen des Suitenschaffens in der DDR und seiner
            Funktion im Bereich der Musikerziehung. (Arbeitstitel)","Burkhard Meier",author
1975,"F 91","Die Tanzmusik als musikwissenschaftlicher Forschungsgegenstand in der DDR","Martin Meyer",author
1975,"F 92","Gebrauchsfunktion von Tanzmusik. (Arbeitstitel)","Thomas Meyer",author
1975,"F 93","Robert Schumanns Entwicklung in seinem Liedschaffen","Eberhard Möller",author
1975,"F 94","Max Reger - Künstler und Gesellschaft","Helmut Müller",author
1975,"F 95","Das Musikhören als Bestandteil des Musikunterrichts der allgemeinbildenden Schule in
            Geschichte und Gegenwart. Ein theoretisch-historischer Beitrag zur Niveaubestimmung des
            Musikhörens im Musikunterricht der allgemeinbildenden sozialistischen Schule","Walter Müller",author
1975,"F 96","Zu Hephaistions Enchiridion über Metren","Hans Nehrling",author
1975,"F 97","Die Haushaltsbücher Robert Schumanns.-Beginn","Gerd Neuhaus",author
1975,"F 98","Chorische Auftragswerke zu den Arbeiterfestspielen","Christel Neumann",author
1975,"F 99","Das gesellschaftliche Auftragswesen auf dem Gebiet der Musik, dargestellt am Beispiel
            des Bezirkes Halle: Untersuchungen zur Effektivität der Auftragswerke","Rainer Niephagen",author
1975,"F 100","Die Meininger Hof- und Landeskapelle in den Jahren 1880 bis 1945","Hans Nolte",author
1975,"F 101","Die Streichquartette Dmitri Schostakowitschs","Ekkehard Ochs",author
1975,"F 102","Das Musikleben in Eisenach 165o-1750","Claus Oefner",author
1975,"F 103","Die ästhetische Position Schönbergs und Hindemiths und ihr Einfluß auf die
            Musikentwicklung","Hans Ostarek",author
1975,"F 104",Carl-Philipp-Emanuel-Bach-Forschung,"Hans-Günter Ottenberg",author
1975,"F 105","Funktion und Formen des Tanzes zwischen 1800 und 1914: Studien zur Geschichte und
            Rezeption des Tanzes in Deutschland","Kurt Petermann",author
1975,"F 106","Das Leipziger Musikverlagswesen und seine Beziehungen zu einigen namhaften
            Komponisten: ein Beitrag zur Geschichte des Musikalienhandels im 19. und zu Beginn des
            20. Jahrhunderts","Hans-Martin Pleßke",author
1975,"F 107","Englische Vokalmusik: Rezeption in Deutschland im 18. und 19. Jahrhundert","Martin Poser",author
1975,"F 108","Probleme des Kinder- und Jugend-Musiktheaters in der DDR","Norbert Reglin",author
1975,"F 109","Zur Frage des Populären bei Mozart: ein Beitrag zur Mozartforschung","Horst Reichenbach",author
1975,"F 110","Klassische Ideen- und Gestaltungs-Traditionen in der DDR-Musik","Gerd Richter",author
1975,"F 111","Die Berliner Hofkapelle im 16. und 17. Jahrhundert. (Arbeitstitel)","Horst Richter",author
1975,"F 112","Untersuchungen an Klavierschulen von 1870 bis zur Gegenwart: Wie erziehen die
            Klavierschulen zum Verständnis und zur Darbietung zeitgenössischer Musik","Manfred Richter",author
1975,"F 113","Das kompositorische Schaffen von Herbert Collum","Johannes Roßner",author
1975,"F 114","Bach-Tradition und Bach-Pflege im 19. und 20. Jahrhundert","Helmuth Rudloff",author
1975,"F 115","Untersuchungen zu einem neuen Max-Reger-Bild unter dem Aspekt der Bedeutung des
            objektiven Gehalts der künstlerischen Subjektivität für die Erberezeption","Rüdiger Schaar",author
1975,"F 116","Die Entwicklung des Jugendliedes im Gebiet der D[eutschen] D[emokratischen]
            R[epublik] in der Zeit von 1945 bis 1954","Klaus-Dieter Scharfenberg",author
1975,"F 117","Der Komponist im Exil: zu den politischen, ästhetischen und kompositorischen
            Positionen Hanns Eislers in den USA von 1938 bis 1948. (Arbeitsthema).","Jürgen Schebera",author
1975,"F 118","Wesen und Entwicklung des europäischen Tonsystems","Peter Schmiedel",author
1975,"F 119","Hanns Eislers Liedschaffen nach Gedichten von Bertolt Brecht","Anneliese Schneider",author
1975,"F 120","Hans von Bülow - Pianist und Dirigent","Ernst Schneider",author
1975,"F 121","Das Streichquartett im kompositorischen Schaffen der Deutschen Demokratischen
            Republik","Frank Schneider",author
1975,"F 122","Introduktionsprobleme im Opernschaffen der DDR","Hans-Jürgen Schneider",author
1975,"F 123",,"Ingeborg Schneider-Lüdecke",author
1975,"F 124","Darstellung der Charaktere in L. Janáčeks Opern","Eva-Maria Schön",author
1975,"F 125","Untersuchungen über die Wirkung unterschiedlicher Musik auf das Verhalten von Kühen
            unter der Bedingung der technisierten Milchabgabe","Christoph Schwabe",author
1975,"F 126","Zur Qualitätsbewertung von Musikinstrumenten","Helmut Seidl",author
1975,"F 127","Probleme der Aneignung des musikalischen Erbes für die sozialistische Musikkultur
            (unter besonderer Berücksichtigung der Musik des 18. Jahrhunderts und ihrer
            Wirkungspotenzen)","Walther Siegmund-Schultze",author
1975,"F 128","Die Choralformen und -bearbeitungen im Leipziger Kantatenschaffen Bachs","Marion Söhnel",author
1975,"F 129","Zur Problematik der Singebewegung","Winfried Stanislau",author
1975,"F 130","Persönlichkeitsentwicklung junger Musiker","Günter Stephan",author
1975,"F 131","Untersuchungen zur Informationsspeicherung und -verarbeitung im Musikunterricht: Ein
            Beitrag zur Rationalisierung der Lehrerbildung im Fach Musikerziehung","Martin Stiebritz",author
1975,"F 132","Die deutschen Aufführungen von Opern Händels in der ersteh Hälfte des 18.
            Jahrhunderts","Stephan Stompor",author
1975,"F 133","Untersuchungen zur ideellen Programmatik in der Sinfonik von Dmitri
            Schostakowitsch","Evelin Süß",author
1975,"F 134","Die Widerspiegelung des Mendelssohnschen Schaffens im Werk von Johannes
            Brahms","Reinhard Szeskus",author
1975,"F 135","Ästhetische und historiographische Beiträge zur Geschichte und Theorie der Film- und
            dramatischen Fernsehmusik","Wolfgang Thiel",author
1975,"F 136","Johann Paul - und Adolph Carl Kuntzen: ein Beitrag zur Instrumentalmusik im 18.
            Jahrhundert. (Mit thematisch-bibliographischem Katalog)","Eitelfriedrich Thom",author
1975,"F 137","Untersuchungen zu Tendenzen der Musikästhetik in der BRD. (Arbeitstitel)","Manfred Vetter",author
1975,"F 138","Untersuchungen zur Affektgebundenheit der weltlichen und geistlichen Kantaten Johann
            Sebastian Bachs","Karl-Heinz Viertel",author
1975,"F 139","Untersuchungen über die Reproduktion und Rezeption tonikaler und modaler Lieder im
            dritten Schuljahr der zehnklassigen allgemeinbildenden polytechnischen
            Oberschule","Hans Vogel",author
1975,"F 140","Zeitgenössische Interpretation von Beethovens Sinfonien","Helmut Wald",author
1975,"F 141","Der Typ des Prokofjewschen Klavierkonzertes: seine Stellung und Bedeutung in der
            Gegenwartsmusik","Gerhard Wappler",author
1975,"F 142","Das musikalische Thema - seine tonsprachlichen Funktionen","Martin Wehnert",author
1975,"F 143","Musikalische Wirkungsanalyse mit Hilfe freier Assoziationen","Ingeborg Weigelt",author
1975,"F 144","Sprechmelodischer Ausdruck und musikalisches Gehör","Ursula Wendler",author
1975,"F 145","Händels Trauer-Anthem: Eine Studie mit kritischer Ausgabe der Partitur im Rahmen der
            Hallischen Händel-Ausgäbe","Edwin Werner",author
1975,"F 146","Zum Wandel des Beethovenbildes im Spiegel der Jubiläen 1870-1927","Hiltraut Werner",author
1975,"F 147","Soziale Funktionsmechanismen der Musik, insbesondere der Tanzmusik als
            kommunikationstheoretischer Beitrag zur Theorie und Methodik musikkultureller Analyse.
            (Arbeitstitel)","Peter Wicke",author
1975,"F 148","Weiterentwicklung musikalischer Bedürfnisse bei jungen Arbeitern durch
            zielorientierte Gestaltung musikalischer Bildungsprozesse. (Arbeitstitel)","Lutz Winkler",author
1975,"F 149","Richard Wagners geistige und künstlerische Entwicklung nach 1848","Werner Wolf",author
1975,"F 150","Zeitgenössische Variationswerke im Schulunterricht","Wolfgang Wunder",author
1975,"F 151","Die Entwicklung der Kammermusik in der DDR (am Beispiel thüringischer
            Komponisten)","Uta Ziegner",author
1975,"F 152","Die Geschichte des Gewandhausorchesters seit 1945 und die Probleme bei der
            Entwicklung zu einem führenden sozialistischen Musikinstitut der Deutschen
            Demokratischen Republik","Karl Zumpe",author
