Bericht,Eintrag,Titel,Ort
1966,1,"Die Anfänge des Streichinstrumentenspiels",Leipzig
1966,3,"Das byzantinische Musikinstrumentarium: in: 'Anfänge der slawischen Musik'",Bratislava
1966,4,"Actus musicus und Historie um 1700 in Deutschland",Leipzig
1966,5,"Bibliographie der Schriften Walther Siegmund-Schultzes",Halle
1966,6,"Carl Orff und das moderne Musiktheater",Halle
1966,7,"Telemann und seine komische Oper 'Der geduldige Sokrates'",Halle
1966,8,"Das Klavierwerk Thilmans",Berlin
1966,9,,Berlin
1966,10,"Zum musikalischen Hören in der Gegenwart",Berlin
1966,12,"Gedanken zur Musikgeschichtsschreibung Franz Brendels",Zwickau
1966,13,"Die bürgerliche Revolution von 1848/49 im Spiegel der 'Neuen Zeitschrift für
            Musik'",Zwickau
1966,15,"Idee und Gestalt barocker Opernkultur in Dresden",Dresden
1966,16,"Die Sonate in G-Dur, op. 78 von Johannes Brahms - ein Beitrag zum Verhältnis zwischen
            musikalischer Struktur und gedanklicher Konzeption bei Brahms",Berlin
1966,17,"Einige Bemerkungen zum Tonalitätsbegriff",Berlin
1966,18,"Prolegomena zur Verwendung des Begriffs Rezeption",Halle
1966,19,"Walther Siegmund-Schultze 50 Jahre",Berlin
1966,20,"Überlegungen zur Aufführungspraxis von Chorwerken in Schulchören",Berlin
1966,21,"Gedanken zur zyklischen Einheit der 'Winterreise' Schuberts",Zwickau
1966,22,"Stiefkind Chorsinfonik? Eine Betrachtung zur Chorsituation in Dresden",Berlin
1966,23,"Thesen zur Darstellung der Barockoper",Berlin
1966,25,"Der Beitrag des Studidienprogramms für Musikerziehung zur Entwicklung sozialistischer
            Musiklehrerpersönlichkeiten",Berlin
1966,27,"Eine Oper unserer Zeit im Musikunterricht. Zur Behandlung von Brecht/Dessaus 'Die
            Verurteilun des Lukullus' in der Oberschule",Berlin
1966,28,"Hermann Aberts Konzept der musikalischen Historiographie",Berlin
1966,29,"Fortschritt und Avantgardismus in der Musik",Leipzig
1966,30,"Musikgeschichte der Sowjetunion",Meißen
1966,31,"1. Streichquartett und 2. Suite für Septett von Hanns Eisler. Einführungsheft",Berlin
1966,32,"Zur Problematik der Musik Historiographie. Musikgeschichtsschreibung in Reclams
            Universal Bibliothek",Leipzig
1966,33,"Theoretische Probleme der musikalischen Analyse",Berlin
1966,34,"Tradition und Gegenwartsaufgaben des Musikhörens als ästhetisch-musikalische
            Bildungs- und Erziehungsaufgabe in der allgemeinbildenden polytechnischen
            Oberschule",Berlin
1966,35,"War der Schlager mer ein Schlager",Berlin
1966,39,"Zum Problem des Verhältnisses von Musik und Wirklichkeit in den musikästhetischen
            Anschauungen der Schumannzeit",Halle
1966,40,"Zum Begriff der Tonalität",Leipzig
1966,41,"Theoretische Probleme der musikal. Unterhaltung (I–III)",Berlin
1966,42,"Das Schülerarbeitschaft - ein Mittel zur Steigerung der musiktheoretischen Kenntnisse
            und Fertigkeiten",Berlin
1966,49,"Zur Situation der Musikausbildung in der DDR und in der Bundesrepublik",Berlin
1966,50,"Die Stellung der Musikwissenschaft an den Musikhochschulen in der DDR",Mainz
1966,51,"Die Durchführung der Zwölftonreihe in Eislers Lenin-Requiem",Halle
1966,52,"Entwicklung und Stand der Magdeburger Telemann-Pflege",Leipzig
1966,53,"'Telemann-Variationen' von Gerhard Wohlgemuth.",Halle
1966,55,"'Orlando', Oper von G. F. Händel",Halle
1966,57,"Triosonaten op. 5 von. G. F. Händel. Notenausgabe und Kritischer Bericht",Halle
1966,58,"Überblick über die Entwicklung der Arbeitersängerbewegung im Raum Halle, Weißenfels,
            Zeitz und Naumburg zwischen 1890 und 1933",Halle
1966,62,"Tradition und veränderte Struktur. Gestaltungsprinzipien im Klavierschaffen des
            jungen Prokofjew",Berlin
1966,63,"Ein Beitrag zur Begriffsbestimmung auf dem Gebiete der Rezeptionsforschung",Halle
1966,64,"Achtung und Anerkennung der schöpferischen Leistung. Das neue Urheberrechtsgesetz der
            DDR und seine Bestimmungen auf musikalischem Gebiet",Berlin
1966,66,"Aber die Einheit der vokalen und instrumentalen Sphäre in der klassischen
            Musik",Leipzig
1966,67,"Hermann Scherchen. Gedanken und Aufzeichnungen",Berlin
1966,68,"Künstlerisch-pädagogische Perspektiven des schulpraktischen Musizierens in der
            Ausbildung der Schulmusiker",Berlin
1966,69,"Gespräche mit Hanns Eisler",Berlin
1966,70,"Der Musiktheoretiker Schönberg - ein Vorläufer Hindemiths",Berlin
1966,73,"Antonio Vivaldi: Vier Sonaten für Violine und Basso-Continuo",Leipzig
1966,74,"Zu Weberns Quartett op. 22",Berlin
1966,75,"Thesen zur Darstellung der Barockoper",Berlin
1966,76,"Die Wandlungen des musikalischen Hörens als Maßgabe der Interpretation",Leipzig
1966,77,"Choräle der Lutherzeit. Einführungstext",Berlin
1966,79,"Wolfgang Hohensee - 'Konzertante Ouvertüre'; Siegfried Kurz - 'Sinfonie piccola' op.
            24; Fred Lohse - 'Divertimento für Streichorchester'; Johannes Paul Thilman: 'Partita
            piccola für Kammerorchester' op. 43. Einführungstext",Berlin
1966,81,"Rainer Kunads 'Sinofnie 64'",Berlin
1966,83,"Die Bedeutung Johann Georg Pisendels die deutsche Vivaldi-Rezeption",Leipzig
1966,84,"Die Musiktheorie auf temperierter Grundlage",Berlin
1966,85,"Beiträge zur Geschichte der Musikpflege in Leipzig zu Beginn des 19. Jh. und in der
            Gegenwart",Leipzig
1966,87,"Mozart modern. Bemerkungen zu Paul Dessaus 'Sinfonischer Adaptation' des
            Streichquartetts in Es-Dur von W.A. Mozart (KV 614)",Berlin
1966,88,"Antonin Dvořák. Leben und Werk",Leipzig
1966,89,"Wagner und das Musiktheater",Berlin
1966,90,"Zur Bedeutung der synästhetischen Wahrnehmung kosmischer Lichterscheinungen für die
            Klangauffassung der vedischen samans",Leipzig
1966,91,"Das Massenlied. Studien zu seiner Entwicklung und Bedeutung in der Deutschen
            Demokratisch Republik",Leipzig
1966,95,"Untersuchungen über die harmonische Hörfähigkeit des Kindes in den ersten drei
            Schuljahren",Berlin
1966,96,"War der Schlagers immer ein Schlager",Berlin
1966,97,"Wir Konjugieren jetzt Verben",Berlin
1966,98,"Überlegungen zu einer Theorie der Musikwissenschaft",Leipzig
1966,100,"Comment allez-vous, Madame Opérette",Berlin
1966,102,"Arnold Schönberg und das Liszt-Stipendium",Berlin
1966,103,"Aus der Geschichte der Arbeitersängerbewegung im Gau Chemnitz des Deutschen
            Arbeitersängerbundes: in: Sächs. Heimatblätter, Dresden, H. 4",Dresden
1966,104,"Aus der Geschichte der Kinderchöre des Deutschen Arbeitersängerbundes",Berlin
1966,105,"Christian Gottlob Neefe - ein Sohn der Stadt Chemnitz",Dresden
1966,106,"Die Bolle der Musik im Rahmen der ästhetischen Erziehung, ihr Beitrag zur Entwicklung
            sozialistischer Persönlichkeiten",Meißen
1966,107,"Unser Singen, muß ein Kämpfen sein! - in",Zwickau
1966,108,"Zur Stellung der Musik im menschlichen Leben",Zwickau
1966,109,"Register zu 'W. A. Mozart' von. H. Abert, 7. Aufl",Leipzig
1966,113,"Die Musik im Leben unserer Schüler",Berlin
1966,114,"Zur Methodik des musiktheoretischen Unterrichts",Berlin
1966,115,"Die Palette des A-cappella-Chorliedes",Leipzig
1966,116,"Problematik der Laienkompositionen und Wege zu ihrer Lösung",Leipzig
1966,117,"Dia Volksliedkunde in ihrer Bedeutung für die Musikerziehung",Halle
1966,119,"Über Reger und Szymanowski",Meiningen
1966,120,"Studien zur Theorie der musikalischen Permutationen",Leipzig
1966,121,"Zur Theorie der Reihenstruktur und Reihendisposition in Schönbergs 4.
            Streichquartett",Berlin
1966,122,"Zur Theorie einiger Reihen-Kombinationen",Stuttgart
1966,126,"Felix Mendelssohn-Bartholdy. Biographie. Leipzig",Reclam
1966,127,"F. Mendelssohn-Bartholdy 'Die beiden Pädagogen.'",Leipzig
1966,128,"Ein Pergamentblatt aus dem 14. Jahrhundert",Pritzwalk
1966,129,"Wilhelm Rintels 'Zauberflöte' (II. Teil). Ein klingendes Mozart-Denkmal der
            Brahms-Zeit",Salzburg
1966,130,"Situation und Perspektive der landeskundlichen Musikforschung",Halle
1966,131,"Chronik der Komischen Oper: in: Opernwelt",Velber
1966,132,"... ein Dorado für Uraufführungen",Dresden
1966,133,"Das Neue in der Musik",Prag
1966,134,"Die großen Opernbühnen Europas. Bildband",Berlin
1966,135,"Handschriften und ältere Drucke der Werke Georg Friedrich Händels in der
            Musikbibliothek der Stadt Leipzig: in: Veröffentl. der Stadt. Musikbibliothek",Leipzig
1966,136,"Ein Beitrag zur Begriffsbestimmung auf dem Gebiete der Rezeptionsforschung",Halle
1966,137,"Die Bildhaftigkeit der vokalen Intonation als eine Grundlage der Rezeption",Halle
1966,138,"Marschier zum Frieden... Betrachtungen zu neuen Liedern",Berlin
1966,139,"Zur ethischen Funktion des deutschen KZ-Liedes",Berlin
1966,140,"Songs für Vietnam",Berlin
1966,141,"Zur Funktion und zu den Aufgaben eines Schülerarbeitsheftes für den
            Musikunterricht",Berlin
1966,143,"Die Renaissance und die Oper",Berlin
1966,144,"Zur Problematik bei der Messung gesungener Töne",Halle
1966,145,"Bekenntnis zu Max Reger",Meiningen
1966,146,"Carl Maria von Weber. Biographie",Leipzig
1966,149,"Zur Genesis der russischen Romanze",Leipzig
1966,150,"Die Lichtschen Chöre. Ein Beitrag zur Geschichte der Deutschen Arbeitersängerbewegung
            in Leipzig",Leipzig
1966,151,"Das Monochord - nur einsaitiges Instrument oder System",Halle
1966,152,"Paul Hindemith, Avantgardista, vagy hagymanyos zeneszerzö",Budapest
1966,153,"Musikalische Klangaufnahme und musikalische Schriftzeichen. Zu Tradition und Notation
            in der Moderne",Leipzig
1966,154,"Die formale Entwicklung des Duetts in den Frühopern Giuseppe Verdis",Leipzig
1966,155,"Tonalität und Harmonik in d. französischen Chanson zwischen Machaut und Dufay",Stuttgart
1966,156,"Bemerkungen zum 2. Internationalen Seminar marxistischer Musikwissenschaftler",Berlin
1966,159,"Grundlagen für die Arbeit mit dem Mollgeschlecht im Musikunterricht",Berlin
1966,162,"Kritisches zum traditionellen Synkopenbegriff",Halle
1966,163,"Das Problem der Nebenquinte in der harmonisch-reinen Stimmung",Berlin
1966,165,"Johannes R. Becher und die Musik. Diskussionsbeitrag",Berlin
1966,169,"Gedanken zur richtigen Interpretation Vor-Händelscher Musik",Leipzig
1966,170,"Georg Knepler zum 60. Geburtsag",Berlin
1966,173,"Probleme der Beatmusik",Berlin
1966,176,"Zum Wesen der Klassik. Versuch einer Begriffsbestimmung",Halle
1966,177,"Aufgaben und Wege der Musikerziehung ih der DDR",Mainz
1966,178,"Zur Anwendung der 'Prinzipien' an den Hochschulen für Musik",Bielefeld
1966,179,"Die Bedeutung der ersten Lebensjahre für die musikalische Entwicklung",Prag
1966,180,"Zum Begriff der musikalischen Intelligenz",Halle
1966,181,"Nekteré výsledky hudebne psychologického bádáni v NDR. (Ergebnisse
            musikpsychologischer Forschungen in der DDR.) - in",Prag
1966,182,"O hudebnich schopnostech a dovednostech",Prag
1966,183,"Zum Problem des inneren musikalischen Hörens und seiner Entwicklung",Berlin
1966,184,"Max Regers Lehrerpersönlichkeit",Berlin
1966,185,"Max Regers musikpädagogische Auffassungen",Berlin
1966,186,"Max Reger und Greiz",Greiz
1966,187,"Die Musik im Leben unserer Schüler",Berlin
1966,188,"Die deutsche 'Singekunst' im 17. Jh.",Zwickau
1966,189,"Neue Untersuchungen zur Biographie von Abraham Schadaeus",Berlin
1966,190,"Gedanken zur weiteren Verbesserung des Musikunterrichts",Berlin
1966,191,"'Die Asche von Birkenau.' Zu Günter Kochans neuer Solokantate",Berlin
1966,192,"Wie Karl Liebknecht Musik hörte",Berlin
1966,193,"Das Lied, der Lieder. Zu Rudolf Wagner-Régenys neuer Kantate",Berlin
1966,194,"Über Ausmaß und Wesen des Bachschen. Parodieverfahrens",Berlin
1966,196,"Zur Frage instrumentaler Gestaltungsprinzipien im Vokalwerk Joh. Seb. Bachs",Leipzig
1966,198,"Über Aufgaben und einige Problemstellungen der musiksoziologischen Forschung in der
            DDR",Prag
1966,199,"Mehrdimensionale Musikurteile in der soziologischen Forschung",Leipzig
1966,200,"Über das Musikgespräch",Berlin
1966,201,"Schuberts Lazarus-Fragment und seine Beziehung zur Textdichtung",Leipzig
1966,202,"Hanns Eisler. Lieder und Kantaten Band 10",Leipzig
1966,203,"Hanns Eisler, Lieder und Kantaten Band 11",Leipzig
1966,204,"Hanns Eisler, Lieder und Kantaten Band 12",Leipzig
1966,205,"Hanns Eisler, Quellennachweise",Leipzig
1966,206,"Das Leben Verstehen und gestalten",Berlin
1966,207,"Das Bach- und Beethoven-Bild im literarischen und musikkritischen Schrifttum Vladimir
            Fedorovic Odoevskijs",Leipzig
1966,212,"Briefe zur Oper",Berlin
1966,213,"Festival mit guten Namen. Zu den 15. Händel-Festspielen in Halle",Berlin
1966,214,"Gespräche zur Oper. Über Referate und Diskussionen",Berlin
1966,215,"Die Musikstadt Leipzig. Arbeitsberichte",Leipzig
1966,216,"Die Harmonik der modernen Tanz und Jazzmusik",Berlin
1966,217,"Kritische Aspekte des Staatsoperngedankens",Berlin
1966,218,"Die Bedeutung der Musik im Kinderhörspiel für die Musikerziehung",Halle
1966,219,"Sorbische Musik",Bautzen
1966,220,"Ballett von A - Z",Berlin
1966,221,"Wsjo o baljete",Moskau
1966,222,"Eg brennt, Brüder, es brennt",Berlin
1966,223,"Ein gelungenes Experiment. Das Poem für zwei Klaviere und. Orchester von Wolfgang
            Hohensee in",Berlin
1966,224,"Louis Fürnberg 'Lieder, Songs, Kantaten.' - Leipzig",Leipzig
1966,225,"Threnodiae sacrae. Katalog der gedruckten Kompositionen des 16. bis 18. Jahrhunderts
            in Leichenpredigtsammlungen innerhalb der Deutschen Demokratischen Republik",Dresden
1966,226,"Tanzstücke des Berliner Biedermeier. Folklore an der Wende zur
            Kommerzialisierung",Leipzig
1966,227,"Zwischen Volkslied und Schlager, Notizen zur Geschichte des Berliner
            Gassenhauers",Berlin
1966,228,"Johann Sebastian Bach",Eisenach
1966,229,"Oper im Funk",Berlin
1966,230,"Ein Streifzug durch das deutsche Kabarett",Berlin
1966,231,"Fünf unveröffentlichte Briefe Max Regers und seine Leipziger Zeit",Berlin
1966,233,"Neue Dokumente zur Schumann-Forschung aus dem Leipziger Stadtarchiv",Leipzig
1966,234,"Johann Heinrich und Andreas Eichentopf, zwei bedeutende Musikinstrumentenmacher der
            Bachzeit in",Berlin
1966,235,"Händels Rolle als Aufklärer",Berlin
1966,236,"Zur Wirkungsgeschichte des 'Judas Maccabaeus'",Halle
1966,239,"Händel-Bibliographie. 2. Aufl",Halle
1966,240,"Katalog zu den Sammlungen des Händel-Hauses in Halle. 5. Teil:
            Musikinstrumentensammlung",Halle
1966,241,"Moderne Kunst - sozialistische Kunst. Gedanken nach der 11. Tagung des ZK der
            SED",Berlin
1966,242,"Heue Themen - neue Fragestellungen. Bemerkungen zum Internationalen
            Musikwissenschaftlichen Kongreß in Leipzig",Berlin
1966,247,"Karg-Elerts polaristische Harmonielehre: in: Beiträge zur Musiktheorie des 19.
            Jahrhunderts",Regensburg
1966,248,"Polarismus in der Melodik, demonstriert an den Kirchentönen",Berlin
1966,251,"Tonalität im Hörerlebnis",Leipzig
1966,252,"Die Begriffe Melodie, Harmonie und Rhythmus und ihre Beziehung zum menschlichen
            Erleben so wie zur akustischen Schwingung",Leipzig
1966,255,"Beiträge zur Bach-Quellenforschung",Leipzig
1966,256,"Briefe zur Oper",Berlin
1966,257,"Violinpädagogik im Wechsel der Zeiten",Berlin
1966,258,"Zum Begriff der Klassik",Leipzig
1966,260,"Rechenschaftsbericht der Georg-Friedrich-Händel-Gesellschaft",Halle
1966,266,"Zwei Diskussionsbeiträge",Moskau
1966,273,"Probleme des historischen Musikverständnisses",Leipzig
1966,274,"Ernst H. Meyer und Dmitri Schostakowitsch",Halle
1966,275,"Probleme der Händel-Forschung",Berlin
1966,276,"Kolloquium über Vuk Karadzic",Halle
1966,277,"Probleme der Musikästhetik in der DDR",Halle
1966,278,"Musikerziehung und Musikästhetik",Berlin
1966,280,"15. Händelfestspieie Halle (Saale) 1966. Halle 1966.",Halle
1966,281,"Händels Opern",Moskau
1966,282,"G. F. Händels 'Concerti grossi.' Einführungstext",Berlin
1966,283,"Rudolf Steglich zum 80. Geburtstag",Halle
1966,284,"Jonannes Brahms. Eine Biographie",Leipzig
1966,285,"Meister des Streichquartetts. Eine stilkritische Betrachtung",Berlin
1966,287,"Die Einheit von Kultur und Unterhaltung in der sozialistischen Kunst und ihre
            historisch-gesellschaftlichen Grundlagen. Einführung in die Ästhetik.
            Lehrmaterial",Leipzig
1966,288,"Kitsch und Schund als Resultat des spätbürgerlichen Gegensatzes zwischen Kultur und
            Unterhaltung. Einführung in die Ästhetik. Lehrmaterial",Leipzig
1966,290,"Unterhaltung im System der sozialistischen Freizeitgestaltung",Berlin
1966,292,"Das Subharchord - Mittel zur Gewinnung einer neuen Klangkunst",Berlin
1966,295,"Journal of the International Folk Music Council",London
1966,295,"Journal of the International Folk Music Council",Cambridge
1966,296,"Totenklagen der südalbanischen Camen",Zagreb
1966,297,"A Select Bibliography of European Folk Music",Prag
1966,300,"Musikalische Sprachmittel in Werken der zeitgenössischen Musik (Bartók,
            Chatschaturjan)",Leipzig
1966,301,"Die Finkensteiner Bewegung",Leipzig
1966,302,"Die Bedeutung Ludwig van Beethovens für Fryderyk Chopin",Halle
1966,303,"Bachprobleme und Bachpflege in der Arbeitersängerbewegung",Berlin
1966,304,"Beethovens 'Missa solemnis.' Einführungstext",Berlin
1966,305,"J. N. Forkel 'Über J. S. Bachs Leben, Kunst und Kunstwerke.' Neuausgabe",Berlin
1966,306,"Untersuchungen zu den in der deutschen musikalischen. Fachliteratur von 1918 bis 1964
            enthaltenen Methoden der musikalischen Werkanalyse",Greifswald
1966,307,"Das Arbeiterlied",Stendal
1966,308,"Bibliographie Fritz Reuter",Berlin
1966,309,"Ist komponieren lehrbar",Leipzig
1966,310,"Zum Terminus 'Thema' in der Musik- und Sprachforschung der Gegenwart",Leipzig
1966,311,"Zum Verhalten der Sprechstimme im Melodram",Berlin
1966,313,"Über Fragen der Gestaltung deutscher Kunstlieder. Ein Beitrag zum Musikunterricht in
            der allgemeinbildenden polytechnischen Oberschule der Deutschen Demokratischen
            Republik",Berlin
1966,314,"Jeder kann singen. Eine Gesangslehre für alle",Leipzig
1966,315,"Psychologische Untersuchungen zur Erlangung der Singefähigkeit",Berlin
1966,317,"Fritz Geißlers II. Sinfonie",Berlin
1966,318,"Janáčeks festliche Messe und der religiöse Stilwandel der Neuzeit",Brno
1966,319,"Der Manierismus in der barocken und romantischen Oper",Kassel
1966,320,"Albert Schweitzer und sein Leipziger Musikverlag",Berlin
1966,321,"Professor Dr. habil. Hella Brock",Berlin
1966,"F 1","Methoden der Melodie-Analyse und soziologische Untersuchungen bei der Rezeption von
            Tanz-Unterhaltungsmusik",Halle
1966,"F 2","Musikalische Landschaftsforschung. Inventarisierung II",Halle
1966,"F 3",Volksliedarchiv,Halle
1966,"F 4",Knabenchorentwicklung,Halle
1966,"F 5","Effektivität von Unterrichtstonbändern",Halle
1966,"F 6","Untersuchungen über die musikalische Entwicklung von Unterstufenkindern",Rostock
1966,"F 7","Akkustische Untersuchungen der Vibration bei Gesangsstimmen und ihre Bedeutung für
            den Informationswert beim Musikhören",Halle
1966,"F 8",Vivaldi-Forschung,Rostock
1966,"F 9",Bach-Forschung,Rostock
1966,"F 10","Mecklenburgische Landes- und. Vokalmusikgeschichtsforschung. Forschungsarbeit am
            Inst. f. Musikwiss. Rostock, 1966 ff.",Rostock
1966,"F 11","Steigerung der Schülerleistung im Teilgebiet 'Musiklehre' des
            Musikunterrichts",Zwickau
1966,"F 11","Steigerung der Schülerleistung im Teilgebiet 'Musiklehre' des
            Musikunterrichts",Leipzig
1966,"F 12","Untersuchungen am Liedgut der in der DDR verwendeten Schulliederbücher betreffs
            seiner Eignung zur Vorbereitung der Rezeption zeitgenössischer Vokalwerke",Greifswald
1966,"F 13","Rezeptionskundliche Untersuchungen der Sinfonik bei Schostakowitsch",Halle
1966,"F 14","Audio-visuelle Hilfsmittel des Musikunterrichts. Teilgebiet: Auditive
            Hilfsmittel",Leipzig
1966,"F 15","Musiklehrbuch für die Klassen 5 und 6 der zehnklassigen allgemeinbildenden
            Polytechnischen Oberschule",Weimar
1966,"F 16","Die Darstellung von leben und Werk zeitgenössischer Komponisten in Lichtbildreihen am
            Beispiel einiger Komponisten der Deutschen Demokratischen Republik",Leipzig
1966,"F 17","Untersuchungen über die Wirkung der Musik auf die Persönlichlkeitsentwicklung des
            musikalischen Entwicklungsverlaufs",Zwickau
1966,"F 18","Faktorenanalytische Typenbestimmung an einstimmigen Volksliedern (Versuch einer
            typologischen Systematisierung altmärkischer Volkslieder - Sammlungen Stockmann,
            Parisius u.a",Berlin
1966,"F 19","Bela Bartóks pädagogisches Klavierewrk 'Mikrokosmos' als Weg zum Hören neuer
            Musik",Leipzig
1966,"F 20","Die italienische Gesellschaftsmusik des 16. Jahrhunderts unter dem Aspekt der
            Rezeption",Halle
1966,"F 21",Instrumentenintonation,Halle
1966,"F 22","Untersuchungen über die Wirkung der Musik auf die Persönlichkeitsentwicklung d
            musikalischen Entwicklungsverlaufs",Zwickau
1966,"F 23","Soziologische und experimentelle Methoden zur Untersuchung des Musikniveaus. Ein
            Beitrag zur Soziologie des musikalischen Hörens",Berlin
1966,"F 24","Untersuchungen zur musikalischen Leistungsfähigkeit cerebralgeschädigter
            Kinder",Erfurt
1966,"F 25","Neue Klaviermusik als Wegbereiter der Werkbetrachtung in der erweiterten
            Oberschule",Halle
1966,"F 26","Die Entwicklung des Deutschen Sängerbundes 1862-1918",Jena
1966,"F 27","Strukturen des musikalischen Kunstwerkes aus dem Hörerlebnis und Höranalysen von
            Kunstwerken nach Sinn und Form",Jena
1966,"F 28","Der Einfluß der deutschen Klassik und der klassischen Philosophie auf die
            Musikerziehung in der ersten Hälfte des 19. Jahrhunderts",Weimar
1966,"F 29","Die öffentliche Musikpflege der Stadt Tauchs seit 1622 unter besonderer
            Berücksichtigung der Entwicklung des Arbeitermusikwesens",Leipzig
1966,"F 30","Der Einfluß der instrumentalen Improvisation auf den künstlerischen Entwicklungsgang
            des Komponisten und sein Schaffen",Leipzig
1966,"F 31","Untersuchungen von Interessen und Neigungen für die Förderung und Entwicklung von
            außerunterrichtlichen Arbeitsgemeinschaften",Berlin
1966,"F 32",Händel-Forschung,Halle
1966,"F 33","Helmut Bräutigam. Bin Komponist und Musikerzieher in der ersten Hälfte des 20.
            Jh.",Leipzig
1966,"F 34","Anteil und Funktion vokaler und instrumentaler Stücke aus dem klassischen Erbe in den
            deutschen Musikschulwerken von 1918-1965",Greifswald
1966,"F 35","Das Leipziger Konzertwesen u. die Entwicklung des Orchesters außerhalb des
            Gewandhausorchesters in der zweiten Hälfte des 19. Jahrhunderts",Leipzig
1967,1,"Das neue Werk im Musikunterricht: Paul Dessaus Bach-Variationen für großes Orchester
            (1963)",Berlin
1967,2,"Günter Kochan - Klavierkonzert op. 16 (1957/58)",Berlin
1967,5,"Der geduldige Socrates. Komische Oper in drei Akten von G. Ph. Telemann.
            Klavierauszug. Übersetzung aus dem Italienischen, dt. Textfassung und Bühneneinrichtung
            von B. Baselt",Leipzig
1967,6,"Quellen und Überlieferung der Oper 'Dämon' von G. Ph. Telemann",Magdeburg
1967,7,"G. Ph. Telemann und die protestantische Kirchenmusik",Kassel
1967,8,"Soermus - Geiger der Revolution",Berlin
1967,10,"Idee und Gestalt barocker Opernkultur in Dresden",Berlin
1967,11,"Platten Nr. 7-11 aus der Reihe Bachs Orgelwerke auf 'Silbermann-Orgeln'.
            Schallplatteneinführungen",Berlin
1967,14,"Zu einigen Aspekten des Musikhörens auf der Grundlage von Erkenntnissen der
            marxistischen Ästhetik und Musikästhetik",Berlin
1967,15,"Kritische Bemerkungen zur Beurteilung neuer Chormusik",Leipzig
1967,16,"Zur Entwicklung musikalischer Fähigkeiten",Halle
1967,17,"Der Lehrweg in den Klassen 8-10",Halle
1967,18,"Kind und Musik",Leipzig
1967,19,"Sputnik, Sputnik, reise",Leipzig
1967,20,Gehörbildung,Berlin
1967,23,"Bach in Eisenach",Jena
1967,24,"Die Rolle des Hans Sachs",Leipzig
1967,25,"""Früh übt sich..."". Gedanken zum Instrumentalunterricht im Vorschulalter",Berlin
1967,26,"Gershwins Oper ""Porgy and Bess"" in der Musikerziehung. Zur Eignung des Werkes für die
            Schulmusikerziehung",Berlin
1967,27,"Ludwig van Beethoven: 33 Veränderungen über einen Walzer von Anton Diabelli, C-Dur,
            op. 120. Schallplatteneinführung",Berlin
1967,29,"Zu einigen Fragen der Weiterentwicklung der Fachlehrerausbildung in der Deutschen
            Demokratischen Republik",Berlin
1967,30,"Georg Kneplers Konzeption der musikalischen Historiographie",Berlin
1967,31,"Probleme der musikalischen Analyse",Berlin
1967,32,"Hundert Jähre Reclams Universal-Bibliothek. Bemerkungen zur Musikgeschichtsschreibung
            in Reclams Universal-Bibliothek unter besonderer Berücksichtigung der
            populärwissenschaftlichen Musiker-Biographie",Berlin
1967,33,"Zur Problematik der Musikhistoriographie. Musikgeschichte in Reclams
            Universal-Bibliothek 1867-1967",Leipzig
1967,34,"Ottmar Gerster 70 Jahre",Berlin
1967,35,"Tradition und Gegenwartsaufgaben des Musikhörens als ästhetisch-musikalische
            Bildungs- und Erziehungsaufgabe in der allgemeinbildenden polytechnischen
            Oberschule.",Berlin
1967,36,"Opernbuch. 10. Auflage",Berlin
1967,37,"Zum Gedenken an Paul Losse",Leipzig
1967,38,"Nachweis der internationalen Standort von Notenautographen Robert Schumanns",Leipzig
1967,39,"Georg Gottfried Wagner",Kassel
1967,40,"Johann Friedrich Christian Werneburg",Kassel
1967,41,"Johann Gottlob Werner",Kassel
1967,42,"Wanningus, Johann",Kassel
1967,43,"J. S. Bach - Konzert für 2 Cembali, BWV 1060-1062. J. S. Bach - Konzert für 3
            Cembali, BWV 1063 und 1064. Schallplatteneinführung",Berlin
1967,44,"A. Vivaldi - Concerto con quattro Violini obligati, op. 3, No. 4",London
1967,44,"A. Vivaldi - Concerto con quattro Violini obligati, op. 3, No. 4",Zürich
1967,44,"A. Vivaldi - Concerto con quattro Violini obligati, op. 3, No. 4","New York"
1967,49,"Ober die Einheit von historischer und systematischer Musikwissenschaft",Berlin
1967,51,"Karl-Rudi Griesbach - Afrikanische Sinfonie",Berlin
1967,52,"Die Musikhochschulen der DDR",Berlin
1967,53,"Fritz Geißler - Sinfonie Nr. 2; Fidelio F. Finke - Konzert für Orchester.
            Schallplattentextheft",Berlin
1967,54,"Karl-Rudi Griesbach - Afrikanische Sinfonie; Otto Reinhold - Konzertante Musik für
            Flöte, Bratsche und Orchester. Schallplattentextheft",Berlin
1967,55,"Siegfried Köhler - ""Reich des Menschen"". Poem in 3 Teilen nach Dichtungen von J. R.
            Becher für Soli, Chor und Orchester. Schallplattentextheft",Berlin
1967,58,"Zur Telemann-Renaissance unserer Zeit",Magdeburg
1967,59,"Telemanns Klavier- und Orgelwerke",Magdeburg
1967,60,"Friedrich Chrysander - G. F. Händel. Register",Leipzig
1967,62,"Walter Felsenstein. Weg und Werk. 2. Aufl",Berlin
1967,64,"Zu einigen Fragen der Weiterentwicklung der Fachlehrerausbildung in der Deutschen
            Demokratischen Renublik",Berlin
1967,66,"Über die Einheit der vokalen und instrumentalen Sphäre in der klassischen
            Musik",Leipzig
1967,67,"Claudio Monteverdi",Berlin
1967,69,"Max Regers Ehrenpromotion zum Dr. phil. an der Universität Jena am 31.7.1908",Jena
1967,70,"Ober Notation und Tempo einiger Werke Samuel Scheidts und Michael Praetorius",Leipzig
1967,71,"W. Hohensee - Konzertante Ouvertüre; S. Kurz - Sinfonia piccola; J. P. Thilman -
            Partita piccola; F. Lohse - Divertimento für Streichorchester.
            Schallplattentextheft",Berlin
1967,74,"Gustav Mahler in Leipzig",Leipzig
1967,75,"Der Gesang in der Schule",Leipzig
1967,76,"Georg Philipp Telemann 1681-1767. Zum Angebot unserer Musikverlage im
            Jubiläumsjahr",Leipzig
1967,77,"Über Beziehungsbegriffe für das Bewußt machen rhythmisch-metrischer
            Zusammenhänge",Berlin
1967,78,"Zur Entwicklung des Intonationsgehörs im Bereich der Mehrstimmigkeit",Berlin
1967,80,"Deutsche Kammermusik 1918 - 1933",Berlin
1967,81,"300 Jahre Dresdner Oper",Berlin
1967,83,"""Nimm meinen Traum und bau daraus die Welt"". Zur Uraufführung der Oper
            'Esther'",Berlin
1967,84,"Ober die Verwendung der Musik an einer Ballettschule",Leipzig
1967,85,"Konzertetüden von Liszt bis Strawinsky. Schallplatteneinführung",Berlin
1967,89,"Der Einfluß der Großen Sozialistischen Oktoberrevolution auf den deutschen
            Arbeitergesang",Berlin
1967,90,"Aktuelle Probleme des Volksliedes",Berlin
1967,91,"Probleme der ästhetischen und historischen Volksliedbetrachtung und deren Bedeutung
            für die Bildungs- und Erziehungsarbeit im Musikunterricht",Berlin
1967,92,"Volkslieder der Nationen",Berlin
1967,94,"Hector Berlioz - Memoiren. Nachwort",Leipzig
1967,95,"Symmetrien im Chorsatz von Anton Webern",Leipzig
1967,96,"Typ, Funktion, Bedeutung. Bemerkungen zur semantischen Analytik musikalischer
            Typen",Berlin
1967,98,"Die Sinfonien Aram Chatschaturjans",Jena
1967,99,"Fünfzig Jahre sowjetische Musikkultur",Berlin
1967,100,"Die Musik im Zeitalter der Aufklärung Die Musik im Zeitalter des sich entfaltenden
            Kapitalismus. Schallplattentexthefte",Berlin
1967,101,"Musica Antiqua Europae Orientalis",Berlin
1967,102,"Georg Vierling",Kassel
1967,103,"Samuel David Willmann",Kassel
1967,104,"Joh. Seb. Bach - Passio Domini / Nostri J. C. / Secundum / Evangelistam / Matthaeum.
            Faksimile-Ausgabe",Leipzig
1967,105,"Felix Mendelssohn-Bartholdy -'Die beiden Pädagogen'. Singspiel in einem
            Aufzug",Leipzig
1967,107,"Anmerkungen zur Tanzmusik",Berlin
1967,108,"Du meine Seele, du mein Herz - Aus Briefen und Kompositionen von Clara Wieck und
            Robert Schumann",Berlin
1967,109,"Musikgeschichte. Forschungen zur Geschichte Thüringens 1945-1965",Jena
1967,110,"Bach in Eisenach",Jena
1967,111,"Der ""neue Realismus"" ist der alte",Berlin
1967,112,"'Puntila' auf der Musikbühne. Zur Berliner Uraufführung von Paul Dessaus Oper nach
            Brecht",Berlin
1967,113,"Prager Frühling 1967",Berlin
1967,114,"Jubiläum in Elbflorenz. 300 Jahre Dresdner Staatstheater",Berlin
1967,115,"Das Dresdner Opernfest. Henzes 'Junger Lord', Webers 'Oberon' und viele
            Gastspiele",Berlin
1967,116,"Bilanz des neuen Musikschaffens. Nach der I. Musik-Biennale Berlin 1967",Berlin
1967,117,"Premierenglanz und Alltagssorgen",Berlin
1967,118,"Anklage der Unmenschlichkeit",Berlin
1967,119,"Wiederbelebung einer frühen Revolutionsoper",Berlin
1967,120,"""Ballade vom Glück""",Berlin
1967,121,"Drei Orchester in einer Oper",Berlin
1967,122,"Münchner Opernfestspiele 1967",Velber
1967,124,"Ober Improvisation, Klavienmprovisation und Klavierimprovisations-Wettbewerbe",Berlin
1967,125,"Richard Münnich, dem Nestor der deutschen Schulmusikerziehung, zum 90.
            Geburtstag",Berlin
1967,126,"Das mehrstimmige Hören als eine wichtige Grundlage der musikalischen Rezeption bei
            Schülern und werktätigen Hörern",Halle
1967,127,"Sprachliche Möglichkeiten als wichtige Vermittlungsstufe zwischen Rhythmusklang und
            Notenbild",Berlin
1967,128,"Claudio Monteverdi in der Zeitwende um 1600",Berlin
1967,129,"Die Musik der Reformationszeit",Berlin
1967,130,"Was ist ein Musikschriftsteller? Carl Maria von Weber und Robert Schumann als
            Vorbild",Leipzig
1967,131,"Zu Georg Philipp Telemanns 200. Todestag",Berlin
1967,132,"Carl Maria von Weber und die Gründung der Deutschen Oper in Dresden",Berlin
1967,133,"Gisela May singt Brecht, Eisler, Dessau. Schallplattentextheft",Berlin
1967,134,"Die Staatskapelle Dresden und ihre Stadt",Dresden
1967,136,"Satire und Parodie in den Liedern Modest Mussorgskis",Berlin
1967,137,"Lieder sowjetischer Komponisten für Singstimme und Klavier. 2 Bd",Leipzig
1967,138,"Blues und Trouble. M. e. Vorwort von Martin Luther King",Berlin
1967,139,"Untersuchungen zur Frage der ästhetischen Inhalt-Form-Relationen in der Musik unter
            besonderer Berücksichtigung methodologischer Aspekte der Leninschen
            Widerspiegelungstheorie",Leipzig
1967,140,"Georg Benda (1722-1795) - sein Leben und sein Werk mit besonderer Berücksichtigung
            der Sinfonien und Cembalokonzerte",Halle
1967,141,"Das Geschäft mit dem Schlager",Berlin
1967,142,"Georg Philipp Telemanns Hamburger 'Kapitänsmusiken'",Kassel
1967,143,"G. Ph. Telemann - Sechs Sonatinen für Violine und Basso continuo",Leipzig
1967,144,"G. Ph. Telemann - Konzertsuite A-Dur für Violine u. Streichorchester",Leipzig
1967,148,"Telemann in Frankfurt (1712) und Hamburg (1721-1767)",Magdeburg
1967,152,"Franz Schubert. Biographie",Leipzig
1967,153,"Liederernte im Liederfrühling. Bemerkungen zum Massenliedschaffen des 1. Halbjahres
            1967",Berlin
1967,154,"Semiotik und Sprachgefüge der Kunst",Berlin
1967,166,"Zum Musikschaffen in der DDR. Diskussionsbeitrag auf der Sitzung der V. Tagung des
            Staatsrates",Berlin
1967,167,"The Singers of Battersea",Berlin
1967,168,"Zur Musik der Reformationszeit",Berlin
1967,169,"Musikpsychologische Untersuchungen über die optimale Entwicklung musikalischer
            Fähigkeiten in den ersten Lebensjahren",Berlin
1967,170,"Sozialistische Bewußtseinsbildung im Musikunterricht",Berlin
1967,171,"Sozialistische Bewußtseinsbildung im musikalischen Fachunterricht",Berlin
1967,173,"Beitrag des Musikunterrichts zur ideologischen und ästhetischen Bildung und Erziehung
            und Anforderungen an die Koordinierung mit anderen Pachern",Berlin
1967,176,"Gedanken über die Entwicklung des sowjetischen Musikschaffens",Berlin
1967,177,"Brecht und die Musikdramatik. Zur Brecht-Woche der Deutschen Staatsoper
            Berlin",Berlin
1967,178,"Musik im Hörspiel",Berlin
1967,180,"Allgemeine Einführung in die Analyse von Musikwerken",Leipzig
1967,181,"J. S. Bach - Hochzeitskantate ('O holder Tag, erwünschte Zeit'), BWV 210.
            Faksimile-Ausg. m. e. Vorwort",Leipzig
1967,182,"J. S. Bach - Matthäuspassion, BWV 244. Schallplattentextheft",Berlin
1967,183,"Handbuch der Kantaten J. S. Bachs. Dritte neubearb. Auf1",Leipzig
1967,184,"Zur Frage der Reihenfolge von Musikbeispielen im interview",Berlin
1967,185,"Zum 50. Jahr des Roten Oktober",Berlin
1967,191,"Barockes Mißverständnis",Berlin
1967,192,"'Der letzte Schuß'",Berlin
1967,193,"Entscheidung für das Leben",Berlin
1967,194,Masaniello,Berlin
1967,195,"Ballade vom Glück",Berlin
1967,196,"Broadway-Import? Streiflichter zum Thema Musical",Berlin
1967,198,"Geschichte der Deutschen Staatsoper Berlin",Berlin
1967,199,"Die Stellung des Musikers in der Bach-Händel-Telemann-Epoche",Berlin
1967,200,"Ein Leben für die Musikerziehung. Zum Tode Zoltán Kodálys",Berlin
1967,201,"Die gesellschaftlichen Anforderungen an den Musikunterricht und die sich daraus
            ergebenden Hauptaufgaben für die Bildung und Erziehung der Schüler",Berlin
1967,202,"Johannes Paul Thilman - Sonatine für Violine und Klavier op. 82",Berlin
1967,203,"Die Harmonik der modernen Tanz- und Jazzmusik",Berlin
1967,204,"Robert und Clara Schumann im Roman und in der Novelle",Leipzig
1967,206,"Der vormusikalische Ausdruck der Kinderstimme in den ersten beiden
            Lebensjahren",Erfurt
1967,209,"""... der Arbeit wegen, und um dem Nächsten zu dienen"". - Ansprache auf dem Festakt
            zum 200. Todestages Georg Philipp Telemanns während der 3. Magdeburger Telemann-Festtage
            vom 22.-26. Juni 1967.",Magdeburg
1967,210,"Händel und die Singebewegung",Halle
1967,211,"Zum Händel-Bild deutscher England-Reisender in der zweiten Hälfte des 18.
            Jahrhunderts. Prof. em. D. Dr. Max Schneider zum 90. Geburtstag gewidmet.",Leipzig
1967,212,"Ansprache aus Anlaß des zehnjährigen Bestehens der
            Georg-Friedrich-Händel-Gesellschaft.",Leipzig
1967,214,"Ein bedeutendes Gegenwartsballett 'Ballade vom Glück' von Kurt Schaen.",Berlin
1967,215,"Masaniello. Oper von Reinhard Keiser",Leipzig
1967,216,"Berliner Tanzstücke aus der Zeit um 1830 - als Beispiele kommerzialisierter
            Volkskunst",Berlin
1967,217,"Die Berliner Couplets der Gründerzeit",Regensburg
1967,218,"""Des Psellos vollständiger kurzer Inbegriff der Musik"" in Mizlers 'Bibliothek'. Ein
            Beitrag zur Rezeption der byzantinischen Musiktheorie im 18. Jahrhundert.",Berlin
1967,219,"Zum Stilwandel der griechischen Musik im 5./4. Jahrhundert",Berlin
1967,220,"Gedanken zum Verhältnis musiktheoretischer Lehrsysteme zur musikgeschichtlichen
            Entwicklung",Berlin
1967,222,"Der musikalische ""Scharfrichter"": Hans Richard Weinhöppel zum 100. Geburtstag",Berlin
1967,223,"'Irene und die Kapitäne'. Notizen zu Conny Odds neuem Musical",Berlin
1967,224,"Neue Dokumente zur Schumann-Forschung im Stadtarchiv Leipzig",Leipzig
1967,225,"Die Sinfonien Aram Chatschaturjans",Jena
1967,226,"Max Reger",Jena
1967,227,"225 Jahre Gewandhausorchester",Leipzig
1967,229,"Wege zur Planmäßigkeit und Systematik in der chorischen Stimmbildung",Berlin
1967,230,"Reinhard Reiser und Barthold Feind - Masaniello oder Die Neapolitanische
            Fischer-Empörung. Textbuch. Mit einer Studie ('Masaniello' von Reinhard Reiser und.
            Barthold Feind - Eine frühe deutsche Oper) von Johanna Rudolph",Leipzig
1967,231,"Zur Musik der Reformationszeit",Berlin
1967,232,"Reinhard Keiser und 'Masaniello'. Zur Erstaufführung in der Deutschen
            Staatsoner",Berlin
1967,233,"Historische Bezüge in Händels 'Messias'",Berlin
1967,234,"Eine England-Studie Georg Kneplers",Berlin
1967,235,"Instrumentenkunde und Instrumentation. Materialhinweise für die Interessen- und
            Arbeitsgemeinschaften 'Musik' im Deutschen Kulturbund",Berlin
1967,236,"Katalog zu den Sammlungen des Händel-Hauses in Halle. 4. Teil: Bildsammlung.
            Hogarth-Grafik; Darstellungen zur Geschichte, Händelpflege und Musikkunde",Halle
1967,237,"Sasse, Konrad: Händel-Bibliographie. 1. Nachtrag: 1962-1965",Leipzig
1967,238,"Händel-Bibliographie. 2. verb. Aufl. m. Nachtrag f. d. Jahre 1962-1965",Leipzig
1967,239,"Johann Cilenšek - Sinfonie Nr. 1; Siegfried Kurz - Konzert für Trompete und
            Streichorchester., op. 23. Schallplattentextheft'",Berlin
1967,240,"Paul Dessau - 'Meer der Stürme'",Berlin
1967,241,"Musikalisches Kammerspiel 'Die Blumen von Hiroshima' - eine neue Forest-Oper",Berlin
1967,242,"E. H. Meyer Sinfonietta. für großes Orchester",Berlin
1967,243,"Mythos - Melos - Musica. Zum Tode Walther Vetters",Berlin
1967,244,"Talent fürs Musiktheater",Berlin
1967,245,"Musik in der entwickelten sozialistischen Gesellschaft. Gedanken nach dem VII.
            Parteitag der SED",Berlin
1967,246,"Eldorado der Oper Musikbühnenjubiläum in der Hauptstadt der DDR",Berlin
1967,247,"I. Musik-Biennale in Berlin",Berlin
1967,248,"Auf ein Wort, Herr Intendant. Bemerkungen zu den Opernspielplänen unserer
            Theater",Berlin
1967,249,"Konzertplan-Analyse 1966/1967",Berlin
1967,250,"Musikkritik hier und heute",Berlin
1967,253,"Festwochen zur Wiedereröffnung der Komischen Oper Berlin",Berlin
1967,255,"Operette, von Abraham bis Ziehrer. 4. Aufl",Berlin
1967,256,"Jaques Offenbach",Leipzig
1967,257,"Bemerkungen zum vorliegenden Notationsartikel von Yang Yin-liu",Berlin
1967,258,"Das spezifische Element der instrumental-improvisatorischen Begabung",Berlin
1967,259,"Brecht und die Musikdramatik. Bedeutsame Dessau-Uraufführung und anregende
            Diskussionswoche in der Deutschen Staatsoper Berlin",Berlin
1967,262,"Zur Analyse von Aktivitätsfaktoren für die Förderung der musikalischen Tätigkeit in
            Chören und Orchestern",Berlin
1967,263,"Sammelbände der Robert-Schumann-Gesellschaft. Bd. II",Leipzig
1967,264,"Tradition und Gegenwart. Einige Bemerkungen zu Johannes Paul Thilmans Opus
            100",Leipzig
1967,265,"Sorgen um die Schulmusik",Berlin
1967,267,"Die I. Musik-Biennale Berlin",Berlin
1967,268,"Jahrbuch der Komischen Oper Berlin, Bd. VII. 1966/67",Berlin
1967,269,"Ziele und Aufgaben der sozialistischen Musikerziehung. Mit einer Einführung in die
            Musikästhetik und in die musikalische Analyse. Handbuch der Musikerziehung, Teil
            1",Leipzig
1967,270,"Händel-Jahrbuch 1966",Leipzig
1967,271,"Telemann - ein Komponist der Aufklärung",Magdeburg
1967,272,"Händel-Forschung an der Universität Halle-Wittenberg",Halle
1967,273,"Musik, dem Roten Oktober gewidmet",Halle
1967,274,"Probleme der Händel-Forschung",Berlin
1967,275,"16. Händel-Festspiele Halle",Halle
1967,276,"Zu einigen Problemen der Händel-Operninterpretation",Berlin
1967,277,"Max Schneider verstorben",Berlin
1967,278,"Die Musik der Reformation",Berlin
1967,279,"Prof. Dr. habil. Siegfried Bimberg",Berlin
1967,280,"Strömungen und Tendenzen im Musikschaffen des 20. Jahrhunderts in der Sicht der
            marxistischen Musikwissenschaft - ihre Bedeutung für die sozialistische
            Musikerziehung",Berlin
1967,281,"Max Schneider zum Gedenken",Kassel
1967,282,"Ansprache und Kolloquium zur Konferenz ""Fragen der Aufführungspraxis Händelscher
            Werke""",Halle
1967,283,"Bach und Händel",Halle
1967,284,"Monteverdi und Schütz",Halle
1967,285,"Zur Aufführungspraxis des 'Messias' in Halle",Halle
1967,286,"Die HauptVertreter der bürgerlichen Musikkultur im 20. Jahrhundert. Lehrbrief Nr.
            12",Halle
1967,287,"Musik der sozialistischen Länder. Lehrbrief Nr. 13",Halle
1967,288,"Beziehungen zwischen der russisch-sowjetischen und unserer Musik",Halle
1967,289,"G. F. Händels Operetta 'Imeneo'. Schallplatteneinführung",Berlin
1967,292,"Zum Menschenbild in der spätbürgerlichen Unterhaltung",Leipzig
1967,293,"Christoph Willibald Gluck - Orfeo ed Euridice (Orpheus und Eurydike).
            Schallplattentextheft",Berlin
1967,294,"300 Jahre Dresdner Staatstheater",Berlin
1967,295,"Akustische Messungen an der Silbermannorgel in der Kirche St. Georg in Rötha","Frankfurt a. M."
1967,296,"Experimentelle Musik mit dem subharmonischen Klangerzeuger 'Subharchord'","Frankfurt a. M."
1967,299,"Aus der Arbeit der 'Study Group of Folk Music Systematization' beim International
            Folk Music Council",Berlin
1967,300,"Hörbild und Schallbild als Mittel musikethnologischer Dokumentation",Kassel
1967,301,"Tagung für Volksmusikforschung in Wien",Berlin
1967,302,"Sowjetische Volkslied- und Volksmusikforschung. Ausgewählte Studien",Berlin
1967,303,"Neue Beiträge zur Erforschung der europäischen Volksmusikinstrumente",Kassel
1967,304,"Volksmusikinstrumente und Arbeit",Göttingen
1967,308,"Zur gesellschaftlichen Funktion der Musikschulen",Leipzig
1967,309,"Zu den Erziehungszielen der Musikschulen",Berlin
1967,310,"Das musikalische Ausbildungssystem in der Volksrepublik Bulgarien",Berlin
1967,311,"Untersuchungen zu den in der deutschen musikalischen Fachliteratur von 1918 bis 1964
            enthaltenen Methoden der musikalischen Werkanalyse",Greifswald
1967,315,"Sonderprobleme in Mozarts 'Zauberflöte' und im 'Titus'",Berlin
1967,316,"über die Musikbühne",Berlin
1967,318,"Psychologische Grundlagen der Gesangspädagogik",Berlin
1967,319,"Psychologische Grundlagen der Singefähigkeit",Berlin
1967,320,"Richard Wagners geistige und künstlerische Entwicklung bis zum Jahre 1848 -
            Untersuchungen an Wagners Briefen, Schriften und Werken",Leipzig
1967,321,"Richard Wagner - 'Sämtliche Briefe'. Bd. 1",Leipzig
1967,322,"Richard Wagner - 'Ring des Nibelungen'. Schallplattentexthefte",Berlin
1967,323,"Ottmar Gerster - 'Enoch Arden' (Der Möwenschrei). Ausschnitte.
            Schallplattentextheft",Berlin
1967,324,"Melodische Urform und Gestaltvariation bei Debussy",Leipzig
1967,325,"Grenzen der Musikwissenschaft",Kassel
1967,326,"Rameaus 'Les Indes Galantes' als musikethnologische Quelle",Berlin
1967,327,"Communication. La Haye 1967",Amsterdam
1967,328,"Christian Felix Weisse.",Kassel
1967,329,"Telemanns Liedschaffen und seine Bedeutung für die Entwicklung des deutschen Liedes
            In der ersten Hälfte des 18. Jahrhunderts",Magdeburg
1967,330,"Bach und die Swingle-Singers",Berlin
1967,331,"'Verdi-Konfigurationen' von Wilhelm Hübner. Werkbesprechung",Kassel
1967,332,"Zum Instrumentarium um 1900","Frankfurt a. M."
1967,"N 1","Musiker und Musikpflege in Rostock von der Stadtgründung bis 1700",Rostock
1967,"N 2","A. Vivaldi - Concerto con Violino Solo obligato D-Dur, op. 3, Nr. 9",London
1967,"N 2","A. Vivaldi - Concerto con Violino Solo obligato D-Dur, op. 3, Nr. 9",Zürich
1967,"N 2","A. Vivaldi - Concerto con Violino Solo obligato D-Dur, op. 3, Nr. 9","New York"
1967,"N 3","A. Vivaldi - Concerto con quattro Violini obligati D-Dur, op. 3, No. 1",London
1967,"N 3","A. Vivaldi - Concerto con quattro Violini obligati D-Dur, op. 3, No. 1",Zürich
1967,"N 3","A. Vivaldi - Concerto con quattro Violini obligati D-Dur, op. 3, No. 1","New York"
1967,"N 4","Vivaldi, Antonio",Kassel
1967,"N 5","Sebastian Lee - Melodische Etüden für Violoncello, op. 31, H. 1",Leipzig
1967,"N 6","Jacobus Vide",Kassel
1967,"N 7","Probleme der Analyse musikalischer Werke",Zwickau
1967,"N 8","Die Entwicklung der Arbeitersängerbewegung im Gau Chemnitz des Deutschen
            Arbeitersängerbundes von den Anfängen bis 1933",Zwickau
1967,"N 9","Ästhetische Probleme des künstlerischen Schaffens",Leipzig
1967,"N 10","Gedanken zur führenden Rolle der SED in der Musikentwicklung der Deutschen
            Demokratischen Republik",Zwickau
1967,"N 11","Zur Frage der Notwendigkeit der stimmlichen und sprachlichen Oberprüfung von
            Bewerbern für das Lehrerstudium",Erfurt
1967,"N 12","Die Realisierung der deutschen kurzen, offenen. Vokale im Gesang",Berlin
1967,"N 13","Zur Frage der Notwendigkeit der stimmlichen und sprachlichen Überprüfung von
            Bewerbern für das Lehrerstudium",Erfurt
1967,"N 14","Das Problem der Transkription in der musikethnologischen Forschung.",Berlin
1967,"N 15","Volksmusikinstrumente und instrumentale Volksmusik in deutschsprachigen
            Veröffentlichungen 1956-1965.",Berlin
1967,"F 1","Rezeptionskundliche Untersuchungen zur Tanzmusik in der Deutschen Demokratischen
            Republik",Halle
1967,"F 2","Musikalische Landschaftsforschung",Halle
1967,"F 3","G. F. Händels Werke und ihre Edition durch F. Chrysander. Eine kritische Auswertung
            der 1. Händel-Gesamtausgabesamtausgabe samt einem Verzeichnis aller darin
            veröffentlichten Werke",Halle
1967,"F 4","Die Entwicklung der geigerischen Spieltechnik und der Schul- und Lehrwerke für die
            Violine. Ein Beitrag zur Geschichte der Violinmusik vom 17. bis zum 19.
            Jahrhundert",Halle
1967,"F 5","Rezeptionskundliche Untersuchungen der Einführungsästhetik bei Lipps, Hartmann und
            Volkelt",Halle
1967,"F 6","Die Sinfonik des 19. Jahrhunderts und ihre Beziehungen zur gesellschaftlichen
            Entwicklung (Arbeitstitel)",Greifswald
1967,"F 7","Die Bedeutung des Davidbündlerkreises für die Musikanschauung und die Musikgeschichte
            des 19. Jahrhunderts",Leipzig
1967,"F 8","Die Effektivität von Unterrichtstonbändern",Halle
1967,"F 9",Volksliedarchiv,Halle
1967,"F 10",Knabenchorentwicklung,Halle
1967,"F 11","Untersuchungen über den Leistungsstand der Studierenden im Fach Sprecherziehung von
            der Aufnahme bis zur Abschlußprüfung",Weimar
1967,"F 12","Untersuchungen über die musikalische Entwicklung von Unterstufenkindern",Rostock
1967,"F 13","Kritische Wertung der Arbeiten Eduard von Hanslicks",Halle
1967,"F 14","Max Butting",Berlin
1967,"F 15","Musikgeschichte der Stadt Wismar von 14. bis Ende des 17. Jahrhunderts",Berlin
1967,"F 16","Geschichte der Musikerziehung",Greifswald
1967,"F 17","Funktion der Zeitschrift ""Musik in der Schule"" bei der Verwirklichung; der Bildungs-
            und Erziehungsziele in der sozialistischen Schule der DDR (Ein Beitrag zur Geschichte
            der Schulmusik in der DDR)",Berlin
1967,"F 18","Akustische Untersuchungen, der Vibration bei Gesangsstimmen und ihre Bedeutung für
            den Informationswert beim Musikhören",Halle
1967,"F 19",Bach-Forschung,Rostock
1967,"F 20",Vivaldi-Forschung,Rostock
1967,"F 21","Mecklenburgische Landes- und Lokalmusikgeschichtsforschung",Rostock
1967,"F 22","Arabische Musik",Leipzig
1967,"F 23","Zum Problem des Maqam oder Variabilität und Variantenbildung (Arbeitsthema)",Leipzig
1967,"F 24","Die Hauptrichtungen der westdeutschen Musikästhetik, dargestellt an ihrem Verhältnis
            zur neuen Musik",Halle
1967,"F 25","Die wissenschaftsgeschichtliche und philosophische Position von Erich M. von
            Hornbostel",Berlin
1967,"F 26","Sozialpsychologie der musikalischen Unterhaltung",Berlin
1967,"F 27","Untersuchungen zur Analyse und Entwicklung der Schülerleistungen im
            rhythmisch-metrischen Bereich des Musikunterrichts der Mittelstufe",Leipzig
1967,"F 28","Vertonung Brechtscher Stücke",Halle
1967,"F 29","Studien zum Musikleben der Römer",Halle
1967,"F 30","Zur Geschichte der Händel-Biographik bis Chrysander",Halle
1967,"F 31","Untersuchungen am Liedgut der in der DDR verwendeten Schulliederbücher betreffs
            seiner Eignung zur Vorbereitung der Rezeption zeitgenössischer Vokalwerke",Greifswald
1967,"F 32","Thematik und Form im Werk Béla Bartóks",Rostock
1967,"F 33","Zur Interpretation und Rezeption von Beethovens Klaviersonaten",Halle
1967,"F 34","Rezeptionskundliche Untersuchungen über die ideelle Programmatik in der Sinfonik bei
            Schostakowitsch",Halle
1967,"F 35","Der Marsch im Schaffen Schumanns",Berlin
1967,"F 36","Das Cembalo in der Musik des 20. Jahrhunderts",Rostock
1967,"F 37","Psychologische und ästhetische Untersuchungen über Entwicklung und Stand der
            Gefühlstheorie als Voraussetzung für die Anwendung in der musikalischen
            Rezeption",Halle
1967,"F 38","Bestimmung des musikalischen Niveaus bei Schulanfängern",Leipzig
1967,"F 39","Die gemischten Register im historischen und zeitgenössischen deutschen
            Orgelbau",Rostock
1967,"F 40","Systematische Untersuchungen zur ästhetischen Einheit der'Musik.
            (Syntaktisch-semantische Struktur-Untersuchungen an der Vokal- und Instrumentalmusik,
            unter besonderer Berücksichtigung der Klassik)",Berlin
1967,"F 41","Beethovens Schaffensmethoden unter syntaktisch-semantischem Aspekt",Berlin
1967,"F 42","Erschließung von Musik des 16.-18. Jahrhunderts aus sächsischen Bibliotheken",Leipzig
1967,"F 43","Einflüsse des französischen Impressionismus auf Bartók",Leipzig
1967,"F 44","Dialektik von Werk und Ideologie bei Gustav Mahler",Berlin
1967,"F 45","Fidelio F. Finke. Leben und Werk",Berlin
1967,"F 46","Programmierung des Musikunterrichts",Leipzig
1967,"F 47","Untersuchungen über Beethovens späte Streichquartette",Rostock
1967,"F 48","Volksmusik in Cuba. Leipzig",Leipzig
1967,"F 49","Wege zur effektiven Gestaltung des Musikunterrichts auf dem Gebiet des Musikhörens
            unter besonderer Berücksichtigung der schöpferischen Arbeit der Schüler",Leipzig
1967,"F 50","Die Musikgeschichte der Universität Rostock",Rostock
1967,"F 51","Systematische Grundlagen für das Musikhören in der Einheit von Singen und Erfassen
            musikalischer Zusammenhänge",Halle
1967,"F 52","Studien zu einer Metatheorie der Musikwissenschaft",Halle
1967,"F 53","Die Darstellung von Leben und Werk zeitgenössischer Komponisten in Lichtbildreihen am
            Beispiel einiger Komponisten der DDR",Leipzig
1967,"F 54","Die Entwicklung der Musikerziehung in Westdeutschland seit 1945",Halle
1967,"F 55","Die Spezifik der Ballettmusik",Rostock
1967,"F 57","Die italienische und deutsche Violinsonate in der Dresdner Musikpflege des 18.
            Jahrhunderts",Rostock
1967,"F 58","Untersuchungen über die Wirkung der Musik auf die Persönlichkeitsentwicklung",Zwickau
1967,"F 59","Probleme der Harmonik in Prokofjews Klaviersonaten",Halle
1967,"F 60","Volkslied und motivische Konstruktion. Ein Beitrag zur Kompositionstechnik Béla
            Bartóks",Leipzig
1967,"F 61","Indonesische Gesänge (Arbeitsthema)",Berlin
1967,"F 62","Idealbildung durch Musik als ein Faktor bei der Herausbildung der Persönlichkeit im
            Pubertätsalter",Leipzig
1967,"F 63","Das Musiktheater Carl Orffs",Leipzig
1967,"F 64","Untersuchungen zur neueren szenischen Kantate",Greifswald
1967,"F 65","Faktorenanalytische Typenbestimmung an einstimmigen Volksliedern (Versuch einer
            typologischen Systematisierung altmärkischer Volkslieder - Sammlungen Stockmann,
            Parisius u.a. - mit Hilfe eines Zeiss-Rechenautomaten)",Berlin
1967,"F 66","Untersuchungen zum sinfonischen Schaffen der jüngeren Komponistengeneration in der
            Deutschen Demokratischen Republik",Jena
1967,"F 67","Zu einigen Aspekten des Musikschaffens von Hans-Georg Görner",Jena
1967,"F 68","Spezifische Gestaltungsprinzipien der sozialistischen Vokalsinfonik",Berlin
1967,"F 69","Die Klavierimprovisation Inder Musikerziehung der Gegenwart. Ein Beitrag zur
            schöpferischen Gestaltung des Musikunterrichts",Greifswald
1967,"F 70",Musikhören,Halle
1967,"F 71","Zur Interpretation und Rezeption der weltlichen mehrstimmigen Vokalmusik des
            Cinquecento",Halle
1967,"F 72","Das sozialistische Massenlied (Arbeitsthema). - Diss., Inst. f. Musikwiss.
            Leipzig.",Leipzig
1967,"F 73","Untersuchung über Bedeutung und Wirkung des Interesses von Schülern für
            Unterhaltungs- und Tanzmusik im Erkenntnisprozeß des Faches Musik der zehnklassigen
            allgemeinbildenden polytechnischen Oberschule",Leipzig
1967,"F 74","Der pädagogische Anteil zur Entwicklung der Singefähigkeit in den Schulgesangsbüchern
            des 19. Jahrhunderts",Berlin
1967,"F 75","Das italienische Intermezzo in der Dresdner Opernpflege des 18. Jahrhunderts",Rostock
1967,"F 76","Untersuchungen über den Einfluß der Vokale auf die Tonhöhe",Halle
1967,"F 77","Das mehrstimmige Hören als eine wichtige Grundlage der musikalischen Rezeption bei
            Schülern und werktätigen Hörern",Halle
1967,"F 78","Die Entwicklung der Spieltechnik des Akkordeons und der Einfluß der
            gesellschaftlichen Kräfte auf diesen Prozeß",Greifswald
1967,"F 79","Systematische Untersuchungen zur Intonation der Streichquartett-Instrumente",Halle
1967,"F 80","Johann Abraham Peter Schulz als Komponist und Musikschriftsteller",Berlin
1967,"F 81","Zum Verhältnis von auditiver und visueller Analyse",Berlin
1967,"F 82","Untersuchung des Singeprozesses bei Jugendlichen während der Mutation",Berlin
1967,"F 83","Probleme der Tanz- und Unterhaltungsmusik",Halle
1967,"F 84","Untersuchungen zum Problem musikalischer Begabungsdiagnostik",Weimar
1967,"F 85","Empirische Untersuchungen über die emotionale Wirkung von Musik verschiedener Epochen
            auf Kinder und Jugendliche",Weimar
1967,"F 86","Der Göttinger Hainbund und die Musik",Leipzig
1967,"F 87","Kuhnaus Klaviermusik. Ihre Vorbilder, ihre Nachwirkung",Leipzig
1967,"F 88","Untersuchungen über die Wirkung der Musik auf die Persönlichkeitsentwicklung",Zwickau
1967,"F 89","Robert Schumanns künstlerische Entwicklung in seinem Liedschaffen",Rostock
1967,"F 90","Kurt Schwaen - Leben und Werk",Berlin
1967,"F 91","Rezeptionskundliche und aufführungspraktische Untersuchungen des deutschen Chorliedes
            um 1600",Halle
1967,"F 92","Johann Philipp Krieger",Halle
1967,"F 93","Die Kammermusik Dmitri Schostakowitschs (unter besonderer Berücksichtigung seiner
            Streichquartette)",Greifswald
1967,"F 94","Die Entwicklung des Musikerlebens auf der Grundlage pädagogisch gesteuerter
            Motivsetzungen",Berlin
1967,"F 95","Untersuchungen zur musikalischen Leistungsfähigkeit cerebral gelähmter Kinder",Berlin
1967,"F 96","Spieltechnik und Klangcharakter des Naturhorns bis zur Einführung des Ventilhorns
            (1750-1835)",Leipzig
1967,"F 97","Die Stellung von Franz Liszt in der Musikgeschichte des 19. Jahrhunderts",Halle
1967,"F 98","Neue Klaviermusik als Wegbereiter der Werkbetrachtung in der erweiterten
            Oberschule",Halle
1967,"F 99","Charakteristik und Werteinheit der Prinzipien linearen Gestaltens, dargestellt an
            Kompositionen Fred Lohses",Leipzig
1967,"F 100","Rosebery d'Arguto. Ein Beitrag zur Geschichte des Arbeitergesanges",Halle
1967,"F 101","Phantastische Gestalten in der deutschen Oper von 1790-1830. (Arbeitstitel)",Leipzig
1967,"F 102","Zinn Problem der Reprise - Untersuchungen anhand einiger Instrumentalwerke im 1.
            Jahrzehnt des 20. Jahrhunderts in Österreich",Berlin
1967,"F 103","Die Entwicklung des Deutschen Sängerhundes 1862-1918",Jena
1967,"F 104","Klavierspiel und musikalische Laienbildung im 18. Jahrhundert in Deutschland",Halle
1967,"F 105","Die Entwicklung der russischen Klavierliteratur von Glinka bis Rachmaninow",Leipzig
1967,"F 106",Jugendlied,Halle
1967,"F 107","Strukturen des musikalischen Kunstwerkes aus dem Hörerlebnis und Höranalysen von
            Kunstwerken nach Sinn und Form",Jena
1967,"F 108","Wesen und Werden des europäischen Tonsystems",Leipzig
1967,"F 109","Robert Schumanns Lieder nach-Gedichten von Heinrich Heine. Ein Beitrag zur
            musikalischen Heine-Rezeption des 19. Jahrhunderts",Halle
1967,"F 110","Hans von Bülow - Leben und Werk. Diss., Inst. f. Musikwiss. Berlin.",Berlin
1967,"F 111","Das ban-Prinzip als musikalische Gestaltungsweise der Stile örlhuang und xipi in der
            Peking-Oper. Ein Beitrag zur Entwicklungsgeschichte der Musik",Berlin
1967,"F 112","Studien zur Geschichte der Beethoven-Rezeption",Halle
1967,"F 113","Bedeutung, Grenzen und Aneignung, der musikalischen Improvisation",Leipzig
1967,"F 114","Zur Qualitätsbewertung von Musikinstrumenten",Rostock
1967,"F 115",Händel-Forschung,Halle
1967,"F 116","Musikalische Rezeptionsforschung",Halle
1967,"F 117","Die elektronische Klanghafttafel - ein neues Unterrichtsmittel für den
            Musikunterricht",Halle
1967,"F 118","Die Musikpflege an der Fürstenschule Grimma",Rostock
1967,"F 119","Operninterpretation von 1918-1933",Halle
1967,"F 121","Die Klaviersonate von 1830-1850",Halle
1967,"F 122","Untersuchungen zum Busoni-Bild anhand seines Nachlasses",Berlin
1967,"F 123","Beiträge zur Musikgeschichte der Stadt Quedlinburg",Halle
1967,"F 124","Johann Adolf Hasse. Ein dramaturg. Vergleich mit G. P. Händel",Leipzig
1967,"F 125","Beiträge zur Musikgeschichte der Stadt Stendal",Halle
1967,"F 126","Werkanalysen im Rundfunk",Halle
1967,"F 127","Zur Geschichte und Ästhetik der Begriffe ""Motiv"" und ""Thema""",Rostock
1967,"F 128","Anteil und Funktion vokaler und instrumentaler Stücke aus dem klassischen Erbe in den
            deutschen Musikschulwerken von 1918-1965",Greifswald
1967,"F 129","Rezeptionskundliche Untersuchungen von Gitarrenliteratur des 20. Jahrhunderts",Halle
1967,"F 130","Béla Bartók und seine Streichquartette",Berlin
1967,"F 131","Die Geschichte des Musikverlages Breitkopf &amp; Härtel",Rostock
1968,1,"Die Stralsunder Theaterzettel-Sammlung",Rostock
1968,2,"Musikalische Formenlehre. 2. verb. u. erw, Aufl",Berlin
1968,3,"Musikerziehung in der Kinderkrippe",Berlin
1968,4,"Formenlehre für die Ausbildung von Chor- und Instrumentalgruprenleitern",Leipzig
1968,5,"Rezeptionskundliche Untersuchungen zur Tanzmusik in der Deutschen Demokratischen
            Republik",Halle
1968,6,"Actus musicus und Historie um 1700 in Mitteldeutschland",Halle
1968,7,"""Der neumodische Liebhaber Dämon"" oder ""Die Satyrn in Arcadien"". Oper in 3 Akten von
            G. Ph. Telemann",Kassel
1968,8,"J. S. Bach - Vier Ouvertüren (Orchestersuiten). Notenband und Kritischer
            Bericht",Leipzig
1968,9,"Falsche Autornamen in den Handschriften Strasbourg (Vitry) und Montecassino
            (Dufay)",Basel
1968,13,"Zur Methodik von Untersuchungen musikalischer Interessen",Halle
1968,14,"Der Zusammenhang von technischem und ästhetischem Denken als Voraussetzung für den
            Fortschritt In der Musikerziehung",Berlin
1968,15,"Didaktisch-methodische Grundlagen der Musikerziehung. Handbuch der Musikerziehung,
            Teil 3",Leipzig
1968,16,"Neue Aspekte zur Tonalitätsforschung",Berlin
1968,17,"Entwurf einer Rezeptionslehre für die Musik",Halle
1968,18,"Zur Konzeption der Musikpolitik im Deutschen Demokratisches Rundfunk",Berlin
1968,19,"Max Butting - die Musik und die Menschen. Aufsätze, Vorträge und ästhetische
            Überlegungen eines Komponisten",Berlin
1968,20,"Probleme des Kategoriensystems",Berlin
1968,21,"Hanns Eisler - Nonett Nr. 1: Quintett op. 70 ""Vierzehn Arten, den Regen zu
            beschreiben""; Nonett Nr. 2. Schallplattentextheft",Berlin
1968,22,"Die Bedeutung der Oktoberrevolution für das Schaffen Hanns Eislers",Berlin
1968,23,"Musikwissenschaft als Leitungswissenschaft",Berlin
1968,24,"Sinfonie singulière. Information über Berwald",Berlin
1968,25,"Zur Methodologie der musikalischen Lokalgeschichtsforschung am Beispiel der
            Musikgeschichte der Stadt Wismar von der Gründung bis 1700",Rostock
1968,26,"Autobiographische Notizen",Berlin
1968,28,"Berufsbezeichnungen der Musiker in Rostock von 1300-1700 und Rostocker
            Musikerfamilien",Rostock
1968,29,"Die Silbermannorgel in Pfaffroda im Erzgebirge",München
1968,30,"Die Orgellandschaften Sachsens und Thüringens",Berlin
1968,31,"Zur Geschichte der Musikabteilung der Schweriner Landesbibiiothek",Rostock
1968,32,"Erinnerungen an Hermann Scherchen",Berlin
1968,33,"Für einheitliche Begriffssysteme im Musikunterricht",Berlin
1968,34,"Zur Musikgeschichte von Zwickau",Kassel
1968,35,"Zani, Andrea",Kassel
1968,36,"A. Vivaldi - Concerto con quattro Violini e Violoncello obligato, op. 3, Nr.
            7",London
1968,36,"A. Vivaldi - Concerto con quattro Violini e Violoncello obligato, op. 3, Nr.
            7",Zürich
1968,36,"A. Vivaldi - Concerto con quattro Violini e Violoncello obligato, op. 3, Nr.
            7","New York"
1968,37,"Umrisse einer mecklenburgischen Musikgeschichte",Rostock
1968,38,"Die Musikkultur Ägypters. Bericht über eine musikwissenschaftliche
            Forschungsreise",Berlin
1968,39,"Die Majakowski-Vertonungen Hanns Eislers",Berlin
1968,40,"Gedanken zum Thema Jazz",Berlin
1968,41,"Curt Sachs - Die Musik der Alten Welt. Nachwort zur deutschen Fassung",Berlin
1968,43,"Zu Fragen der Musiksoziologie",Halle
1968,44,"Nikolai A. Rimski-Korsakow: Chronik meines musikalischen Lebens",Leipzig
1968,45,"Siegfried Köhler: ""Reich des Menschen"". Poem in drei Teilen nach Dichtungen von J. R.
            Becher für Soli, Chor und Orchester",Berlin
1968,46,"Karl-Rudi Griesbach - Afrikanische Sinfonie (1963); Otto Reinhold - Konzertante Musik
            für Flöte, Bratsche und Orchester (1963). Schallplattentextheft",Berlin
1968,49,"Hába der Harmoniker",Berlin
1968,50,"Zunftwesen. A: Musikervereinigungen der Antike",Kassel
1968,51,"Zu den Kantaten des Eröffnungskonzerts",Halle
1968,52,"Ein unveröffentlichter Regerbrief. Über die Begegnung Othmar Schoecks mit Max
            Reger",Leipzig
1968,53,"Pflanzgarten der Tonkunst. 125 Jahre Hochschule für Musik Leipzig",Berlin
1968,55,"Über Hanns Eislers Kammerkantaten",Berlin
1968,56,"Errungenschaften und Grenzen neuer Musiktheorie",Berlin
1968,58,"Versuch zur Ästhetik der Musik Leos Janáčeks",Leipzig
1968,59,"Johanni Pullois Opera Omnia (Foreword)",Rom
1968,59,"Johanni Pullois Opera Omnia (Foreword)",Dallas
1968,60,"In memoriam Fidelio F. Finke",Berlin
1968,61,"Rudolf Wagner-Régenys ""Einleitung und Ode für sinfonisches Orchester"" und ihre
            Stellung in der Orchestermusik des Komponisten",Berlin
1968,62,"Dieter Howka: Sonate III für Kammerorchester",Berlin
1968,63,"Hermann Kretzschmars Wirken in Rostock 1877-1887",Rostock
1968,64,"Eine Episode aus der Kapellmeistertätigkeit Gustav Mahlers in Leipzig",Leipzig
1968,65,"Wach, Carl Gottfried Wilhelm",Kassel
1968,66,"Das Sinfonische und das Dramatische. Kommentar zu Fritz Geißlers 111,
            Sinfonie",Berlin
1968,67,"Kosmosforschung als sinfonisches Sujet. Kommentar zur Orchestermusik Nr. 2 ""Meer der
            Stürme"" von Paul Dessau",Berlin
1968,68,"Das Leipziger GewandhausOrchester",Leipzig
1968,69,"Versuche zur intensiven und effektiven Gestaltung des Musikunterrichts",Berlin
1968,70,"Mozarts Briefe",Berlin
1968,71,"Die Musikerziehung in Rostock seit Gründung der Universität bis ins 18.
            Jahrhundert",Rostock
1968,72,"über die Entwicklung des Intonationsgehörs mit Hilfe technischer Mittler",Berlin
1968,73,"Zur Entwicklung des Intonationsgehörs im Chor",Berlin
1968,74,"Der Schlager. Ein Panorama der leichten Musik. Bd. 1",Berlin
1968,75,"Tanzmusik heute",Berlin
1968,76,"Das Massenlied - Studien zu seiner Entwicklung und Bedeutung in der DDR. II. Teil:
            Die musikalischen Strukturanalysen",Leipzig
1968,77,"Das Hirtenblasen im Thüringer Wald",Leipzig
1968,80,"'Die weiße Rose' von Udo Zimmermann",Berlin
1968,81,"Die Einheitlichkeit der Musikbühne",Berlin
1968,83,"Allgemeine Musiklehre",Leipzig
1968,84,"Der Einfluß der KPD auf die musikalische Entwicklung in Deutschland vor 1933",Berlin
1968,85,"Hanns Eislers Lieder und Chöre zu Brechts ""Die Mutter""",Berlin
1968,86,"Musik für Kinder. Schallplattentextheft",Berlin
1968,87,"Charles Burney - Tagebuch einer musikalischen Reise durch Frankreich und Italien,
            durch Flandern, die Niederlande und am Rhein bis Wien, durch Böhmen. Sachsen,
            Brandenburg, Hamburg",Leipzig
1968,88,"Der Essay als Gattung der Musikliteratur",Berlin
1968,89,"Entwicklungstendenzen der sowjetischen Musikkultur",Berlin
1968,90,"Analogien zur Tonalität",Berlin
1968,91,"Rudolf Wagner-Régeny zum 65. Geburtstag",Berlin
1968,92,"Jean Kurt Forest - Die Blumen von Hiroshima; Opernquerschnitt.
            Schallplattentextheft",Berlin
1968,93,"Abel, Clamor Heinrich: Erstlinge musikalischer Blumen. Frankfurt/M. 1674",Hamburg
1968,94,"Musikhören in der Unterstufe",Berlin
1968,95,"Aufführungspraktische Prinzipien bei der Interpretation der Madrigale von Marenzio,
            Gesualdo und Monteverdi",Halle
1968,96,"Zur Entwicklung der Arbeitersängerbewegung in Rostock",Rostock
1968,97,"Zweimal die ""Unvollendete"". Begegnung mit dem Arbeiter Sinfonieorchester
            Karl-Marx-Stadt",Berlin
1968,98,"Zu den Musikhandschriften des 18. Jahrhunderts in der Rostocker
            Universitätsbibliothek",Rostock
1968,99,"Die soziale Funktion unserer Kunst bei der Entwicklung einer sozialistischen
            Volkskultur",Berlin
1968,100,"Die musikalische Linearität des 20. Jahrhunderts als ordnendes Prinzip einer
            historisch begründeten und neuentwickelten Systematik des Tonsatzes",Leipzig
1968,102,"Schostakowitsch filmporträtiert",Berlin
1968,103,"Musikgeschichte in klingenden Beispielen",Berlin
1968,104,"""unsere neue musik"". Eine Schallplattenreihe bei Eterna",Berlin
1968,105,"Autograph und Druck",Berlin
1968,108,"Volksliedkundliche Einordnung und erzieherischer Wert des deutschen
            Arbeiterliedes",Berlin
1968,109,"Akustisch-harmonische Ursachen für unsauberes Singen",Berlin
1968,110,"Die Bedeutung der Sowjetunion für mein Schaffen",Berlin
1968,111,"Getreuer Eckart der DDR-Musik",Berlin
1968,114,"Zur Systematik des Musikhörens",Berlin
1968,115,"Die sozialistische Musikhochschule",Berlin
1968,116,"Akzeleration und Mutation",Berlin
1968,117,"Psychologische Probleme des musikalischen Hörens",Berlin
1968,118,"Psychologische Grundlagen der Musikerziehung. Handbuch der Musikerziehung, Teil
            2",Leipzig
1968,119,"Musikleben und Musikerziehung in Frankreich",Berlin
1968,120,"Musik und Hörer in unserer Zelt. Psychologische und pädagogisch-methodische
            Grundfragen der Musikverbreitung im Deutschen Kulturbund",Berlin
1968,121,"Ergebnisse musikpsychologischer Forschungen über den Einfluß von Rundfunk und
            Fernsehen auf die musikalische Entwicklung von Kindern und Jugendlichen und Folgerungen
            für die Musikerziehung in der Schule",Berlin
1968,122,"Wilhelm Weismann: Wilhelm-Busch-Zyklus",Berlin
1968,123,"Prokofjews V. Sinfonie auf zwei sowjetischen Schallplatten",Berlin
1968,124,"Karl Marx und unsere sozialistische Kulturpolitik - Zum 150. Geburtstag von Karl Marx
            am 5. Mai 1968",Berlin
1968,125,"Die Novemberrevolution und ihre Auswirkungen auf das musikalische Schaffen",Berlin
1968,126,"Leo Kestenberg - Künstler und Pädagoge",Berlin
1968,127,"Aufführungspraktische Prinzipien bei der Interpretation des deutschen Chorliedes um
            1600",Halle
1968,128,"J. S. Bach - Sämtliche Kantatentexte. Unter Mitbenutzung von Rudolf Wustmanns Ausgabe
            der Bachschen Kirchenkantatentexte",Leipzig
1968,129,"Experimentelle und soziologische Methoden zur Ermittlung des Musikniveaus. Ein
            Beitrag zur Methodik empirischer Musiksoziologie",Berlin
1968,130,"Hanns Eisler - Dokumente. Schallplattentextheft",Berlin
1968,131,"Dmitri Schostakowitsch - 8. Streichquartett. Möglichkeiten seiner Verwendung im
            außerschulischen Bereich",Berlin
1968,133,"Zur Spezifik und Methodologie der Werkbetrachtung im Musikunterricht",Berlin
1968,134,"Musikpädagogik - ein bildungs- und erziehungstheoretisches Problem unserer
            Zeit",Berlin
1968,135,"Aufgaben und Gestaltungsmöglichkeiten einer zielgerichteten Liedeinführung",Berlin
1968,136,"Hans Christian Bartel: Konzert für Orchester",Berlin
1968,137,"Sowjetische Tanzliteratur",Leipzig
1968,138,"Überlegungen zur Strukturanalyse des mecklenburgischen Volkstanzes",Rostock
1968,139,"Gesellige Tänze und Tanzspiele",Leipzig
1968,140,"Tanzbibliographie. Verzeichnis des deutschsprachigen Schrifttums über den Volks-,
            Gesellschafts- und Bühnentanz. 6 Bände",Leipzig
1968,141,"Ludwig van Beethoven",Leipzig
1968,142,"Georg Philipp Telemann. Leben und Werk",Leipzig
1968,143,"Brecht und die gesellschaftliche Funktion der Musik. Zum 70. Geburtstag des Dichters
            am 10. Februar",Berlin
1968,144,"Bibliographie des Schrifttums zur Geschichte deutscher und österreichischer
            Musikverlage",Leipzig
1968,145,"Die Beurteilung der Kinder stimme",Berlin
1968,146,"Die Rezeption einfacher rhythmischer Signale durch zerebralparetische und
            nichtgeschädigte Kinder",Leipzig
1968,147,"""Impulse"", Ballett von Uwe Ködderitzsch",Berlin
1968,148,"Threnodiae sacrae. Katalog der gedruckten Kompositionen des 16.-18. Jahrhunderts in
            Leichenpredigtsammlungen innerhalb der Deutschen Demokratischen Republik",Dresden
1968,149,"Die Neue Musik der griechischen Antike. Teil I: Die italienische Überlieferung; Teil
            II: Die Tondenkmäler",Stuttgart
1968,150,"Tonalitätsvorrat der Elisabethanischen Liedkanzone - eine tonale und harmonische
            Analyse der engl. ""ballets"" und ""canzonets"" um 1600",Leipzig
1968,151,"Probleme der Hamburger deutschen Frühoper",Berlin
1968,152,"Georg Friedrich Händel - Judas Maccabäus. Schallplattentextheft",Berlin
1968,153,"Angewandte Musik. Notizen zu Bühnenmusiken Hanns Eislers",Berlin
1968,154,"Griechische Hochzeit. Notizen zu Robert Hanells neuer Oper",Berlin
1968,155,"Das Mansfelder Bergmannslied - Versuch einer Sammlung und Interpretation",Halle
1968,156,"225 Jahre Gewandhausorchester Leipzig",Leipzig
1968,157,"Max Butting - Sinfonie Nr. 7, op. 67; Streichquartett Nr. 8, op. 96 (Die Nachgeburt).
            Schallplattentextheft",Berlin
1968,158,Alternativen,Berlin
1968,159,"Wolfgang Lesser: ""Ein Tag in unserer Stadt""",Berlin
1968,160,"Siegfried Matthus - ""Der letzte Schuß""",Berlin
1968,161,"Konzerte im Profil. Bemerkungen zur Spielzeit 1967/68",Berlin
1968,162,"Musik in der sozialistischen Gesellschaft",Berlin
1968,163,"Bruckners VII. Sinfonie, gespielt vom Berliner Sinfonieorchester",Berlin
1968,164,"Johann Cilensek: Konzertstück für Klavier und Orchester",Berlin
1968,165,"Vokalsolistische Interpretation von Arbeiter- und Kampfliedern, dargestellt am
            Schaffen Hanns Eislers",Berlin
1968,166,"Berlin, wie es weint und lacht. Spaziergänge durch Berlins
            Operettengeschichte",Berlin
1968,167,"Auf welchen Musikinstrumenten soll man heute die Musik Johann Sebastian Bachs
            spielen",Leipzig
1968,168,"Musikinstrumenten-Museum Leipzig mit alter Tradition",Plauen
1968,169,"Gedanken zur Restaurierung historischer Musikinstrumente",Kassel
1968,170,"Vorwort zu: ""Partita über ein eigenes Thema für Orgel-Positiv"" von Georg Trexler
            (1965)",Leipzig
1968,171,"Georg Trexler 65 Jahre",Leipzig
1968,172,"Zweite Internationale Arbeitstagung für die Erforschung der Volksmusikinstrumente
            Europas",Berlin
1968,173,"Die Orgel als Gegenstand landschaftlicher Denkmalpflege, dargestellt an der
            Ladegast-Orgel im Dom zu Schwerin",Rostock
1968,174,"Eine Studienreise in die Volksrepublik Ungarn",Berlin
1968,175,"Das ""Kleine Magnificat"" BWV Anh. 21 und sein Komponist",Kassel
1968,177,"Untersuchungen über Entwicklung und Stand der Musiktherapie",Halle
1968,178,"Drei Uraufführungen von Ernst Hermann Meyer. Kantate: Oktoberpoem",Berlin
1968,179,"Wir und die Musik",Berlin
1968,180,"Beiträge zu einem neuen Monteverdi-Bild",Halle
1968,181,"Gedanken zum Bach-Bild der Gegenwart",Halle
1968,182,"Händels Operntyp und seine Darbietungsprobleme",Halle
1968,183,"Zur Realismus-Diskussion in der Musik",Halle
1968,184,"Georg Philipp Telemann - ein hervorragender musikalischer Repräsentant der
            Aufklärung",Halle
1968,185,"Der spezifische Ausdruckscharakter der Musik",Leipzig
1968,186,"Zum Wertproblem der sozialistischen Gegenwartsmusik",Leipzig
1968,187,"Max Schneider. 1875-1967",Stuttgart
1968,188,"Der Bitterfelder Weg und die Musik",Berlin
1968,189,"Besprechung von Aufführungen der X. Arbeiterfestspiele",Berlin
1968,190,"Händels ""Alcina""",Berlin
1968,191,"Historische Grundlagen der DDR-Musik",Berlin
1968,192,"Was erwartet der Musikwissenschaftler vom Musikalienhandel",Leipzig
1968,193,"Händel auf der Wende von der Oper zum Oratorium",Halle
1968,194,"Die Prinzipien des Bitterfelder Weges und die Musik",Leipzig
1968,195,"Günter Kochan ""Die Asche von Birkenau""; Ernst Hermann Meyer - Serenata pensierosa.
            Schallplattentextheft",Berlin
1968,196,"Drei Uraufführungen, von Ernst Hermann Heyer. Zweites Präludium für Violine
            solo",Berlin
1968,197,"Drei Uraufführungen von Ernst Hermann Meyer. Neue Lieder",Berlin
1968,198,"Muslkalische und technische Aspekte der elektronischen Klangkunst",Prag
1968,199,"Neue Schütz-Ermittlungen",Leipzig
1968,200,"Berliner Volksliedarchiv (BVA)",Berlin
1968,201,"Internationale Arbeitstagung für Volksmusikforschung in Polen",Berlin
1968,202,"Erste Arbeitstagung der Studiengruppe zur Erforschung und Edition älterer
            Volksliedquellen des International Folk Music Council",Berlin
1968,203,"3. Arbeitskonferenz der Study Group of Folk Music Systematization des IFMC",Berlin
1968,204,"Aufgaben der Volksmusikinstrumentenforschung",Wien
1968,205,"Zur Typologie der Volksmusikinstrumente",Berlin
1968,206,"Handbuch der europäischen Volksmusikinstrumente 1/1: Sárosi, Bálint: Die
            Volksmusikinstrumente Ungarns",Leipzig
1968,207,"Musikethnologische Jahresbibliographie. 1",Bratislava
1968,209,"Spartakus lebt. Bemerkungen zum Ballett ""Spartakus"" von Aram Chatschaturjan",Berlin
1968,210,"Aram Chatschaturjan",Leipzig
1968,211,"Debakel des Nonkonformismus. Das 41. Weltfestival des IGNM",Berlin
1968,212,"Hochschule für Musik Leipzig, gegründet als Conservatorium der Musik.
            1843-1968",Leipzig
1968,213,"Stimmstörungen im Kinderchor",Berlin
1968,214,"Psychologische und physiologische Ursachen des Detonierens im A-cappella-Chor",Berlin
1968,215,"225 Jahre Gewandhausorchester - 225 Jahre Gewandhauskonzerte",Berlin
1968,216,"L'influsso die Monte-verdi sull'opera veneziana",Mailand
1968,217,"Vivaldi und der Stil der italienischen Oper",Stuttgart
1968,218,"Felix Mendelssohn-Bartholdy - Sinfonie IX—XIII; Sinfoniesatz in c",Leipzig
1968,219,"Jedermann und die moderne Kunst",Kassel
1968,220,"Zur Erstausgabe von Mendelssohns Jugendsinfonien",Leipzig
1968,221,"Musikgeschichte in Bildern: Oper, Szene und Darstellung von 1600 bis 1900",Leipzig
1968,222,"Repertoire iconographique de l'Opera (RICO)",Middleton
1968,223,"Ein Weg zum Jazz",Berlin
1968,224,"Kleine Anleitung zum Komponieren einfacher Kanons",Berlin
1968,"F 1","Die historischen Theaterzettel-Sammlungen in der DDR und ihre
            musikwissenschaftlicher. Aspekte",Rostock
1968,"F 2","Rezeptionskundliche Untersuchungen zur Tanzmusik in der Deutschen Demokratischen
            Republik",Halle
1968,"F 3","Weltanschauliche Formierung der Komponistenpersönlichkeit (Arbeitsthema)",Leipzig
1968,"F 4","Musikalische Landschaftsforschung (Inventarisierung mitteldeutscher
            Musikdenkmäler)",Halle
1968,"F 5","G. F. Händels Werke und ihre Edition durch F. Chrysander. Eine kritische Auswertung
            der 1. Händel-Gesamtausgabe samt einem Verzeichnis aller darin veröffentlichten
            Werke",Halle
1968,"F 6","Die Entwicklung der geigerischen Spieltechnik und der Schul- und Lehrwerke für die
            Violine. Ein Beitrag zur Geschichte der Violinmusik vom 17. bis zum 19.
            Jahrhundert",Halle
1968,"F 7","Rezeptionskundliche Untersuchungen der Einfühlungsästhetik bei Lipps, Hartmann und
            Volkelt",Halle
1968,"F 8","Die Bedeutung des Davidsbündlerkreises für die Musikanschauung und die
            Musikgeschichte des 19. Jahrhunderts",Berlin
1968,"F 9","Struktur und Wirkung des Instrumentalkonzertes in der DDR 1945 bis 1969",Greifswald
1968,"F 10","Volksliedarchiv, Lied in der Schule",Halle
1968,"F 11",Knabenchorentwicklung,Halle
1968,"F 12","Die Effektivität von Unterrichtstonbändern",Halle
1968,"F 13","Untersuchungen über den Leistungsstand der Studierenden im Fach Sprecherziehung von
            der Aufnahme bis zur Abschlußprüfung",Weimar
1968,"F 14","Untersuchungen über die musikalische Entwicklung von Unterstufenkindern",Rostock
1968,"F 15","Zur Wertung verschiedener musikästhetischer Begriffe der Arbeiten Eduard
            Hanslicks",Halle
1968,"F 16","Das Lebenswerk Max Buttings",Berlin
1968,"F 17","Geschichte der Musikerziehung",Greifswald
1968,"F 18","Beiträge zur Musikgeschichte der Stadt Wismar von der Gründung der Stadt bis Ende des
            17. Jahrhunderts",Berlin
1968,"F 19","Die Funktion der Zeitschrift ""Musik in der Schule"" bei der Verwirklichung der
            Bildungs- und Erziehungsziele in der sozialistischen Schule der DDR. (Ein Beitrag zur
            Geschichte der Schulmusik in der DDR)",Berlin
1968,"F 20","Die Wandlungen der Klavierkunst zur Mitte des 18. Jahrhunderts, insbesondere die
            Stileigenschaften der Klaviermusik in der Zeit des Nebeneinanderbestehens von
            Clavichord, Cembalo und Hammerflügel",Leipzig
1968,"F 21","Akustische Untersuchungen der Vibration bei Gesangsstimmen und ihre Bedeutung für den
            Informationswert beim Musikhören",Halle
1968,"F 22",Bach-Forschung,Rostock
1968,"F 23",Vivaldi-Forschung,Rostock
1968,"F 24","Mecklenburgische Landes und Lokalmusikgeschichtsforschung",Rostock
1968,"F 25","Arabische Musik",Leipzig
1968,"F 26","Der Begriff des Maqam im heutigen Ägypten",Berlin
1968,"F 27","Die Hauptrichtungen der westdeutschen Musikästhetik, dargestellt an ihrem Verhältnis
            zur neuen Musik",Halle
1968,"F 28","Sozialpsychologie der musikalischen Unterhaltung",Berlin
1968,"F 29","Die wissenschaftsgeschichtliche und philosophische Position von Erich M. von
            Hornbostel",Berlin
1968,"F 30","Untersuchungen zur Analyse und Entwicklung der Schülerleistungen im
            rhythmisch-metrischen Bereich des Musikunterrichts der Mittelstufe",Leipzig
1968,"F 31","Vertonung Brechtscher Stücke",Halle
1968,"F 32","Studien zum Musikleben der Römer",Halle
1968,"F 33","Zur Geschichte der Händel-Biographik bis Chrysander",Halle
1968,"F 34","Die Sonatenform im Schaffen Béla Bartóks (Arbeitstitel)",Rostock
1968,"F 35","Zur Interpretation und Rezeption von Beethovens Klaviersonaten",Halle
1968,"F 36","Rezeptionskundliche Untersuchungen über die ideelle Programmatik in der Sinfonik bei
            Schostakovitsch",Halle
1968,"F 37","Der Marsch im Schaffen Schumanns",Berlin
1968,"F 38","Das Cembalo in der Musik des 20. Jahrhunderts",Rostock
1968,"F 39","Psychologische und ästhetische Untersuchungen über Entwicklung und Stand der
            Gefühlstheorie als Voraussetzung für die Anwendung in der musikalischen
            Rezeption",Halle
1968,"F 40","Untersuchungen über die Singefähigkeit bei Schulanfängern zum Zeitpunkt des
            Schulbeginns und über die Möglichkeiten, die Singefähigkeit bei stimmunsicheren und
            falschsingenden Schulanfängern zu entwickeln",Leipzig
1968,"F 41","Freude schöner Götterfunken. Konzeptionelle Struktur-Untersuchungen an einigen Werken
            Beethovens",Berlin
1968,"F 42","Dialektische Methoden der musikalischen Inhalts-Erforschung (Syntaktisch-semantische
            Struktur-Untersuchungen)",Berlin
1968,"F 43","Die gemischten Register im historischen und zeitgenössischen deutschen
            Orgelbau",Rostock
1968,"F 44","Erschließung von Musik des 16.-18. Jahrhunderts aus sächsischen Bibliotheken",Leipzig
1968,"F 45","Der Einfluß der Technik auf die Entwicklung der Tanz- und Unterhaltungsmusik",Berlin
1968,"F 46","Fidelio F. Finke – Leben und Werk",Berlin
1968,"F 47","Einflüsse des französischen Impressionismus auf Bartók",Leipzig
1968,"F 48","Dialektik von Werk und Ideologie bei Gustav Mahler",Berlin
1968,"F 49","Mussorgski in Deutschland",Leipzig
1968,"F 51","Der Musikdramatiker Carl Orff",Leipzig
1968,"F 52","Möglichkeiten und Grenzen der Programmierung des Musikunterrichts in kybernetischer
            Sicht",Leipzig
1968,"F 53","Die ""Transmissionen"" der kubanischen Spiritisten (Musikethnologische und
            soziologische Untersuchungen zum Transkulturationsproblem) - Diss., Inst. f. Musikwiss
            Leipzig.",Leipzig
1968,"F 54","Wege zur effektiven Gestaltung des Musikunterrichts auf dem Gebiet des Musikhörens
            unter besonderer Berücksichtigung der schöpferischen Arbeit der Schüler",Leipzig
1968,"F 55","Der Einfluß der Folklore auf die Musik des 20. Jahrhunderts",Leipzig
1968,"F 56","Musiklehre und Musikleben an der Universität Rostock 1419-1789",Rostock
1968,"F 57","Systematische Grundlagen für das Musikhören in der Einheit von Singen und Erfassen
            musikalischer Zusammenhänge",Halle
1968,"F 58","Studien zu einer Metatheorie der Musikwissenschaft",Halle
1968,"F 60","Die Musikerziehung in Westdeutschland seit der Zerschlagung des Faschismus - ein
            Beitrag zur Klärung ihrer politischen, ideologischen, pädagogischen und methodischen
            Position",Halle
1968,"F 61","Die Spezifik der Ballettmusik",Rostock
1968,"F 63","Die italienische und deutsche Violinsonate in der Dresdner Musikpflege des 18.
            Jahrhunderts",Rostock
1968,"F 64","Untersuchungen über die Wirkung der Musik auf die Persönlichkeitsentwicklung",Zwickau
1968,"F 65","Probleme der Harmonik in Prokofjews KlavierSonaten",Halle
1968,"F 66","Bartoks ""polymodale Chromatik"" - Ein Beitrag zur Analyse seines Schaffens",Leipzig
1968,"F 67","Matjapat-Lieder in den Kulturgebieten von Zentral- und Westjava",Berlin
1968,"F 69","Idealbildung durch Musik als ein Faktor bei der Herausbildung der Persönlichkeit im
            Pubertätsalter",Leipzig
1968,"F 70","Das Musiktheater Carl Orffs",Leipzig
1968,"F 71","Faktorenanalytische Typenbestimmung an Volksliedmelodien. Versuch einer typologischen
            Ordnung altmärkischer Melodien - Sammlungen Parisius, Stockmann u.a",Berlin
1968,"F 72","Untersuchungen zum sinfonischen Schaffen der jüngeren Komponistengeneration in der
            Deutschen Demokratischen Republik",Jena
1968,"F 73","Hindemiths Fugentechnik",Leipzig
1968,"F 74","Störfaktoren beim Hören musikalischer Werke",Halle
1968,"F 75","Der Einfluß der polnischen Musik auf die deutsche Musik im 16.-17.
            Jahrhundert",Halle
1968,"F 76","Untersuchungen zur szenischen Kantate für Kinder und Jugendliche in dem Zeitraum von
            1945 bis 1966",Greifswald
1968,"F 77","Spezifische Gestaltungsprinzipien der sozialistischen Vokalsinfonik",Berlin
1968,"F 78","Musikpflege der Stadt Jena von 1750 bis zur Gegenwart",Jena
1968,"F 79","Die Klavier-Improvisation in der Musikerziehung der Gegenwart. Ein Beitrag zur
            schöpferischen Gestaltung des Musikunterrichts",Greifswald
1968,"F 80","Musikhören in der allgemeinbildenden polytechnischen Oberschule",Halle
1968,"F 81","Zur Interpretation und Rezeption der weltlichen mehrstimmigen Vokalmusik des
            Cinquecento",Halle
1968,"F 82","Versuch einer Klassifikation von nach 1945 entstandenen volkstümlichen Liedern unter
            besonderer Berücksichtigung ihres Verhältnisses zu den Intonationen des
            Volksliederbes",Leipzig
1968,"F 83","Untersuchungen über Bedeutung und Wirkung des Interesses von Schülern für Tanz- und
            Unterhaltungsmusik im Unterrichtsprozeß des Faches Musik der zehnklassigen
            allgemeinbildenden polytechnischen Oberschule",Leipzig
1968,"F 84","Untersuchung gesangsmethodischer Tendenzen in den bedeutendsten Schulliederbüchern
            und Schulgesetzen von 1810 bis 1930; ein Beitrag für die Förderung der Singefähigkeit in
            der sozialistischen Schule",Berlin
1968,"F 85","Der Einfluß des Bewegungsvorganges beim Klavierspielen auf die Interpretation",Leipzig
1968,"F 86","Das italienische Intermezzo in der Dresdener Opernpflege des 18. Jahrhunderts
            (Arbeitstitel)",Rostock
1968,"F 87","Die Funktion des Akkordeons innerhalb der Musikkultur Deutschlands und die
            Entwicklung seiner Spieltechnik in der Zeit von 1918 bis zur Gegenwart, dargestellt an
            den wichtigsten Schulwerken und der Spielliteratur",Greifswald
1968,"F 88","Systematische Untersuchungen zur Intonation der Streichquartettinstrumente",Halle
1968,"F 89","Johann Abraham Peter Schulz als Komponist und Musikschriftsteller",Berlin
1968,"F 91","Analyse einer musiksoziologischen Untersuchung",Berlin
1968,"F 92","Das Verhältnis von auditiver und visueller Analyse beim Erfassen musikalisch
            gestalteter Zeitstrukturen",Berlin
1968,"F 93","Untersuchung des Singeprozesses bei Jugendlichen während der Mutation",Berlin
1968,"F 94","Empirische Untersuchungen über die emotionale Wirkung von Musik verschiedener Epochen
            auf Kinder und Jugendliche",Weimar
1968,"F 95","Untersuchungen zum Problem musikalischer Begabungsdiagnostik",Weimar
1968,"F 96","Der Göttinger Hainbund und die Musik",Leipzig
1968,"F 97","Kuhnau - seine Klaviermusik. Ihre Vorbilder, ihre Nachwirkung",Leipzig
1968,"F 98","Tanzmusik und Pubertät",Leipzig
1968,"F 99","Untersuchungen über die Wirkung der Musik auf die Persönlichkeitsentwicklung",Zwickau
1968,"F 100","Robert Schumanns künstlerische Entwicklung in seinem Liedschaffen",Rostock
1968,"F 101","Das Beethoven-Bild in der Pädagogischen Literatur",Halle
1968,"F 102","Die gesellschaftlichen Wurzeln des Fortschrittsbegriffes bei Max Reger",Halle
1968,"F 103","Darstellung des Lebensbildes und der schöpferischen Entwicklung von Kurt
            Schwaen",Berlin
1968,"F 104","Untersuchungen zur Aufführungspraxis von Chorwerken Hans Leo Haßlers",Halle
1968,"F 105","Das Kantatenschaffen Johann Philipp Kriegers",Halle
1968,"F 106","Untersuchungen zur Musikgeschichte Meiningens",Halle
1968,"F 107","Die Streichquartette Dmitri Schostakowitschs",Greifswald
1968,"F 108","Entwicklung des Musikerlebens auf der Grundlage pädagogisch gesteuerter
            Motivsetzungen",Berlin
1968,"F 109","Johannes Weyrauch",Leipzig
1968,"F 110","Einstellungsstereotype bei der Rezeption von Tanzmusik und tanzmusikähnlicher Musik
            durch Jugendliche",Berlin
1968,"F 111","Funktion und Formen des Tanzes zwischen 1800 und 1914: Studien zur Geschichte und
            Rezeption des Tanzes in Deutschland",Leipzig
1968,"F 112","Untersuchungen zur Musikkultur Wernigerodes",Halle
1968,"F 113","Untersuchungen zum kommunikativen Effekt in Liedgesang",Erfurt
1968,"F 115","Die Stellung von Franz Liszt in der Musikgeschichte des 19. Jahrhunderts",Halle
1968,"F 116","Möglichkeiten der Werkanalyse zeitgenössischer Klavierwerke im Dienste der Rezeption
            von Musikwerken bei Schülern der EOS und werktätigen Hörern",Halle
1968,"F 117","Charakteristik und Wirksamkeit der Prinzipien linearen Gestaltens - untersucht und
            dargestellt an Kompositionen von Fred Lohse",Leipzig
1968,"F 118","Zum Problem der Reprise - Untersuchungen zum Instrumentalschaffen im 1. Jahrzehnt des
            XX. Jahrhunderts in Österreich",Berlin
1968,"F 119","Die Entwicklung des Deutschen Sängerbundes 1862-1918",Jena
1968,"F 120","Das Klavierspiel und seine Lehre im deutschsprachigen musikalischen und pädagogischen
            Schrifttum des 18. Jahrhunderts. Beiträge zur Geschichte der musikalischen Bildung im
            Zeitalter der Aufklärung",Halle
1968,"F 121","Untersuchungen zur Musikgeschichte Eisenachs",Halle
1968,"F 122","Entwicklung der russischen Klaviermusik von Glinka bis Rachmaninow",Leipzig
1968,"F 123","Die Entwicklung des Jugendliedes seit 1945 im Gebiet der DDR",Halle
1968,"F 124","Die Musikerziehung in Deutschland zwischen der Französischen Revolution von 1789 und
            der bürgerlich-demokratischen Revolution von 1848",Weimar
1968,"F 125","Robert Schumann und Heinrich Heine. Eine historisch-ästhetische Untersuchung anhand
            der Vertonungen mit Berücksichtigung einiger Probleme der Liedanalyse",Berlin
1968,"F 126","Hans von Bülow - Leben und Werk (Arbeitstitel)",Berlin
1968,"F 127","Das ""Yuemu cizi"" in seinerschlagrhythmischen und formstrukturellen Gestaltung",Leipzig
1968,"F 128","Schumann im Spiegel der Tagesliteratur, ein Beitrag zur Erforschung der
            Schumann-Rezeption zwischen 183o und 1956",Halle
1968,"F 129","Der Einfluß der instrumentalen Improvisation auf den künstlerischen Entwicklungsgang
            und das Schaffen des Komponisten",Leipzig
1968,"F 130","Zur Qualitätsbewertung von Musikinstrumenten (Arbeitstitel)",Rostock
1968,"F 131","Händel-Forschung: Forschungsarbeit, Inst. f. Musikwiss. Halle",Halle
1968,"F 132","Musikalische Rezeptionsforschung",Halle
1968,"F 133","Untersuchungen zur Dialektik von Persönlichkeitsbildung und Unterhaltung in der
            sozialistischen Nationalkultur",Leipzig
1968,"F 134","Das mitteldeutsche Singspiel in der zweiten Hälfte des 18. Jahrhunderts",Leipzig
1968,"F 135","Die Musikpflege an der ehemaligen Fürstenschule St. Augustin zu Grimma",Rostock
1968,"F 136","Kommauntersuchungen beim zweistimmigen Singen mittels Zählröhrenmeßgerät",Halle
1968,"F 137","Probleme der Herausarbeitung der realistischen Tendenzen bei der musikalischen
            Einstudierung von Opern",Leipzig
1968,"F 138","Operninterpretation 1918-1933",Halle
1968,"F 139","Die Sinfonien Sergej Prokofjews. Ein Beitrag zur Methodik der Analyse",Berlin
1968,"F 140","Beziehungen des deutschen Liedes zur russisch-sowjetischen Folklore",Leipzig
1968,"F 141","Die Klaviersonate von 1830-1850. Ein Beitrag zur Geschichte der Klaviersonate",Halle
1968,"F 142","Untersuchungen zum Busoni-Bild anhand seines Nachlasses",Berlin
1968,"F 143","Die Ästhetik des Jugend-Liedes (1945-1970)",Leipzig
1968,"F 144","Heinrich Sattler, ein Beitrag zur Landschaftsforschung",Halle
1968,"F 145","Johann Adolf Hasse. Ein dramaturgischer Vergleich von Hasses Dresdener Antrittsoper
            'Cleofide' (1731) und Händels 'Poro' (1731 London). Untersuchung zur Affekterkennung an
            Opern des 18. Jahrhunderts",Leipzig
1968,"F 146","Beiträge zur Geschichte der Stadt Stendal",Halle
1968,"F 147","Das musikalische Thema - seine tonsprachlichen Funktionen und Positionen
            (Arbeitstitel)",Rostock
1968,"F 148","Anteil und Funktion des musikalischen Erbes in den deutschen Musikschulwerken von
            1918-1966",Greifswald
1968,"F 149","Die Liedbegleitung auf der Gitarre (Laute) und das Lautenlied in der Zeit der
            deutschen Jugendbewegung (1900-1933)",Halle
1968,"F 150","Die Solokonzerte von Dmitri Schostakowitsch",Halle
1968,"F 151","Das Klavierwerk von Mendelssohn",Leipzig
1968,"F 152","Zum Begriff des Sinfonischen in den Kammersinfonien (einschließlich Sinfonien für
            Kammerorchester) des 20. Jahrhunderts",Leipzig
1968,"F 153","Zur Herausgabe von musikalischen Denkmälern im 19. Jahrhundert (Arbeitstitel)",Rostock
1969,1,"Probleme unserer Tanzmusik",Berlin
1969,2,"Analytische Aspekte der Tanzmusikproduktion und -rezeption",Berlin
1969,3,"Musikgeschichte in Bildern III, Lieferung 3 = Smits van Waes-berghe, Josef:
            Musikerziehung. Lehre und Theorie der Musik im Mittelalter",Leipzig
1969,4,"Telemann, Georg Philipp, Musikalische Werke Bd. XXI: Der neumodische Liebhaber Dämon
            oder Die Satyrn in Arcadien, Oper, Hamburg 1724",Kassel
1969,5,"Carl Loewe (30.11.1796-20.4.1869). Zur Konzeption eines zeitgenössischen
            Loewe-Bildes",Berlin
1969,6,"Renaissance-Elemente im deutschen Lied 1450 - 1500",Budapest
1969,7,"Musikgeschichte in Bildern III, Lieferung 3: Smits van Waesberghe, Josef:
            Musikerziehung. Lehre und Theorie der Musik im Mittelalter",Leipzig
1969,8,"Die Einflüsse August Schumanns, Carl Ernst Richters und Martin Oberländers auf die
            politische Entwicklung Robert Schumanns",Berlin
1969,10,"Fragen zur Fagottbesetzung in den kirchenmusikalischen Werken Johann Sebastian
            Bachs",Berlin
1969,11,"Kriterien des sozialistischen Neuerertums",Berlin
1969,12,"Probleme der Hanns-Eisler-Forschung",Berlin
1969,13,"Zu Robert Schumanns letzten Kompositionen",Berlin
1969,14,"Bemerkenswertes zur Genealogie Robert Schumanns",Kassel
1969,15,"Über Charakter und Geschichte der Dresdner Vivaldi-Manuskripte",Brüssel
1969,16,"Über Dresdens Bedeutung für das Schaffen Bachs: In: Bach-Fest-Buch zum 43. Deutschen
            Bach-Fest",Leipzig
1969,17,"Serie und Zyklus in Bachs Instrumentalsammlungen: In: Bach-Interpretationen",Göttingen-Zürich
1969,18,"Franz Liszt (Biografie)",Leipzig
1969,19,"G.Ph. Telemann, Konzert D-Dur für 3 Clarinen (Trompeten), Pauken, 2 Oboen, Fagott (ad
            lib.), Streichorchester und Bc",Leipzig
1969,20,"Die Musik G.Ph. Telemanns im Urteil seiner Zeit (I. Teil)",Leipzig
1969,21,"Anmerkungen zu Friedrich Chrysanders Gesamtausgabe der Werke Händels und zu seiner
            Editionstechnik",Leipzig
1969,22,"G.F. Händel, Sieben Sonaten für zwei Violinen.und Basso continuo op. 5",Leipzig
1969,23,"G.F. Händel, Orlando, Oper in 3 Akten. Partitur: In: Hallische Händel-Ausgabe. Serie
            II: Opern, Bd. 28",Leipzig
1969,24,"Zu einigen Problemen der Unterrichtsgestaltung im Fach Musik",Berlin
1969,25,"Das Bachschrifttum 1958-1962",Berlin
1969,26,"Zwanzig Notizen zu einer Aufführungskonzeption von ""Porgy and Bess""",Berlin
1969,27,"Über Massenwirksamkeit von Musik",Leipzig
1969,28,"Bemerkungen zum Bericht von W. Lottermoser","Frankfurt a. M."
1969,29,"Möglichkeiten des Tanztheaters",Berlin
1969,30,"Klanganalytische Untersuchungen der beiden Orgeln in der Thomaskirche zu
            Leipzig",Berlin
1969,31,"Zur Aufführung des Zyklus ""Unsere Träume sind aus Glas und Tau"" von A. Müller und G.
            Fredrich durch den Chor des VEB Chemische Werke Buna",Halle
1969,32,"Der Bitterfelder Weg und unser Chorschaffen",Leipzig
1969,33,"... nicht von anderen Genres isolieren",Berlin
1969,34,"Der Komponist Hans Pfitzner",Berlin
1969,35,"Die Musikpflege an der Universität Leipzig von 1800 bis zur Gegenwart",Berlin
1969,36,"Das Leipziger Gewandhausorchester",Leipzig
1969,37,"Dialektische musikdramaturgische Verfahren in der Oper ""Der letzte Schuß""",Berlin
1969,38,"Dessau/Maurer - Lieder (Schallplattentextheft)",Berlin
1969,39,"Wilhelm Weismann - Lieder und Chöre (Schallplattentextheft)",Berlin
1969,40,"Kurt Schwaen - Leonce und Lena (Schallplattentextheft)",Berlin
1969,41,"Ludwig van Beethovens Konversationshefte. Band 4, Hefte 38-48",Leipzig
1969,42,"Hülsdorf - Gotha aktuell",Berlin
1969,43,"Flamenco: In: Fiesta Gitana, Flamencotänze spanischer Zigeuner (Programmheft)",Berlin
1969,44,"Ballett Brasiliana Rio de Janeiro (Programmheft)",Berlin
1969,45,"Indische Tänze und Musik (Programmheft)",Berlin
1969,46,"Die ""Jüdische Chronik” im Unterricht der erweiterten Oberschule",Berlin
1969,47,"Sechs Bagatellen zwischen Breitkopf &amp; Härtel und Beethoven: In: Pasticcio auf
            das 250jährige Bestehen des Verlages Breitkopf &amp; Härtel. Beiträge zur Geschichte
            des Hauses",Leipzig
1969,48,"Publikationen der Musikverlage zum 20. Jahrestag der DDR","Frankfurt a. M."
1969,49,"""positionen - kammermusik junger komponisten""","Frankfurt a. M."
1969,50,"Bildungs- und Erziehungsaufgaben in der Musikschule und Möglichkeiten ihrer Erfüllung
            durch die Arbeit an Werken des sozialistischen Gegenwartsschaffens",Berlin
1969,51,"Jacques Offenbachs Werke in Wien und Berlin. Zum 150. Geburtstag des Komponisten am
            20. Juni 1969",Berlin
1969,52,"Musikalisches Bühnenwerk und musizierend darstellende Kunst",Berlin
1969,53,"Unveröffentlichte Briefe Franz Liszts",Berlin
1969,54,"Mathematische Untersuchungen zur musikalischen Akkordlehre",Berlin
1969,55,"Leopold Mozart, Gründliche Violinschule. Faksimile - Nachdruck der 3. Auflage",Leipzig
1969,56,"Die Stellung der Berufsmusiker in der Gesellschaft des antiken Griechenland",Berlin
1969,57,"Die ""polymodale Chromatik"" Bela Bartóks. Ein Beitrag zur stilkritischen
            Analyse",Leipzig
1969,58,"Wir brauchen die schöpferische Gemeinschaft! Kooperation von Zirkeln schreibender und
            komponierender Arbeiter",Leipzig
1969,59,"Die Lust am Schaffen in der Lebensbejahung des Sozialismus entzünden und bewahren! -
            In",Volksmusik
1969,60,"Das Musiktheater Carl Orffs. Untersuchungen zu einem bürgerlichen Kunstwerk",Leipzig
1969,61,"Interpretationskritik: Gustav Mahlers I. Sinfonie",Berlin
1969,62,"Faktorenanalytische Typenbestimmung an Volksmelodien. Versuch einer typologischen
            Ordnung altmärkischer Melodien - Sammlung Parisius, Stockmann u.a: mit Hilfe eines
            Rechenautomaten ZRA 1",Berlin
1969,63,"Polarität und Metamorphose. Anmerkungen zu Siegfried Thieles Sinfonie in fünf
            Sätzen",Berlin
1969,64,"Die Musik im Zeitalter des sich entfaltenden Kapitalismus (2. Teil),
            (Schallplattenheft)",Berlin
1969,65,"Erinnerungen an Hanns Eisler",Berlin
1969,66,"Improvisation - Komposition, Überlegungen zu einem ungeklärten Problem der
            Musikgeschichte",Budapest
1969,67,"Die Improvisation in Händels Orgelkonzerten",Halle
1969,68,"Ludwig van Beethovens Konversationshefte. Band 4, Hefte 38-48",Leipzig
1969,69,"Mozarts Kompositionsweise. Beobachtungen am Figaro-Autograph",Salzburg
1969,70,"Wir lieben unsere Heimat. Jugend- und Massenlieder, 2. Folge
            (Schallplattentextheft)",Berlin
1969,71,"Die Entwicklung der Schallplattenproduktion in der DDR",Berlin
1969,72,"Die Funktion der Schallplatte und ihre Wirksamkeit in der Öffentlichkeit",Berlin
1969,73,"Eine unbekannte Liederhandschrift des 16. Jahrhunderts",Berlin
1969,74,"Meister unseres Musiktheaters. Zum 75. Geburtstag Paul Dessaus",Berlin
1969,75,"Vom Wesen der Oper. Opernkomponisten über die Oper",Berlin
1969,76,"Klanganalytische Untersuchungen der beiden Orgeln in der Thomaskirche zu
            Leipzig",Berlin
1969,77,"Die Verwendung der Schreibmaschine als Notenschreibmaschine",Berlin
1969,78,"Veränderungen, im Intonationsbild unserer neuen volksliedhaften
            Liedschöpfungen",Berlin
1969,79,"""Die Hochzeit der Tiere"" - eine neue Kantate im Musikhören Klasse 6",Berlin
1969,80,"Gesang vom Sozialismus, über die Entwicklung des Singens und Liedschaffens der
            Jugend",Berlin
1969,81,"Die Mehrstimmigkeit - Stiefkind des Musikunterrichts",Berlin
1969,82,"Carl Maria von Weber - Kunstansichten. Ausgewählte Schriften",Leipzig
1969,84,"Manipulation mit Musik",Leipzig
1969,85,"Zeitgenössische Musik in der Sicht der Hörer. Eine soziologische Betrachtung zur
            Rezeption",Berlin
1969,86,"Trend und Details in der An- und Aufnahme von Wort- und Musiksendereihen des
            Deutschen Demokratischen Rundfunks",Berlin
1969,87,"Thematische Arbeit in den Fugen des Wohltemperierten Klaviers",Berlin
1969,88,"Ernst Hermann Meyers 3. Streichquartett",Berlin
1969,90,"Einheit von Wahrheit, Menschlichkeit und Größe. Aus der Diskussion der Zentralen
            Delegiertenkonferenz des VDK",Berlin
1969,91,"""Seht. Großes ward vollbracht!"" Gedanken zum 20. Jahrestag der DDR",Berlin
1969,92,"Zum Gedenken Walther Vetters 10.5.1891 - 1.4.1967",Berlin
1969,93,"Louis Fürnberg zum Gedenken",Berlin
1969,94,"Die Aufgaben der Musikerziehung im System der sozialistischen
            Allgemeinbildung",Berlin
1969,95,"Musik und Musikunterricht im Urteil der Schüler",Berlin
1969,96,"Sozialistisches Menschenbild - Kunst und Kultur",Berlin
1969,97,"Musik und Jugend",Berlin
1969,98,"Geschichte, gegenwärtiger Entwicklungsstand und Perspektiven der Musikpsychologie
            (ungarisch)",Budapest
1969,99,"Das historische Hören (ungarisch)",Budapest
1969,100,"Akzeleration und Mutation: In: Festschrift für Frantisek Lýsek",Brno
1969,101,"Spielhemmungen bei Übung und Konzert und Möglichkeiten ihrer Überwindung (ungarisch):
            In: Sammlung allgemein- und musikpsychologischer Studientexte",Budapest
1969,102,"Musikpsychologische Grundlagen der Musikerziehung (bulgarisch): In: Musik in der
            Schule (Schriftenreihe für die Theorie u. Praxis der Musikerziehung)",Sofia
1969,103,"Kulturpolitische Positionen bei der Ausbildung von Diplomlehrern für Musik/Deutsch
            bzw. Deutsch/Musik in Zusammenhang mit Maßnahmen der 3. Hochschulreform",Zwickau
1969,104,"In Gesamtaufnahme: Beethovens Violinsonaten",Berlin
1969,105,"Darstellung des Lebensbildes und der schöpferischen Entwicklung von Kurt
            Schwaen",Berlin
1969,106,"Rudolf Wagner-Régeny, Begegnungen. Biographische Aufzeichnungen, Tagebücher und sein
            Briefwechsel mit Caspar Neher",Berlin
1969,107,"""Die Zauberflöte"" in der Inszenierung von Gustav Gründgens 1938 an der Deutschen
            Staatsoper Berlin",Berlin
1969,108,"Fremdschriftliche und gedruckte Dokumente zur Lebensgeschichte Johann Sebastian Bachs
            1685-1750",Leipzig
1969,109,"Probleme der Aufführungspraxis im Spiegel der Geschichte der Neuen
            Bachgesellschaft",Berlin
1969,110,"Dmitri Schostakowitschs 2. Klavierkonzert im Musikunterricht der erweiterten
            Oberschule (Abiturstufe)",Berlin
1969,111,"Zum Problem der nationalen Eigenständigkeit im musikalischen und musikpädagogischen
            Denken osteuropäischer Länder",Berlin
1969,112,"Zur geistigen Entwicklung der Schüler im Musikunterricht",Berlin
1969,113,"Johannes Weyrauch. Biographie und Untersuchungen über die Einflüsse traditioneller
            und zeitgenössischer Musik auf seinen Personalstil",Leipzig
1969,114,"Zur Geschichte der Musikpflege an der ehemaligen Universität Erfurt: In: Beiträge zur
            Geschichte der Universität Erfurt (1392-1816). Heft 13",Erfurt
1969,115,"Musical hierzulande. Ein Bericht und einige Erwägungen",Berlin
1969,116,"Nicht nur der Prinz hat zugenommen",Berlin
1969,117,"""Verlieb dich nicht in eine Heilige"" von C.U. Wiesner und. Siegfried Schäfer an der
            Staatsoperette Dresden",Berlin
1969,118,"Das gesellschaftliche ""Bäh!"". Kunads neue Oper ""Maitre Pathelin"" an der Staatsoper
            Dresden",Berlin
1969,119,"Musiktheater 1969. Erwägungen nach einer Spielzeit",Berlin
1969,120,"Bühnenraum und Musiktheater. Ein Gespräch mit Anmerkungen",Berlin
1969,121,"Heimatland, reck deine Glieder - Gedanken zur Behandlung der im Stoffverteilungsplan
            für den Musikunterricht Klasse 7 angegebenen Thematik",Berlin
1969,122,"Zur musikalischen Ausgestaltung von Jugendweihefeiern",Berlin
1969,123,"Zu einigen methodischen Aspekten der Übungsbehandlung von Stimm- und
            Sprachstörungen",Erfurt
1969,124,"Max Schneider zum Gedächtnis",Leipzig
1969,125,"Charakteristik und Wirksamkeit der Prinzipien linearen Gestaltens - untersucht und
            dargestellt an Kompositionen von Fred Lohse",Leipzig
1969,126,"Unsere Musikschulen - stolzes Ergebnis zwanzigjähriger Kontinuität kultureller
            Entwicklung",Berlin
1969,127,"Mein Liebchen hat ein Etwas. Derbdreiste Volkslieder",Leipzig
1969,128,"Der antiklassische Trend in der griechischen Musik der Klassik",Berlin
1969,129,"Maitre Pathelin oder die Hammelkomödie. Bemerkungen zu Rainer Kunads neuer
            Oper",Berlin
1969,130,"Deutscher Sängerbund (DSB) 1862-1945",Leipzig
1969,131,"Händelrenaissance. Band II. Händels Rolle als Aufklärer",Berlin
1969,131,"Händelrenaissance. Band II. Händels Rolle als Aufklärer",Weimar
1969,132,"Die historischen Bezüge des ""Messias""",Leipzig
1969,133,"""Saul"" - ein Geschichtsoratorium",Halle
1969,134,"Musikalisches Arkadien",Berlin
1969,135,"Grundfragen der Händel-Renaissance der Deutschen Demokratischen Republik",Berlin
1969,136,"Untersuchungen über Stimmbereiche bei männlichen Jugendlichen",Halle
1969,137,"Ludwig van Beethoven Briefe. Eine Auswahl",Berlin
1969,138,"""Ändere die Welt, sie braucht es!"" Notizen zum vokalsinfonischen Schaffen in der
            DDR",Berlin
1969,139,"Musik im Dienste des neuen Gegenstandes. Bemerkungen zum sinfonischen Schaffen in der
            DDR",Berlin
1969,140,"Siegfried Kurz - Konzert für Klavier und Orchester, op. 32; Wolfgang Hohensee -
            Konzertstück für Klavier und Orchester (Schallplattentextheft)",Berlin
1969,141,"Ernst Hermann Meyer - Concerto grosso für zwei Trompeten, Tenorposaune, Pauken und
            Streichorchester (1966); Konzert für Harfe und Orchester (1968).
            (Schallplattentextheft)",Berlin
1969,142,"Joachim Werzlau. Ein Komponistenporträt (Schallplattentextheft)",Berlin
1969,143,"Bekenntnis zum Ungewöhnlichen. Verdis Mitarbeit am Aida-Libretto",Berlin
1969,144,"""La Traviata"" 1960-1967",Berlin
1969,145,"Felsenstein inszeniert Prokofjew. In",Berlin
1969,146,"Ein Weg zu Kurt Schwaen",Berlin
1969,147,"Faust bei H. Berlioz. Zum 100.Geburtstag des Komponisten",Berlin
1969,148,"Konzertplan in der öffentlichen Diskussion",Berlin
1969,149,"Das ""Yuemu cizi"" in seiner schlagrhythmischen und formstrukturellen
            Gestaltung",Leipzig
1969,150,"Bemerkungen zum Bericht von W. Lottermoser: Fehler bei der Umrechnung von Graden der
            Foernerschen Windwaage in Millimeter-Wassersäule","Frankfurt a. M."
1969,151,"Georg Trexler",Leipzig
1969,152,"Die Ausbildung von Musikinstrumenten-Restauratoren im Musikinstrumenten-Museum der
            Karl-Marx-Universität Leipzig",Berlin
1969,153,"Musik-Lehrbuch für die Klassen 11 und 12",Berlin
1969,154,"Fremdschriftliche und gedruckte Dokumente zur Lebensgeschichte Johann Sebastian Bachs
            1685-1750",Leipzig
1969,155,"Johann Sebastian Bach und Christian Gottlob Meißner",Berlin
1969,156,"Johann Sebastian Bachs Kanonwidmungen",Berlin
1969,157,"Verleger und Autor",Leipzig
1969,158,"Musiktherapie bei Neurosen und funktionellen Störungen",Jena
1969,160,"Jahrbuch der Komischen Oper Berlin VIII. Spielzeit 1967/68",Berlin
1969,161,"Jahrbuch der Komischen Oper Berlin IX. Spielzeit 1968/69",Berlin
1969,162,"Entwurf eines Systems der Wissenschaft vom musizierenden Theater",Berlin
1969,163,"Probleme der Gestaltung des sozialistischen Menschenbildes auf der Musikbühne",Berlin
1969,164,"Die musikalische Gedankenwelt des ""Messias""",Leipzig
1969,165,"Die Halleschen Händelfestspiele. Höhepunkte im sozialistischen Musikleben der
            Deutschen Demokratischen Republik",Halle
1969,166,"Die nationale Kulturpolitik der DDR",Halle
1969,167,"Unser neues Bach-Bild",Leipzig
1969,168,"Zum Problem der Entwicklung einer selbständigen Instrumentalmusik in Deutschland im
            17. Jahrhundert: In: Kongreßbericht Musica Antiqua Acta Scientifica",Bydgoszcz
1969,169,"Die Entwicklung des Musikschaffens in der Deutschen Demokratischen Republik
            1949-1969: In: Lehrbriefe für das Fernstudium Musik, Reihe A, Lehrbrief 14",Halle
1969,170,"Breitkopf &amp; Härtel und die Musikwissenschaft: In: Pasticcio auf das
            250-jährige Bestehen des Verlages Breitkopf &amp; Härtel",Leipzig
1969,171,"Zum Gedenken Max Schneiders",Berlin
1969,172,"Hugo Riemann zum 50. Todestag (16.7.1849-10.7.1919)",Berlin
1969,173,"Untersuchungen zur Dialektik von Unterhaltung und Persönlichkeitsbildung in der
            sozialistischen Nationalkultur",Leipzig
1969,174,"Elektronische Datenverarbeitung in der Ethnologie und den ihr nahestehenden
            Wissenschaften",Berlin
1969,175,"Methoden der Klassifikation von Volksweisen",Bratislava
1969,176,"Europäische Volksmusik auf Schallplatten - I. Rumänische Volksmusik",Berlin
1969,177,"2. Musiktheater-Seminar, Juni 1969. Bericht aus der Arbeitsgruppe ""Von der Konzeption
            zur Aufführung""",Berlin
1969,178,"""Die Liebe zu drei Orangen"". Dokumente zur Aufführungsgeschichte",Berlin
1969,179,"Gustav Mahler als Dirigent und Regisseur. Ein Beitrag zur Geschichte der
            Operninterpretation",Berlin
1969,180,"Tendenzen im deutschen Volkslied nach der Französischen Revolution von 1789",Berlin
1969,181,"Beiträge zur Geschichte der Musik der Stadt Stendal",Halle
1969,182,"Probleme vergleichender Liedbetrachtung",Budapest
1969,183,"Psychologische Grundlagen zur Entwicklung der Singefähigkeit: In: Festschrift für
            Frantisek Lýsek",Brno
1969,184,"Die mütterlichen Verwandten Johann Sebastian Bachs in Erfurt. Ergänzungen und
            Berichtigungen zur Bachforschung",Berlin
1969,185,"Das Tempo bei Telemann",Berlin
1969,186,"Schumanns ""Genoveva"" und der Manierismus des 19. Jahrhunderts: In: Beiträge zur
            Geschichte der Oper",Regensburg
1969,187,"Bühnenbild und Inszenierung der italienischen Oper 1600-1700: In: Claudio Monteverdi
            e il suo tempo",Venezia
1969,187,"Bühnenbild und Inszenierung der italienischen Oper 1600-1700: In: Claudio Monteverdi
            e il suo tempo",Mantova
1969,187,"Bühnenbild und Inszenierung der italienischen Oper 1600-1700: In: Claudio Monteverdi
            e il suo tempo",Cremona
1969,188,"Laterna Magica-Projektionen auf dem Barocktheater: In: Maske und Kothurn",Wien
1969,188,"Laterna Magica-Projektionen auf dem Barocktheater: In: Maske und Kothurn",Köln
1969,189,"Bemerkungen zur Behandlung und zum Verständnis der Kantate ""Die Teppichweber von
            Kujan-Bulak"" von Brecht/Eisler (10. Klasse)",Berlin
1969,190,"Musikbibliotheken in der DDR",Berlin
1969,191,"Lehrprogramm zur Weiterbildung in Kursen für Lehrer im Fach Musik",Berlin
1969,192,"Pasticcio auf das 250jährige Bestehen des Verlages Breitkopf &amp; Härtel.
            Beiträge zur Geschichte des Hauses",Leipzig
1969,193,"Aus der Geschichte des Hauses Breitkopf &amp; Härtel: In: Pasticcio auf das
            250jährige Bestehen des Verlages Breitkopf &amp; Härtel",Leipzig
1969,194,"Breitkopf &amp; Härtels Instrumentenhandel und Klavierbau: In: Pasticcio auf das
            250jährige Bestehen des Verlages Breitkopf &amp; Härtel",Leipzig
1969,195,"Sirventes: In: Pasticcio auf das 250jährige Bestehen des Verlages Breitkopf &amp;
            Härtel",Leipzig
1969,196,"Bühnenraum und Musiktheater. Ein Gespräch mit Anmerkungen",Berlin
1969,197,"Aus dem Schaffen fortschrittlicher Komponisten des 18. Jahrhunderts",Berlin
1969,198,"Vorschläge zur Schulfeiergestaltung zum 20. Jahrestag der Deutschen Demokratischen
            Republik",Berlin
1969,199,"""Der Freischütz"" im Musikunterricht der Klasse 8",Berlin
1969,200,"Johann Friedrich Reichardt: Goethes Lieder, Oden, Balladen und Romanzen. Dritte
            Abteilung. Balladen und Romanzen. Nachdruck der ersten Ausgabe von 1809",Leipzig
1969,201,"Zur Herausgabe von Musikalischen Denkmälern im 19. Jahrhundert: In: Pasticcio auf das
            250jährige Bestehen des Verlages Breitkopf &amp; Härtel",Leipzig
1969,"F 1","Die historischen Theaterzettelsammlungen in der DDR und ihre musikwissenschaftlichen
            Aspekte",Rostock
1969,"F 2","Weltanschauliche Formierung der Komponistenpersönlichkeit (Arbeitsthema)",Leipzig
1969,"F 3","G.F. Händels Werke und ihre Edition durch F. Chrysander. Eine kritische Auswertung
            der 1. Händel-Gesamtausgabe samt einem Verzeichnis aller darin veröffentlichten
            Werke",Halle
1969,"F 4","Musikalische Landschaftsforschunq (Inventarisierung mitteldeutscher
            Musikdenkmäler)",Halle
1969,"F 5","Die Entwicklung der geigerischen Spieltechnik und der Schul- und Lehrwerke für die
            Violine. Ein Beitrag zur Geschichte der Violinmusik vom 17. bis zum 19.
            Jahrhundert",Halle
1969,"F 6","Rezeptionskundliche Untersuchungen der Einfühlungsästhetik bei Lipps, Hartmann und
            Volkelt",Halle
1969,"F 7","Die Bedeutung des Davidsbündlerkreises für die Musikanschauung und die.
            Musikgeschichte des 19. Jahrhunderts",Berlin
1969,"F 8","Struktur und Wirkung des Instrumentalkonzertes in der DDR 1945 bis 1969",Greifswald
1969,"F 9","Untersuchungen über den Leistungsstand der Studierenden im Fach Sprecherziehung von
            der Aufnahme bis zur Abschlußprüfung",Weimar
1969,"F 10","Das Lebenswerk Max Buttings",Berlin
1969,"F 11","Beiträge zur Musikgeschichte der Stadt Wismar von der Stadtgründung bis 1700",Berlin
1969,"F 12","Orgel-Inventar des Denkmalbezirks Erfurt. Forschungsauftrag. Beginn",Erfurt
1969,"F 13","Orgel-Inventar des Denkmalbezirkes Dresden. Forschungsauftrag, Institut für
            Denkmalpflege Dresden. Beginn",Dresden
1969,"F 14","Die Funktion der Zeitschrift ""Musik in der Schule"" bei der Verwirklichung der
            Bildungs- und Erziehungsziele in der sozialistischen Schule der DDR. (Ein Beitrag zur
            Geschichte der Schulmusik in der DDR)",Berlin
1969,"F 15","Die Wandlung der Klavierkunst zur Mitte des 18. Jahrhunderts, insbesondere die
            Stileigenschaften der Klaviermusik in der Zeit des Nebeneinanderbestehens von
            Clavichord, Cembalo und Hammerflügel",Leipzig
1969,"F 16","Akustische Untersuchungen der Vibration bei Gesangsstimmen und ihre Bedeutung für den
            Informationswert beim Musikhören",Halle
1969,"F 17","Die Instrumentalmusik in der deutschen Arbeiterbewegung vor 1933",Berlin
1969,"F 18","Kritische Betrachtung der Harmoniksysteme von Moritz Hauptmann und Arthur von
            Oettingen",Halle
1969,"F 19",Bach-Forschung,Rostock
1969,"F 20",Vivaldi-Forschung,Rostock
1969,"F 21","Mecklenburgische Regional-Musikgeschichtsforschung",Rostock
1969,"F 22","Arabische Musik",Leipzig
1969,"F 23","Der Begriff des maqām in Ägypten in neuerer Zeit",Berlin
1969,"F 24","Die Hauptrichtungen der westdeutschen Musikästhetik, dargestellt an ihrem Verhältnis
            zur neuen Musik",Halle
1969,"F 25","Sozialpsychologie der musikalischen Unterhaltung",Berlin
1969,"F 26","Die wissenschaftsgeschichtliche und philosophische Position von Erich M. von
            Hornbostel",Berlin
1969,"F 27","Studien zum Musikleben der Römer",Halle
1969,"F 28","G.F. Händels Triosonaten op. 2",Halle
1969,"F 29","Die Sonatenform im Schaffen Béla Bartóks",Rostock
1969,"F 30","Rezeptionskundliche Untersuchungen über die ideelle Programmatik in der Sinfonik bei
            Schostakowitsch",Halle
1969,"F 31","Der Marsch im Schaffen Schumanns",Berlin
1969,"F 32","Beiträge zur Interpretationsgeschichte der Klaviersonaten Beethovens",Halle
1969,"F 33","Die Bedeutung der Pionier-und Jugendblasorchester in der DDR für die musikalische
            Bildung und Erziehung",Halle
1969,"F 34","Zur Ausbildung von Lehrern für den Unterricht im Fach Gesang/Musik an
            allgemeinbildenden Schulen in Deutschland seit 1900",Halle
1969,"F 35","Das Cembalo in der Musik des 20. Jahrhunderts",Rostock
1969,"F 36","Psychologische und ästhetische Untersuchungen über Entwicklung und Stand der
            Gefühlstheorie als Voraussetzung für die Anwendung in der musikalischen
            Rezeption",Halle
1969,"F 37","Untersuchungen über die Singefähigkeit bei Schulanfängern zum Zeitpunkt des
            Schulbeginns und über die Möglichkeiten, die Singefähigkeit bei stimmunsicheren und
            falschsingenden Schulanfängern zu entwickeln",Leipzig
1969,"F 38","Dialektische Methoden der musikalischen Inhalts-Erforschung (Syntaktisch-semantische
            Struktur-Untersuchungen)",Berlin
1969,"F 39","Konzeptionelle Struktur-Untersuchungen an einigen Werken Beethovens",Berlin
1969,"F 40","Die gemischten Register im historischen und zeitgenössischen deutschen
            Orgelbau",Rostock
1969,"F 41","Erschließung von Musik des 16. bis 18. Jahrhunderts aus sächsischen
            Bibliotheken",Leipzig
1969,"F 42","Die Bedeutung des Chorgesangs für die ästhetische Bildung der Arbeiterklasse in der
            DDR",Halle
1969,"F 43","Der Einfluß der Technik auf die Entwicklung der Tanz- und Unterhaltungsmusik",Berlin
1969,"F 44","'Einflüsse des französischen Impressionismus auf Bartók",Leipzig
1969,"F 45","Dialektik von Werk und Ideologie bei Gustav Mahler",Berlin
1969,"F 46","Untersuchungen zur Aufnahme der Werke Mussorgskis in Deutschland (von den Anfängen
            bis ca. 1930)",Leipzig
1969,"F 48","Möglichkeiten und Grenzen der Programmierung des Musikunterrichts",Leipzig
1969,"F 49","Das Transmissionen-Singen im kubanischen Spiritismus. Musikethnologisch-soziologische
            Untersuchungen zur Transkulturations-Problematik im städtisch-halbproletarischen
            Kontaktbereich afroider und europäider Gruppenkulturen Kubas",Berlin
1969,"F 50","Wege zur effektiven Gestaltung des Musikunterrichts auf dem Gebiet des Musikhörens
            unter besonderer Berücksichtigung der schöpferischen Arbeit der Schüler",Leipzig
1969,"F 51","Das Massenlied. Zum Begriff und zur Entwicklungsgeschichte in der DDR seit 1945.
            Beginn",Leipzig
1969,"F 52","Musiklehre und Musikleben an der Universität Rostock von ihrer Gründung 1419 bis zum
            Ende des 18. Jahrhunderts",Rostock
1969,"F 53","Systematische Grundlagen für das Musikhören in der Einheit von Singen und Erfassen
            musikalischer Zusammenhänge",Halle
1969,"F 54","Studien zu einer Metatheorie der Musikwissenschaft",Halle
1969,"F 55","Die Musikerziehung in Westdeutschland seit der Zerschlagung des Faschismus. Ein
            Beitrag zur Klärung ihrer politischen, ideologischen, pädagogischen und methodischen
            Position",Halle
1969,"F 56","Die Spezifik der Ballettmusik",Rostock
1969,"F 57","Gottfried August Homilius und die evangelische Kirchenmusik Dresdens im 18.
            Jahrhundert",Rostock
1969,"F 58","Bedeutung und Funktion der musikalischen Bildung und Erziehung für die
            Persönlichkeitsentwicklung des sozialistischen Staatsbürgers",Zwickau
1969,"F 59","Probleme der Harmonik in Prokofjews Klaviersonaten",Halle
1969,"F 60","Die ""polymodale Chromatik"" Béla Bartóks. Ein Beitrag zur stilkritischen
            Analyse",Leipzig
1969,"F 62","Idealbildung durch Musik als ein Faktor bei der Herausbildung der Persönlichkeit im
            Pubertätsalter",Leipzig
1969,"F 63","Das Musiktheater Carl Orffs. Untersuchungen zu einem bürgerlichen Kunstwerk",Leipzig
1969,"F 64","Faktorenanalytische Typenbestimmung an Volksmelodien. Versuch einer typologischen
            Ordnung altmärkischer Melodien - Sammlung Parisius, Stockmann u.a: mit Hilfe eines
            Rechenautomaten ZRA 1",Berlin
1969,"F 65","Untersuchungen zum sinfonischen Schaffen der jüngeren Komponistengeneration in der
            DDR",Berlin
1969,"F 66","Untersuchungen zur Systematik im Lehrgangsaufbau Musikhören des Musiklehrplanes der
            allgemein-bildenden Schule",Halle
1969,"F 67","Der Einfluß der polnischen Musik auf die deutsche des heutigen Territoriums der DDR
            im 16. und 17. Jahrhundert",Halle
1969,"F 68","Untersuchungen zur deutschsprachigen szenischen Kantate für Kinder und Jugendliche in
            dem Zeitraum von 1945-1966",Greifswald
1969,"F 69","Spezifische Gestaltungsprinzipien, der sozialistischen Vokalsinfonik",Berlin
1969,"F 70","Musikpflege der Stadt Jena von 1750 bis zur Gegenwart",Jena
1969,"F 71","Die Bedeutung der Klavierimprovisation in der Musikerziehung der DDR. Ein Beitrag zur
            schöpferischen Gestaltung des Musikunterrichts und zur Entwicklung sozialistischer
            Erziehungspersönlichkeiten",Greifswald
1969,"F 72","Zur Interpretation und Rezeption der italienischen weltlichen mehrstimmigen
            Vokalmusik des 16. Jahrhunderts",Halle
1969,"F 73","Untersuchungen über die Struktur musikalischer Interessen bei Schülern der Klassen
            5-12 unserer sozialistischen Oberschule unter dem besonderen Aspekt des Anteils von
            Interessen für Tanz- und Unterhaltungsmusik",Leipzig
1969,"F 74","Der Einfluß des Bewegungsvorganges beim Klavierspielen auf die Interpretation",Leipzig
1969,"F 75","Das italienische Intermezzo in der Dresdener Opernpflege des 18. Jahrhunderts",Rostock
1969,"F 76","Die Funktion des Akkordeons innerhalb der Musikkultur Deutschlands und die
            Entwicklung seiner Spieltechnik in der Zeit von 1918 bis zur Gegenwart, dargestellt an
            den wichtigsten Schulwerken und der Spielliteratur",Greifswald
1969,"F 77","Systematische Untersuchungen zur Intonation der Streichquartettinstrumente",Halle
1969,"F 79","Johann Abraham Peter Schulz und die musikalische Entwicklung im Zeitalter von Sturm
            und Drang",Berlin
1969,"F 80","Analyse einer musiksoziologischen Untersuchung",Berlin
1969,"F 81","Das Verhältnis von auditiver und visueller Analyse beim Erfassen musikalisch
            gestalteter Zeitstrukturen",Berlin
1969,"F 82","Untersuchung des Singeprozesses bei Jugendlichen während der Mutation",Berlin
1969,"F 83","Empirische Untersuchungen über die emotionale Wirkung von Musik verschiedener Epochen
            auf Kinder und Jugendliche",Weimar
1969,"F 84","Untersuchungen zum Problem musikalischer Begabungsdiagnostik",Weimar
1969,"F 85","Psychologische Untersuchungen zum Entwicklungsniveau musikalischer Fähigkeiten bei
            Schuleintritt",Weimar
1969,"F 86","Der Hainbund und die Musik",Leipzig
1969,"F 87","Kuhnau - seine Klaviermusik. Ihre Vorbilder, ihre Nachwirkung",Leipzig
1969,"F 88","Tanzmusik und Pubertät",Leipzig
1969,"F 89","Robert Schumanns künstlerische Entwicklung in seinem Liedschaffen",Rostock
1969,"F 90","Beiträge zur Musikgeschichte der Stadt Weißenfels im 19. Jahrhundert",Halle
1969,"F 91","Der Wandel des Beethoven-Bildes und sein Niederschlag in der musikpädagogischen
            Literatur - Ein Beitrag zum Beethoven-Jahr 1970 - HabSchr., Halle. Beginn",Halle
1969,"F 92","Darstellung des Lebensbildes und der schöpferischen Entwicklung von Kurt
            Schwaen",Berlin
1969,"F 93","Das Musikhören als Bestandteil des Musikunterrichts der allgemeinbildenden Schule in
            Geschichte und Gegenwart. Ein theoretisch-historischer Beitrag zur Niveaubestimmung des
            Musikhörens im Musikunterricht der allgemeinbildenden sozialistischen Schule",Berlin
1969,"F 94","Das Kantatenschaffen Johann Philipp Kriegers",Halle
1969,"F 95","Untersuchungen zur Musikgeschichte Meiningens",Halle
1969,"F 96","Die Streichquartette Dmitri Schostakowitschs",Greifswald
1969,"F 97","Untersuchungen zur Entwicklung der musikalischen Erlebnisfähigkeit",Berlin
1969,"F 98","Die unveröffentlichten handschriftlichen Stimmbücher der Bibliothek der Thomaskirche
            zu Leipzig (Th.-K. Ms 49/50, Ms 51) aus der Mitte des 16. Jahrhunderts in der
            Universitätsbibliothek Leipzig. Ein Beitrag zur bibliographischen, buchkundlichen und
            musikhistorischen Erschließung älterer musikalischer Quellen",Leipzig
1969,"F 99","Johannes Weyrauch. Biographie und Untersuchungen über die Einflüsse traditioneller
            und zeitgenössischer Musik auf seinen Personalstil",Leipzig
1969,"F 100","Einstellungsstereotype bei der Rezeption von Tanzmusik und tanzmusikähnlicher Musik
            durch Jugendliche",Berlin
1969,"F 101","Die Entwicklung des theoretisch-ästhetischen Denkens im Bereich der Berliner
            Musikkultur von den Anfängen der Aufklärung bis zu Reichardt und Zelter",Berlin
1969,"F 102","Funktion und Formen des Tanzes zwischen 1800 und 1914: Studien zur Geschichte und
            Rezeption des Tanzes in Deutschland",Leipzig
1969,"F 103","Untersuchungen zur Musikkultur Wernigerodes",Halle
1969,"F 104","Untersuchungen zum kommunikativen Effekt im Liedgesang",Erfurt
1969,"F 105","Charakteristik und Wirksamkeit der Prinzipien linearen Gestaltens - untersucht und
            dargestellt an Kompositionen von Fred Lohse",Leipzig
1969,"F 106","Zum Problem der Reprise - Untersuchungen zur Instrumentalmusik im ersten Jahrzehnt
            des. XX. Jahrhunderts in Österreich",Berlin
1969,"F 107","Das Klavierspiel und seine Lehre im deutschsprachigen musikalischen und pädagogischen
            Schrifttum des 18. Jahrhunderts. Beiträge zur Geschichte der musikalischen Bildung im
            Zeitalter der Aufklärung",Halle
1969,"F 108","Die Geschichte der Musik der Stadt Eisenach in den Jahren 1750o bis 1850",Halle
1969,"F 109","Entwicklung der russischen Klaviermusik von Glinka bis Rachmaninow",Leipzig
1969,"F 110","Untersuchungen über Stimmbereiche bei männlichen Jugendlichen",Halle
1969,"F 111","Die Entwicklung des Jugendliedes seit 1945 im Gebiet der DDR",Halle
1969,"F 112","Die Musikerziehung in Deutschland zwischen der Französischen Revolution von 1789 und
            der bürgerlich-demokratischen Revolution von 1848",Weimar
1969,"F 113","Robert Schumann und Heinrich Heine. Eine historisch-ästhetische Untersuchung anhand
            der Vertonungen mit Berücksichtigung einiger Probleme der Liedanalyse",Berlin
1969,"F 114","Hans von Bülow - Pianist und Dirigent",Berlin
1969,"F 115","Das ""Yuemu cizi"" in seiner schlagrhythmischen und formstrukturellen
            Gestaltung",Leipzig
1969,"F 116","Zur Qualitätsbewertung von Musikinstrumenten",Rostock
1969,"F 117",Händel-Forschung,Halle
1969,"F 118","Untersuchungen zur Dialektik von Unterhaltung und Persönlichkeitsbildung in der
            sozialistischen Nationalkultur",Leipzig
1969,"F 119","Vertonungen gleicher Texte von Bertolt Brecht durch verschiedene Komponisten",Greifswald
1969,"F 120","Das mitteldeutsche Singspiel in der zweiten Hälfte des 18. Jahrhunderts",Leipzig
1969,"F 121","Die Musikpflege an der ehemaligen Fürstenschule St. Augustin zu Grimma",Rostock
1969,"F 122","Kommauntersuchungen beim zweistimmigen Singen mittels Zählröhrenmeßgerät",Halle
1969,"F 123","Interpretation Händelscher Opern 1918-1933",Halle
1969,"F 125","Die Sinfonien Sergej Prokofjews. Ein Beitrag zur Methodik der Analyse",Berlin
1969,"F 126","Die Klaviersonate von 1830-1850. Ein Beitrag zur Geschichte der Klaviersonate",Halle
1969,"F 127","Untersuchungen zum Busoni-Bild anhand seines Nachlasses",Berlin
1969,"F 128","Die Ästhetik des Jugendliedes (1945-1970)",Leipzig
1969,"F 129","Heinrich Sattler, ein Wegbereiter für die Entfaltung einer volkstümlichen
            Musikpflege. Ein Beitrag zur Landschaftsforschung im Bereich Vorderharz des 19.
            Jahrhunderts",Halle
1969,"F 130","Der Arbeitergesang in Thüringen von seinen Anfängen bis zum Jahre 1914",Jena
1969,"F 131","Untersuchungen zur Affekten-, Heuristik der Oper des 18. Jahrhunderts",Leipzig
1969,"F 132","Beiträge zur Geschichte der Musik der Stadt Stendal",Halle
1969,"F 133","Anteil und Funktion des musikalischen Erbes in den deutschen Musikschulwerken von
            1918-1968",Greifswald
1969,"F 134","Die Volksliedbegleitung auf der Gitarre (Laute) und das Lautenlied in der Zeit der
            deutschen Jugendbewegung (1900-1932)",Halle
1969,"F 136","Möglichkeiten der Wiederbelebung der heiteren Oper des 18. Jahrhunderts",Halle
1969,"F 137","Die Solokonzerte vor. Dmitri Schostakowitsch",Halle
1969,"F 138","Das Klavierwerk von Mendelssohn",Leipzig
1969,"F 139","Zur Herausgabe von musikalischen Denkmälern im 19. Jahrhundert",Rostock
1971,1,"Georg Philipp Telemann und Johann Joachim Quantz - Der Einfluß einiger
            Kammermusikwerke auf das Lehrwerk des J. J. Quantz ""Versuch einer Anweisung die Flöte
            traversiere zu spielen""",Magdeburg
1971,2,"Bach - Kalendarium zur Lebensgeschichte Johann Sebastian Bachs",Leipzig
1971,3,Mozart-Interpretation,Leipzig
1971,4,"Philosophisch-ästhetische Untersuchungen zur Opernreform Christoph Willibald Glucks
            unter Berücksichtigung musikästhetischer Aspekte",Halle
1971,5,"Beiträge zur Chrysander-Forschung I. Friedrich Chrysander und Hans von Bülow - Eine
            Dokumentation",Leipzig
1971,6,"Werkbetrachtung im Dienste der Musikrezeption",Halle
1971,7,"Heinrich Manns Drama ""Madame Legros"" als Oper von Ottmar Gerster",Berlin
1971,8,"Neue Werke unserer Komponisten. Johannes Paul Thilman: Konzert für zwei Klaviere und
            Orchester",Berlin
1971,9,"Ernst Hermann Meyer 65 Jahre",Kassel
1971,10,"Johannes Paul Thilman 65",Berlin
1971,11,"J. P. Thilman: Doppelkonzert für Baßklarinette und Orchester",Berlin
1971,12,"Zum Tode von Rudolf Mauersberger",Berlin
1971,13,"Zum Tode von Rudolf Mauersberger, Gedanken zum Lebenswerk des Dresdner
            Kreuzkantors",Berlin
1971,14,"Uraufführung neuer Werke, Johannes Paul Thilman: Ode für großes Orchester",Berlin
1971,15,"Zur Geschichte des ""Sänger-Darstellers""",Berlin
1971,16,"Praktische Erfahrungen aktiver Musiktherapie",Jena
1971,17,"Die Dimensionen des Erlebens und das Musikerleben",Jena
1971,18,"Musiktheater von Kindern für Kinder",Berlin
1971,19,"Der Klassiker Sibelius",Berlin
1971,20,"Georg Friedrich Händel: Wassermusik. Zur. Einführung im Musikunterricht der 9.
            Klasse",Berlin
1971,21,"Die Orgeln Gottfried Silbermanns in Mitteldeutschland. Mit einem Anhang von
            Berichtigungen und Zusätzen des Autors (Facsimiles of rare books, Vol. XXXIV)",Amsterdam
1971,22,"Deutsches Jahrbuch der Musikwissenschaft für 1970",Leipzig
1971,23,"Singen und sozialistische Bewußtseinsbildung",Berlin
1971,24,"Funktion der Zeitschrift 'Musik in der Schule' bei der Verwirklichung der Bildungs-
            und Erziehungsziele der sozialistischen Schule in der Deutschen Demokratischen Republik
            (Ein Beitrag zur Geschichte der Schulmusik in der DDR)",Berlin
1971,25,"Du hast die Führung übernommen... (Gedanken zum 25. Jahrestag der Gründung der
            Sozialistischen Einheitspartei Deutschlands)",Berlin
1971,26,"Sozialistisches Menschenbild und Musikerziehung. (Dem VIII. Parteitag der
            Sozialistischen Einheitspartei Deutschlands zum Gruß)",Berlin
1971,27,"Grundsätze der Chorerziehung",Berlin
1971,28,"Dramatiker und Komponisten auf den Bühnen der Deutschen Demokratischen Republik.
            Spielzeit 1969/1970",Berlin
1971,29,"Die Poesie - nur 'gehorsame Tochter'? Notizen zu Lorenzo da Ponte von G. B. Casti,
            aufgezeichnet anläßlich der Wiederentdeckung von Paisiellos ""II re Teodoro in
            Venezia""",Berlin
1971,30,"Das Opernspezifische muß konkret sein",Berlin
1971,31,"X. Chorleiterseminar in Berlin",Berlin
1971,32,"Robert Schumann Tagebücher, Bd 1, 1827-1838",Leipzig
1971,33,"Geschichte der Musikwissenschaft und des Musikwissenschaftlichen Instituts an der
            Universität Rostock",Rostock
1971,34,"Nathan Notowicz. Wir reden hier nicht von Napoleon. Wir reden von Ihnen! Gespräche
            mit Hanns Eisler und Gerhart Eisler",Berlin
1971,35,"Zur vokalsolistischen Vortragsweise der Kampfmusik Hanns Eislers",Leipzig
1971,36,"Zur Ausbildung von Musiktheater-Regisseuren. Referat, gehalten im
            Musiktheater-Komitee des Internationalen Theater-Instituts, London 1971",Berlin
1971,37,"Die Musik Georg Philipp Telemanns im Urteil seiner Zeit. T. 2",Leipzig
1971,38,"Die Oper ""Die Zauberflöte"" von W.A. Mozart im Musikunterricht der Klasse 9",Berlin
1971,39,"""Die Jahreszeiten"" von Joseph Haydn im Musikunterricht der Klasse 10",Berlin
1971,40,"Die Behandlung der Oper ""Der Günstling"" von Rudolf Wagner-Régeny in Klasse 12",Berlin
1971,41,"Von Felsenstein lernen",Berlin
1971,42,"Festschrift zum fünfjährigen Bestehen des Bezirksverbandes Cottbus im Verband
            Deutscher Komponisten und Musikwissenschaftler. November 1971",Cottbus
1971,43,"Vorschläge zur Behandlung von Tänzen aus der ""Nußknackersuite"" von Peter Tschaikowski
            in der 3. Klasse",Berlin
1971,45,"Die Schreibweise des Namens ""Georg Philipp Telemann"" zu seiner Zeit",Berlin
1971,46,"Zur Objektivierung musikalischer Wirkungen bei Kindern: In: Köhler, Christa:
            Musiktherapie, Theorie und Methodik",Jena
1971,47,"Alte Musik der Gegenwart",Leipzig
1971,48,"Motive französischer Revolutionsmusik in Beethovens Fünfter Sinfonie",Berlin
1971,49,"Ein Theatermodell aus dem revolutionären Frankreich",Berlin
1971,50,"Zur Einrichtung Händelscher Opernpartituren- Grenzen und Möglichkeiten",Leipzig
1971,51,"Musiktheater, Versuch mit Meyerbeer",Berlin
1971,52,"Zur Bestimmung des Sinfonischen bei Beethoven",Leipzig
1971,53,"Konzeptionelle Überlegungen zu einer Systematik des Musikhörens im Unterricht der
            Klassen 5 bis 10",Halle
1971,54,"Der Beitrag des Chorsingens zur ästhetischen Erziehung und Bildung der Arbeiterklasse
            in der Deutschen Demokratischen Republik",Halle
1971,55,"Komödiantentum mit doppeltem Boden. Werner Enders - portraitiert in einigen seiner
            Rollen",Berlin
1971,56,"20. Händelfestspiele Halle (Saale) vom 8. bis 13. Juni 1971",Halle
1971,57,"Händel-Jahrbuch 1969/1970",Leipzig
1971,58,"Händel-Jahrbuch 1970/1971",Leipzig
1971,59,"Eigenes in unverbrauchten Klängen - Fidelio F. Finkes Kammermusikschaffen",Berlin
1971,60,"Rudolf Wagner-Régeny: ""Genesis"" und ""Einleitung und Ode"". (Schallplattentext)",Berlin
1971,61,"Lesarten des ""Don Alvaro""",Berlin
1971,62,"Neues Gerät zur Kontrolle und Schulung des Intonationshörens",Berlin
1971,63,"Die deutsche Überlieferung der Instrumentalwerke Vivaldis",Leipzig
1971,64,"Geschichte der Musikwissenschaft und des Musikwissenschaftlichen Instituts an der
            Universität Rostock",Rostock
1971,65,"Zur Dialektik des Schließens in Liedern von Hanns Eisler",Berlin
1971,66,"Michael Praetorius. Zum 400. Geburtstag und 350. Todestag des ""Erzkantors""",Leipzig
1971,67,"Zum 75. Todestag Anton Bruckners",Halle
1971,68,"Die Macht des ""Schicksals""",Berlin
1971,69,"Das Tränsmissionen-Singen im kubanischen Spiritismus - Musikethnologische und
            soziologische Untersuchungen zur Transkulturations-Problematik im
            städtisch-halbproletarischen Kontaktbereich der afroiden und europäiden Gruppenkulturen
            Kubas",Berlin
1971,70,"Ein Urahn der Klarinette",Leipzig
1971,71,"Sergej Prokofjews Ballettsuiten ""Romeo und Julia"" im Unterricht der Klasse 12",Berlin
1971,72,"Abc der Tanzmusik",Berlin
1971,73,"Gerd Natschinski: In: Sammelbände zur Musikgeschichte der Deutschen Demokratischen
            Republik. Bd 2",Berlin
1971,74,"Biefeld, Alfred u. Karl",Kassel
1971,75,"Grundfragen des Blechbläseransatzes am Beispiel der Posaune",Berlin
1971,76,"Jahrbuch der Komischen Oper XI, Spielzeit 1970/71",Berlin
1971,77,"Johann Georg Conradi",Berlin
1971,78,"Divergenz statt Konvergenz",Berlin
1971,79,"Das kulturpolitische und ästhetische Gedankengut Lenins und dessen Bedeutung für das
            Musikschaffen in der Deutschen Demokratischen Republik, (überarb. Fassg. des Vortrages,
            gehalten in d. Mitgliederversammlung des VDK am 4. April 1970): In: Lenin und die
            Musik",Karl-Marx-Stadt
1971,80,"P. Kurzbach- ""Macht die Welt uns bunt""",Berlin
1971,81,"Der Beitrag des Musikunterrichts zur ästhetischen Bildung der staatsbürgerlichen
            Erziehung in der sozialistischen Schule",Berlin
1971,82,"Internationale Bartók-Konferenz in Budapest",Berlin
1971,83,"Praktische Erfahrungen aktiver Musiktherapie",Jena
1971,84,"Klavierwerke V. 12 Etudes von Claude Debussy",Leipzig
1971,85,"Der Briefwechsel zwischen Arnold Schönberg und dem Verlag C. F. Peters",Leipzig
1971,86,"Claude Debussy: Einsame Gespräche mit Monsieur Croche",Leipzig
1971,87,"Die Analyse. Cellokonzert von Gerhard Rosenfeld",Berlin
1971,88,"Die Analyse - Klavierkonzert von Rainer Kunad",Berlin
1971,89,"In memoriam Antonin Sychra",Berlin
1971,90,"Gruppenrhythmustherapie mit psychatrischen Patienten",Jena
1971,91,"Psychotherapie und Musik: In: Kohler, Christa: Musiktherapie, Theorie und
            Methodik",Jena
1971,92,"Ludwig van Beethoven: Neun ausgewählte Briefe an Anton Schindler",Leipzig
1971,93,"Karl Laux 75 Jahre",Berlin
1971,94,"Werner Egk - Oper und Ballett",Berlin
1971,95,"Felsenstein auf der Probe",Berlin
1971,96,"Musikhören in Lehrnlänen und Plan-Vorschlägen für den Musikunterricht seit
            1946",Halle
1971,97,"Richard Wagners Oper ""Die Meistersinger von Nürnberg"" im Musikunterricht der Klasse
            10",Berlin
1971,98,"Untersuchungen zur Struktur musikalischer Interessen bei Schülern der Klassen 5 bis
            12 der sozialistischen Oberschule der DDR unter dem besonderen Aspekt des Anteils von
            Interesse für Tanz- und Unterhaltungsmusik",Leipzig
1971,99,"Aufgaben und Probleme unseres neuen Musikschaffens",Berlin
1971,100,"Paul Robeson - Stimme des anderen Amerika. Internationales Symposium der Deutschen
            Akademie der Künste zu Berlin",Berlin
1971,101,"Unser Lied vom Menschen unserer Zeit. Über den zentralen Leistungsvergleich der Chöre
            während der 13. Arbeiterfestspiele in Leipzig",Berlin
1971,102,"Wettstreit junger Musikanten. II. Zentrales Fest junger Talente in
            Neubrandenburg",Berlin
1971,103,"Neue Werke unserer Komponisten, ""Frühling an der Seine"". Tanzdrama in 4 Bildern von
            Jean Kurt Forest",Berlin
1971,104,"Partner Arbeiterklasse. Theoretische Konferenz in Karl-Marx-Stadt über
            Partnerbeziehungen zwischen Arbeitern und Künstlern",Berlin
1971,105,"""Wacht auf Verdammte dieser Erde..."" Zum 100. Jahrestag der Pariser Commune",Berlin
1971,106,"Hinweise zur 1. Stoffeinheit des neuen Lehrplans Musik für Klasse 4",Berlin
1971,107,"Der tragische Othello. Gespräch mit Oberschülern über Musiktheater",Berlin
1971,108,"Zum Problem der Renaissance in der Musikkultur Rußlands",Berlin
1971,109,"20 Jahre Verband Deutscher Komponisten und Musikwissenschaftler",Berlin
1971,110,"Rosebery d’Arguto - Vorkämpfer der Arbeiterchorbewegung",Berlin
1971,111,"Zur Frage der ästhetischen Inhalt-Form-Relationen in der Musik",Leipzig
1971,112,"Die Beziehungen Rosa Luxemburgs und Karl Liebknechts zur Kultur und Kunst,
            insbesondere ihr Verhältnis zur Musik",Berlin
1971,114,"Das Werk und die Persönlichkeit Lenins in den großen musikalischen Formen: In: Lenin
            und die Musik",Karl-Marx-Stadt
1971,115,"Der Beitrag der Musikerziehung zur Entwicklung der Wehrbereitschaft des jungen
            DDR-Bürgers",Berlin
1971,116,"Die Behandlung der Arie des Simon ""Schon eilet froh der Ackersmann"" aus dem Oratorium
            ""Die Jahreszeiten"" von Joseph Haydn in Klasse 10",Berlin
1971,117,"Gedanken zum Problem der musikalischen Intonation",Halle
1971,118,"Zum Werk Witold Lutosławskis",Berlin
1971,119,"""unsere neue musik"" - klingende Dokumentation. Bemerkungen zum Abschluß der
            Eterna-Reihe",Berlin
1971,120,"Beiträge zum Symmetriebegriff in der Musik",Berlin
1971,121,"Aktuelle Probleme der Musiklehre",Berlin
1971,122,"über Schwingungen von Geicenkörpern bei Eigenfrequenzen",Budapest
1971,123,"Nathan Notowicz: In: Sammelbände zur Musikgeschichte der Deutschen Demokratischen
            Republik. Bd 2",Berlin
1971,124,"Was Hänschen nicht lernt... Die Verantwortung der Musikerziehung für die Zukunft
            unserer Musikkultur",Berlin
1971,125,"Das Beethovenbild der deutschen Musikerziehung in Vergangenheit und Gegenwart",Berlin
1971,126,"Music education in the German Democratic Republic",Stockholm
1971,127,"Friedrich Engels' Verhältnis zur Musik",Berlin
1971,128,"Die Verantwortung der Musikerziehung für die Zukunft unserer Musikkultur",Berlin
1971,129,"Völker, hört die Signale! Zur Entstehung und Bedeutung der ""Internationale""",Berlin
1971,130,"Chorarbeit,, die jeden angeht. Ein zweites Mal: Bemerkungen zum Kulturleben in
            Prerow",Berlin
1971,131,"Kolloquium: Die Singeklubs und wir. Diskussion während des 2. Festivals des
            politischen Liedes",Berlin
1971,132,"Auf dem Wege.zur Meisterschaft. Dmitri Schostakowitsch 65 - Betrachtungen zur
            IV",Berlin
1971,133,"Victor Bruns, IV. Sinfonie",Berlin
1971,134,"Bach, Johann Sebastian: Neue Ausgabe sämtlicher Werke. Hochzeitskantaten - Weltliche
            Kantaten verschiedener Bestimmung. Kritischer Bericht, I, Bd 40",Leipzig
1971,135,"Das kleine Bachbuch",Salzburg
1971,136,"Zum 65. Geburtstag von Georg Knepler",Berlin
1971,137,"Einige Gedanken zu Fragen des Heiteren in unserer neuen Musik",Berlin
1971,138,"""... ein seltenes Talent"", Gedanken zum 65. Geburtstag Dmitri
            Schostakowitschs",Berlin
1971,139,"Dokumente zur Musikgeschichte Meiningens. 5 Briefe Richard, 1 Brief Cosima
            Wagners",Meiningen
1971,140,"Max Reger und Stefan Zweig",Meiningen
1971,141,"Pädagogisch-psychologische Aspekte der Entwicklung der musikalisch-ästhetischen
            Erlebnisfähigkeit",Berlin
1971,142,"Siegfried Kurz: Konzert für Trompete und Streichorchester op. 23. Hinweise zur
            Behandlung des 1. Satzes im Musikunterricht Klasse 11",Berlin
1971,143,"Zeugnisse über das frühe slawische Musikschaffen im deutschsprachigen und
            musikwissenschaftlichen Schrifttum",Berlin
1971,144,"Musikerleben und sängerische Gestaltung",Berlin
1971,145,"Die Johannespassion von Johannes Weyrauch. Ihre Stellung und Aufgabe in der
            zeitgenössischen Musica sacra",Kassel
1971,146,"Werkstattcresprä.ch mit Walter Felsenstein",Berlin
1971,147,"Händel-Festspiele 1971 in Halle",Berlin
1971,148,"Wissenschaft und Theater. Einige Anmerkungen zu den Jahrbüchern der Komischen
            Oper",Berlin
1971,149,"Das Lied ""So gewiß, wie Wasser fließt""",Berlin
1971,150,"Tanzbibliographie. Verzeichnis d. in dt. Sprache veröff. Schriften u. Aufsätze zum
            Bühnen-, Gesellschafts- Kinder- Volks- u. Turniertanz sowie zur Tanzwissenschaft,
            Tanzmusik u. zum Jazz. H. 11",Leipzig
1971,151,"Tanzbibliographie. Verzeichnis d. in dt. Sprache veröff. Schriften u. Aufsätze zum
            Bühnen-, Gesellschafts-, Kinder-, Volks- u. Turniertanz sowie zur Tanzwissenschaft,
            Tanzmusik u. zum Jazz, H. 12",Leipzig
1971,152,"Johann Sebastian Bach",Leipzig
1971,153,"Die Behandlung des 4. Satzes der 9. Sinfonie von Ludwig van Beethoven in der 10.
            Klasse",Berlin
1971,154,"Musikalische Fähigkeiten des cerebralparetischen Kindes",Jena
1971,155,"Grundlagen der Musikrezeption",Jena
1971,156,"Zur Entwicklung der Musikschulen in der DDR: In: Sammelbände zur Musikgeschichte der
            Deutschen Demokratischen Republik. Bd 2",Berlin
1971,157,"Die Kombination von Musikrezeption und bildnerischem Gestalten",Jena
1971,158,"""Psellus' Treatise on Music"" in Mizlers Bibliothek",London
1971,159,"Beethoven und die Gassenhauer seiner Zeit",Piešťany
1971,159,"Beethoven und die Gassenhauer seiner Zeit","Moravany nad Váhom"
1971,160,"Das Allgemeinmenschliche ist im Historisch-Konkreten offenbar. Zu einem Gespräch
            zwischen Götz Friedrich und Horst Seeger",Berlin
1971,161,"Probleme des sozialistischen Opernschaffens der DDR- Zu einigen Aspekten der
            Stilisierung",Berlin
1971,162,"Zu einigen Gestaltungsaspekten im neueren Opernschaffen der DDR",Berlin
1971,163,"Vom Nutzen der Brechtschen Ästhetik für das Opernschaffen. Bemerkungen zu einem
            Problemkomplex",Berlin
1971,164,"Zur Heldengestaltung im neuen sozialistischen Opernschaffen. (1.2.) - In: Theater der
            Zeit. 26 (1971), 6, S. 33-35; 7, S. 10-12.",Berlin
1971,165,"Zu einigen Gestaltungsproblemen im Opernschaffen von Paul Dessau",Berlin
1971,166,"""Karin Lenz"" - Zur Musik",Berlin
1971,167,"Zu einigen Fragen des neuen Werkes auf der Musikbühne",Berlin
1971,168,"Händeltradition im Blickfeld der Arbeiterklasse. Zum 25. Jahrestag der Gründung der
            SED",Halle
1971,169,"Realismus und Antizipation in Werken Beethovens. Ein Beitrag zur Wechselwirkung der
            Künste",Berlin
1971,170,"Probleme der Hamburger deutschen Frühoper",Leipzig
1971,171,"Ethische Konstanz und stilistische Kontinuität im Schaffen Alexander Nikolajewitsch
            Skrjabins unter besonderer Berücksichtigung seiner Klavierkompositionen",Leipzig
1971,172,Musik,Halle
1971,173,"Vergangenes im Heute bewältigen.",Berlin
1971,174,"""Fidelio"" im Beethoven-Jahr",Berlin
1971,175,"Auf qutem Wege. Bemerkungen zu DDR-Schlagern",Berlin
1971,176,"Fritz Geißler: Der zerbrochene Krug",Berlin
1971,177,"Musiktheater. Meister des Musiktheaters. Werner Eck zum 70. Geburtstag",Berlin
1971,178,Händel-Schallplatten,Leipzig
1971,179,"Nach der Uraufführung. Diskussion um die ""Trassensinfonie""",Berlin
1971,180,"Neue Werke unserer Komponisten. Dieter Nowka: Concerto II für Klavier und
            Orchester",Berlin
1971,181,"Ernst Krause sechzig",Berlin
1971,182,"Karl Laux 75",Berlin
1971,183,"Schallplattenmosaik. Die ersten NOVA-Platten",Berlin
1971,184,"Neue Werke unserer Komponisten. Paul Dessau: 3. Orchestermusik",Berlin
1971,185,"Neue Werke unserer Komponisten. Gerhard Rosenfeld: Konzert für Orchester und
            Altstimme",Berlin
1971,186,"E.H. Meyer: Toccata für Orchester",Berlin
1971,187,"Schiedermair, Ludwig: Der junge Beethoven",Berlin
1971,188,"Eberhard Rebling zum Sechzigsten",Berlin
1971,189,"25 Jahre SED - 25 Jahre sozialistische Musikkultur der DDR",Berlin
1971,190,"Vom Glück des Gebrauchtwerdens",Berlin
1971,191,"Zum dritten Male: Musik-Biennale Berlin",Berlin
1971,192,"Zum Tode Igor Strawinskys",Berlin
1971,193,"Tewje und seine Schwiegersöhne. Zur Analyse von zwei Szenen des Musicals ""Der Fiedler
            auf der Dach"" in der Inszenierung von Walter Felsenstein",Berlin
1971,194,"Im Zeichen pädagogischer Weiterbildung (XII. Internationales Musikseminar in
            Weimar)",Berlin
1971,195,"Das Violinkonzert von Siegfried Matthus",Berlin
1971,196,"Der Internationale Beethoven-Kongreß",Berlin
1971,197,"Neue Werke unserer Komponisten: F. Geißler: Konzert für Klavier und Orchester",Berlin
1971,198,"Neue Werke unserer Komponisten: Fritz Geißler: Trio für Violine,. Violoncello und
            Klavier",Berlin
1971,199,"Günter Neubert: Concertante Suite",Berlin
1971,200,"Erfolgreicher Opernerstling. Fritz Geißlers Kammeroper ""Der zerbrochene Krug"" und
            ihre Leipziger Erstaufführung",Berlin
1971,201,"Fritz Geißler als Sinfoniker (Gedanken zum 50. Geburtstag des Leipziger
            Komponisten)",Berlin
1971,202,Musikinstrumente,Leipzig
1971,203,"Der Einfluß der instrumentalen Improvisation auf den künstlerischen Entwicklungsgang
            und das Schaffen des Komponisten",Berlin
1971,204,"Zur Einführung des Rahmenprogramms ""Musik"" für Arbeitsgemeinschaften der Klassen 9
            und 10",Berlin
1971,205,"Kolloquium für Musikerzieher",Berlin
1971,206,"Zur Behandlung der Sinfonie Nr. 104 von Joseph Haydn",Berlin
1971,207,"Didaktische Funktionen im Musikunterricht. T. 1.2",Berlin
1971,208,"Studienhilfen für die Weiterbildung der Musiklehrer in Kursen",Berlin
1971,209,"Zur Findung musikalisch begabter Kinder und Möglichkeiten ihrer Berufsausbildung in
            der Deutschen Demokratischen Republik",Berlin
1971,210,"Aktiver Gesundheitsschutz und Musiktherapie. Einige Aspekte der Musiktherapie in der
            Prophylaxe",Berlin
1971,211,"Die Methodik der Gruppenmusiktherapie bei Neurosen unter besonderer Berücksichtigung
            soziodynamischer Aspekte",Jena
1971,212,"Drei methodische Varianten der berichteten rezeptiven Einzelmusiktherapie",Jena
1971,213,"Anwendung musiktherapeutischer Verfahren im aktiven Gesundheitsschutz",Jena
1971,214,"Physiologische und psychologische Untersuchungen zur rezeptiven Musiktherapie",Jena
1971,215,"Rechenschaftsbericht vor der Mitgliederversammlung der
            Georg-Friedrich-Händel-Gesellschaft. In",Leipzig
1971,216,"Beethovens Musik und ihr revolutionäres Menschenbild",Berlin
1971,217,"Beiträge zur marxistischen Musikästhetik, insbesondere zur Frage des Sozialistischen
            Realismus in der Musik",Halle
1971,218,"VIII. Hallische Musiktage",Berlin
1971,219,"W. Hübner: Sinfonie II",Berlin
1971,220,"Janáček und Berg",Brno
1971,221,"Paul Kurzbach: Kantate ""Porträt eines Arbeiters""",Berlin
1971,222,"Neue Werke unserer Komponisten. G. Wohlgemuth: Sinfonische Musik für großes
            Orchester",Berlin
1971,223,"Probleme bei der Übersetzung Händelscher Oratorien. Zu einigen Erfassungen",Leipzig
1971,224,"Unser Beethoven-Bild",Halle
1971,225,"Zu den 20. Händelfestspielen. Rückblick und Ausblick",Halle
1971,226,"Zur Abbildproblematik in der Musik",Berlin
1971,227,"Sinn und Kunst der Unterhaltung",Berlin
1971,228,"Kombination von autogenem Training mit Musik in der Ambulanz",Jena
1971,229,"Rezeptive Musiktherapie in einer Klinik für Lungenkranke",Jena
1971,230,"Zur Dramaturgie von Verdis Oper ""Die Macht des Schicksals""",Berlin
1971,231,"Komitas in Berlin",Berlin
1971,232,"Prof. Dr. Willert - 70 Jahre",Berlin
1971,233,"Bianchi, Antonio",Kassel
1971,234,"Bemerkungen zur Sache",Berlin
1971,235,"Über Kinder- und Jugendmusik",Berlin
1971,236,"Arbeiterlied - Volkslied - Arbeitervolkslied. Eine Studie zur Problematik des
            folkloristischen Arbeiterliedes",Berlin
1971,237,"Untersuchungen zur Ästhetik und Aufführungspraxis der italienischen Opera seria des
            18. Jahrhunderts unter besonderer Berücksichtigung der Affekten-Erkennung",Leipzig
1971,238,"Diether Noll, Leben und Werk, Versuch der Würdigung eines Komponisten der jüngeren
            Generation in der Deutschen Demokratischen Republik",Halle
1971,239,"Paul Büttner zum 100. Geburtstag",Berlin
1971,240,"Psychomotorische Therapie auf der psychatrischen Station",Jena
1971,241,"D. Nowka: Sinfonietta I",Berlin
1971,242,"D. Nowka: Sinfonietta II",Berlin
1971,243,"Prof. Dr. Hans Pezold zum 70. Geburtstag",Berlin
1971,244,"Die Gitarre in der Singebewegung",Berlin
1971,245,"Heinz Krause-Graumnitz zum. 60",Berlin
1971,246,"Hellmuth Christian Wolff 65",Berlin
1971,247,"Realistische und expressive Sprachmelodie zur Zeit Janáčeks: In: Collocuium Leoš
            Janáček et Musica Europaen",Brno
1971,248,"Das Märchen von der Neapolitanischen Oper und Metastasio",Kassel
1971,249,"Manierismus und Musikgeschichte",Kassel
1971,250,"Musikerziehung und sozialistisches Musikschaffen - Kolloquium für Musikerzieher im
            Rahmen der III. Musik-Biennale",Berlin
1971,251,"Zentralinstitut für Weiterbildung der Lehrer und Erzieher, überarbeitetes
            Lehrprogramm für die Weiterbildung in Kursen für Lehrer im Fach Musik",Berlin
1971,252,"Das Beethovenporträt von Waldmüller",Berlin
1971,253,"Bartolommeo Cristoforis Erfindung","Frankfurt a. M."
1971,254,"Das Buch von der Drehorgel",Zürich
1971,255,"Rudolf Mauersberger",Berlin
1971,256,"Der Arbeitergesang in Thüringen von seinen Anfängen bis zum Jahre 1914. Ein Beitrag
            zur Geschichte der Arbeiterbewegung in Deutschland",Jena
1971,"F 1","Die historischen Theaterzettelsammlungen in der DDR und ihre musikwissenschaftlichen
            Aspekte",Rostock
1971,"F 2","Die Bühnenmusik Hanns Eislers",Berlin
1971,"F 4","Finalproblem im Opernschaffen der DDR (Kollektivpromotion mit Hans-Jürgen
            Schneider)",Halle
1971,"F 5","Die Bedeutung des Davidsbündlerkreises für die Musikanschauung und die
            Musikgeschichte des 19. Jahrhunderts",Berlin
1971,"F 6","Struktur und Wirkung des Instrumentalkonzertes in der DDR 1945 bis 1969",Greifswald
1971,"F 7","Untersuchungen über den Leistungsstand der Studierenden im Fach Sprecherziehung von
            der Aufnahme bis zur Abschlußprüfung",Halle
1971,"F 8","Clara Schumann - Mensch und Künstlerin in ihrer Zeit (Arbeitstitel)",Halle
1971,"F 9","Das Lebenswerk Max Buttings",Berlin
1971,"F 10","Methodik der Musikerziehung",Berlin
1971,"F 11","Das Zusammenwirken der künstlerisch-ästhetischen Fächer bei der Erziehung
            sozialistischer Persönlichkeiten (Arbeitstitel)",Berlin
1971,"F 13","Orgel-Inventar des Denkmalbezirks Dresden",Dresden
1971,"F 14","Funktion der Zeitschrift 'Musik in der Schule' bei der Verwirklichung der Bildungs-
            und Erziehungsziele der sozialistischen Schule in der Deutschen Demokratischen
            Republik",Berlin
1971,"F 15","Didaktisch-methodische Untersuchungen zur Vorbereitung und Planung- des
            Unterrichtsprozesses im Fach Musik",Halle
1971,"F 16","Akustische Untersuchungen der Vibration bei Gesangsstimmen und ihre Bedeutung für den
            Informationswert beim Musikhören",Halle
1971,"F 17","Dokumentation zur Geschichte der deutschen Arbeitersängerbewegung",Berlin
1971,"F 18","Das Verhältnis der deutschen Arbeiterklasse zur Instrumentalmusik, dargestellt bis
            zum Jahre 1933",Berlin
1971,"F 19","Kritische Betrachtung der Harmoniksysteme von Moritz Hauptmann und Arthur von
            Oettingen",Halle
1971,"F 20",Bach-Forschung,Rostock
1971,"F 21",Vivaldi-Forschung,Rostock
1971,"F 22","Mecklenburgische Regional-Musikgeschichtsforschung",Rostock
1971,"F 23","Arabische Musik",Leipzig
1971,"F 24","Studien zum Musikleben der Römer",Halle
1971,"F 25","Kritischer Bericht und Händels Triosonaten (Arbeitstitel)",Halle
1971,"F 26","Die Sonatensatzform im Schaffen Béla Bartóks",Rostock
1971,"F 27","Der Versuch eines wissenschaftlich-fundierten Systems der Musikerziehung durch
            Richard Kaden (1856-1923) und die daraus entspringenden progressiven Traditionslinien
            zur sozialistischen Musikerziehung",Halle
1971,"F 28","Der Beitrag des Musikunterrichts zur Herausbildung der sozialistischen
            Persönlichkeit",Zwickau
1971,"F 29","Untersuchungen über die ideelle Programmatik in der Sinfonik bei Dmitri
            Schostakowitsch",Halle
1971,"F 30","Klassifikationsprobleme der Musik unter spezifischer Berücksichtigung der
            Musikalgattung Marsch",Berlin
1971,"F 31","Wort-Ton-Beziehungen im Opernschaffen von Robert Hanell",Halle
1971,"F 32","Zur Ausbildung von Lehrern für den Unterricht im Fach Gesang/Musik an
            allgemeinbildenden Schulen in Deutschland seit 1900",Halle
1971,"F 33","Das Cembalo in de. Musik des 20. Jahrhunderts",Rostock
1971,"F 34","Fritz Reuter - seine Entwicklung vom bürgerlichen Kapellmeister, Komponisten und
            Musikwissenschaftler zum sozialistischen Lehrerbildner",Halle
1971,"F 35","Untersuchungen zum Schlager in der DDR: Funktion - Spezifik - Wertkriterien",Berlin
1971,"F 36","Die Entwicklung der Singefähigkeit bei Krippenkindern",Berlin
1971,"F 37","Untersuchungen zum Intensitätsvibrato der Sängerstimme",Berlin
1971,"F 38","Dialektische Methoden der musikalischen Inhalts-Erforschung (Syntaktisch-semantische
            Struktur-Untersuchungen)",Berlin
1971,"F 39","Konzeptionelle Struktur-Untersuchungen an einigen Werken Beethovens",Berlin
1971,"F 40","Die Stellung der Blockflöte im Musikleben des 20. Jahrhunderts",Halle
1971,"F 41","Grundfragen der optimalen Klangstruktur zeitgenössischer Konzertorgeln und
            Richtlinien für die Gestaltung der gemischten Register",Rostock
1971,"F 42","Kritische Betrachtungen hermeneutischer Verfahren in pädagogischen Schriften zum
            Musikhören",Halle
1971,"F 43","Der Beitrag des Chorsingens zur ästhetischen Erziehung und Bildung der Arbeiterklasse
            in der Deutschen Demokratischen Republik",Halle
1971,"F 44","Der Einfluß der Technik auf die Entwicklung der Tanz- und Unterhaltungsmusik",Berlin
1971,"F 45","Untersuchungen zur lerntheoretischen Funktion der Höraufgabenstellung bei der
            Formenbetrachtung im Musikunterricht der Mittelstufe",Berlin
1971,"F 46","Zur Entwicklung der Hörfähigkeit in den Klassen 5 bis 12 im Musikunterricht
            (Arbeitsthema)",Leipzig
1971,"F 47","Die Cembalo-Sammlung im Instrumentenmuseum der Karl-Marx-Universität Leipzig",Leipzig
1971,"F 48","Das Transmissionen-Singen im kubanischen Spiritismus - Musikethnologische und
            soziologische Untersuchungen zur Transkulturations-Problematik im
            städtisch-halbproletarischen Kontaktbereich der afroiden und europäiden Gruppenkulturen
            Kubas",Berlin
1971,"F 49","Der Beitrag von Johannes R. Bechers Lyrik zum sozialistisch-realistischen
            Vokalschaffen in der DDR, nachgewiesen am Genre des klavierbegleiteten Sololiedes
            (1945-1961/62)",Greifswald
1971,"F 50","Das Massenlied. Zum Begriff und zur Entwicklungsgeschichte in der DDR. Leipzig, Phil.
            Diss., Beginn",Leipzig
1971,"F 51","Beiträge zur Musikgeschichte Magdeburgs im 19. Jahrhundert",Halle
1971,"F 52","Spezifika des Musikerlebnisses in ihrer Bedeutung für die Entwicklung sozialistischer
            Persönlichkeiten und Kollektive",Dresden
1971,"F 53","Musikgeschichte von Glauchau",Berlin
1971,"F 54","Untersuchungen zur Geschichte der Variation. (Kollektivpromotion mit Hanna
            John)",Halle
1971,"F 55","Die Musikerziehung in Westdeutschland seit der Zerschlagung des Faschismus. Ein
            Beitrag zur Klärung ihrer politischen, ideologischen und. pädagogischen Position unter
            besonderer Berücksichtigung einiger Aspekte der schulischen und außerschulischen
            Musikerziehung",Halle
1971,"F 56","Die Spezifik der Ballettmusik",Rostock
1971,"F 57","Untersuchungen zur Geschichte der Variation: (Kollektivpromotion mit Ursula
            Ismer)",Halle
1971,"F 58","Gottfried August Homilius und die evangelische Kirchenmusik Dresdens im 18.
            Jahrhundert",Rostock
1971,"F 59","Musikalische Syntax und sozialhistorische Praxis in der arbeitsfunktionalen
            Signalgebung deutscher Viehhirten",Berlin
1971,"F 60","Wert und Wertung aus der Sicht der Musikästhetik und Musikpädagogik
            (Arbeitsthema)",Halle
1971,"F 61","Marin Marais' Virtuosität in seinen 'Pièces de Viole' Bde I-V",Leipzig
1971,"F 62","Idealbildung durch. Musik als ein Faktor bei der Herausbildung der Persönlichkeit im
            Pubertätsalter",Leipzig
1971,"F 63","Untersuchungen zum sinfonischen Schaffen der jüngeren Komponistengeneration in der
            DDR",Berlin
1971,"F 64","Werkbetrachtung im Unterrichtsbereich Musikhören der Klassen 5 bis 10",Halle
1971,"F 65","Musikpflege der Stadt Jena von 1750 bis zur Gegenwart",Jena
1971,"F 66","Die Bedeutung der Klavierimprovisation in der Musikerziehung der DDR. Ein Beitrag zur
            schöpferischen Gestaltung des Musikunterrichts und zur Entwicklung sozialistischer
            Erziehungspersönlichkeiten",Greifswald
1971,"F 67","Untersuchungen zur Struktur musikalischer Interessen bei Schülern der Klassen 5 bis
            12 der sozialistischen Oberschule der DDR unter dem besonderen Aspekt des Anteils von
            Interesse für Tanz- und Unterhaltungsmusik",Leipzig
1971,"F 68","Zur Steuerung des pianistischen Interpretationsprozesses und der pianistischen
            Ausbildung",Leipzig
1971,"F 69","Quellenstudien zum italienischen Intermezzo comico per musica und zu seiner
            Geschichte in Dresden",Rostock
1971,"F 70","Die Funktion des Akkordeons innerhalb der Musikkultur Deutschlands und die
            Entwicklung seiner Spieltechnik in der Zeit von 1918 bis zur Gegenwart', darqestellt an
            den wichtigsten Schulwerken und der Spielliteratur",Greifswald
1971,"F 71","Systematische Untersuchungen zur Intonation der Streichquartettinstrumente",Halle
1971,"F 73","Klaviermusik der DDR unter besonderer Berücksichtigung der Klaviersonate",Berlin
1971,"F 75","Analyse einer musiksoziologischen Untersuchung",Berlin
1971,"F 76","Das Verhältnis von auditiver und visueller Analyse beim Erfassen musikalisch
            gestalteter Zeitstrukturen",Berlin
1971,"F 77","Untersuchungen zu den Entwicklungstendenzen des Suitenschaffens in der DDR und seiner
            Funktion im Bereich der Musikerziehung",Greifswald
1971,"F 78","Psychologische Untersuchungen zum Entwicklungsniveau musikalischer Fähigkeiten bei
            Schuleintritt",Weimar
1971,"F 79","Robert Schumanns künstlerische Entwicklung in seinem Liedschaffen",Rostock
1971,"F 80","Der Wandel des Beethoven-Bildes und sein Niederschlag in der musikpädagogischen
            Literatur - Ein Beitrag zum Beethoven-Jahr 1970",Halle
1971,"F 81","Das Musikhören als Bestandteil des Musikunterrichts der allgemeinbildenden Schule in
            Geschichte und. Gegenwart. Ein theoretisch-historischer Beitrag zur Niveaubestimmung des
            Musikhörens im Musikunterricht der allgemeinbildenden sozialistischen Schule",Berlin
1971,"F 82","Zum Problem des Schumannschen Spätwerkes",Halle
1971,"F 83","Untersuchungen zur Musikgeschichte Meiningens",Halle
1971,"F 84","Die Streichquartette Dmitri Schostakowitschs",Greifswald
1971,"F 85","Die Eisenacher Hofkapelle 1672-1741",Halle
1971,"F 86","Pädagogisch-methodische und psychologische Grundsätze der Entwicklung der
            musikalisch-ästhetischen Erlebnisfähigkeit der Schüler im Unterricht",Berlin
1971,"F 87","Die Codices Ms. 49/50 und Ms. 51 der Thomaskirche in der Universitätsbibliothek
            Leipzig. Ein Beitrag zur Musikgeschichte des 16. Jahrhunderts",Leipzig
1971,"F 88","Einstellungsstereotype bei der Rezeption von Tanzmusik und tanzmusikähnlicher Musik
            durch Jugendliche",Berlin
1971,"F 89","Die Entwicklung des theoretisch-ästhetischen Denkens im Bereich der Berliner
            Musikkultur von den Anfängen der Aufklärung bis zu Reichardt und Zelter",Berlin
1971,"F 90","Funktion und Formen des Tanzes zwischen 1800 und 1914: Studien zur Geschichte und
            Rezeption des Tanzes in Deutschland",Leipzig
1971,"F 91","Untersuchungen zur musikalischen Leistungsfähigkeit cerebralparetischer
            Kinder",Berlin
1971,"F 92","Zur Frage des Populären bei Mozart",Halle
1971,"F 93","Die Berliner Hofkapelle im 16. und 17. Jahrhundert (Arbeitstitel)",Berlin
1971,"F 94","Zu aktuellen Problemen der Operngeschichte der DDR: Untersuchungen zum Opernschaffen
            der letzten Jahre",Berlin
1971,"F 95","Das Klavierspiel und seine Lehre im deutschsprachigen musikalischen und pädagogischen
            Schrifttum des 18. Jahrhunderts. Beiträge zur Geschichte der musikalischen Bildung im
            Zeitalter der Aufklärung",Halle
1971,"F 96","Ethische Konstanz und stilistische Kontinuität im Schaffen Alexander Nikolajewitsch
            Skrjabins unter besonderer Berücksichtigung seiner Klavierkompositionen",Leipzig
1971,"F 97","Die Entwicklung des Jugendliedes im Gebiet der DDR in den Jahren von 1945 bis
            1954",Halle
1971,"F 98","Hanns Eislers Wirken in der Emigration von 1938 bis zu seiner Rückkehr",Leipzig
1971,"F 99","Die Musikerziehung in Deutschland zwischen der Französischen Revolution von 1789 und
            der bürgerlich-demokratischen Revolution von 1848",Weimar
1971,"F 100","Hans von Bülow - Pianist und Dirigent",Berlin
1971,"F 101","Das Streichquartett im kompositorischen Schaffen der Deutschen Demokratischen
            Republik",Berlin
1971,"F 102","Introduktionsprobleme im Opernschaffen der DDR (Kollektivpromotion mit Klaus C.
            Barnikol)",Halle
1971,"F 103","Untersuchungen über positive Beeinflussung von Monotonieerscheinungen in spezifischen
            Arbeitssituationen in Großbetrieben",Leipzig
1971,"F 104","Untersuchungen über die Wirkung unterschiedlicher Musik auf das Verhalten von Kühen
            unter der Bedingung der technisierten Milchabgabe",Leipzig
1971,"F 105","Zur Qualitätsbewertung von Musikinstrumenten",Rostock
1971,"F 106",Händel-Forschung,Halle
1971,"F 107","Vertonungen gleicher Texte von Bertolt Brecht als Solo- oder einstimmige Chorlieder
            mit Instrumentalbegleitung durch verschiedene Komponisten der DDR",Greifswald
1971,"F 108","Das mitteldeutsche Singspiel in der zweiten Hälfte des 18. Jahrhunderts",Leipzig
1971,"F 109","Beiträge zur Geschichte der Musiküberlieferung in mitteldeutschen Handschriften des
            16. Jahrhunderts",Rostock
1971,"F 110","Kommauntersuchungen beim zweistimmigen Sinnen mittels Zählröhrenmeßgerät",Halle
1971,"F 111","Die Aufführungen von Opern Händels auf deutschen Bühnen im Zeitraum 1705-1952",Halle
1971,"F 112","Die Sinfonien Sergej Prokofjews. Ein Beitrag zur Methodik der Analyse",Berlin
1971,"F 113","Die Klaviersonate von 1830-1850. Ein Beitrag zur Geschichte der Klaviersonate",Halle
1971,"F 114","Untersuchungen zum Busoni-Bild anhand seines Nachlasses",Berlin
1971,"F 115","Zur spezifischen Funktion und ästhetischen Kategorienbestimmung der Musik zu
            Fernsehfilmen des Deutschen Fernsehfunks",Berlin
1971,"F 116","Heinrich Sattler, ein Wegbereiter für die Entfaltung einer volkstümlichen
            Musikpflege. Ein Beitrag zur Landschaftsforschung im Bereich Vorderharz des 19.
            Jahrhunderts",Halle
1971,"F 117","Der Arbeitergesang in Thüringen von seinen Anfängen bis zum Jahre 1914. Ein Beitrag
            zur Geschichte der Arbeiterbewegung in Deutschland",Jena
1971,"F 118","Untersuchungen zum klavierbegleiteten Sololied im DDR-Musikschaffen.
            (Arbeitsthema)",Halle
1971,"F 119","Untersuchungen zur Ästhetik und Aufführungspraxis der italienischen Opera seria des
            18. Jahrhunderts unter besonderer Berücksichtigung der Affekten-Erkennung",Leipzig
1971,"F 120","Diether Noll, Leben und Werk, Versuch der Würdigung eines Komponisten der jüngeren
            Generation in der Deutschen Demokratischen Republik",Halle
1971,"F 121","Über tonikales und modales Singen in der Unterstufe - Beitrag zur Untersuchung
            musikalischer Leistungsfähigkeit",Halle
1971,"F 122","Der Typ des Prokofjewschen Instrumentalkonzertes. Seine Stellung und Bedeutung in der
            Gegenwart",Leipzig
1971,"F 123","Das musikalische Thema - seine tonsprachlichen Funktionen und Positionen
            (Arbeitstitel)",Leipzig
1971,"F 124","Richard Wagners geistige und künstlerische Entwicklung nach 1848",Leipzig
1971,"F 125","Möglichkeiten der Wiederbelebunb der heiteren Oper des 18. Jahrhunderts",Halle
1971,"F 126","Das Solokonzert von Dmitri Schostakowitsch",Halle
1971,"F 127","Die Entwicklung des Gewandhausorchesters seit 1945 und seine weitere Arbeit
            (Arbeitsthema)",Leipzig
1972,1,"Zum 300. Todestag von Heinrich Schütz",Leipzig
1972,2,"Johannes Brahms heute. Zum 75. Todestag des Komponisten",Berlin
1972,3,"Heinrich Schütz 1585-1572, Leben und Werk, Zeit und Persönlichkeit",Berlin
1972,4,"Zwei Briefe von Felix Mendelssohn Bartholdy",Berlin
1972,5,"Die Musik im geistig-kulturellen Leben der DDR",Berlin
1972,6,"Bildnisse von Heinrich Schütz: In: Heinrich Schütz 1585-1672, Festtage 1972
            (Festheft)",Gera-Land
1972,7,"Bach-Jahrbuch. Im Auftr. d. Neuen Bachges",Berlin
1972,8,Bach-Jahrbuch,Berlin
1972,9,"Rezeptionskundliche Untersuchungen zur Tanzmusik in der DDR",Leipzig
1972,10,"Die Beethoven-Ehrung der Deutschen Demokratischen Republik 1970",Berlin
1972,11,"Zur Einführung des Rahmenprogramms für die allgemein musikalische Vorunterweisung an
            den Musikschulen",Berlin
1972,12,"Begabungen frühzeitig erkennen und fördern I Bemerkungen zum Rahmenprogramm für die
            musikalische Bildung und Erziehung im Vorschulalter an den Musikschulen der DDR",Leipzig
1972,13,"Bericht über den Internationalen Beethoven-Kongreß 10.-12. Dezember 1970 in
            Berlin",Berlin
1972,14,"Deutsche Lieder von Robert Morton und Josquin",Berlin
1972,15,"Frühe Spuren eines realistischen Beethoven-Bildes im Schumann-Brendel-Kreis",Berlin
1972,16,"Gerhard Rosenfeld - Konzert für Klavier und Orchester (1969); Konzert für Violoncello
            und Orchester (1967/69). (Schallplattentextheft)",Berlin
1972,17,"Neue Werke unserer Komponisten. Rainer Kunad: Konzert für Orgel",Berlin
1972,18,"Musiktheater, Tanz, Wort und Musik. Zu einem neuen Ballett von Rainer Kunad",Berlin
1972,19,"Neue Werke unserer Komponisten, Rudolf Wagner-Régeny: ""Gesänge des Abschieds""",Berlin
1972,20,"Karlheinz Stockhausen oder 'Der Imperialismus als höchstes Stadium des
            kapitalistischen Avantgardismus'",Berlin
1972,21,"Wie die ""Eislers"" zu Eisler fanden. Professor Ruth Zechlin und ihre Kabelwerker.
            (Interview)",Berlin
1972,22,"Konflikthaftigkeit und Idealität: im klassischen Realismus Ludwig van
            Beethovens",Berlin
1972,23,"Zwanzig Jahre BSO",Berlin
1972,24,"Konzerteinführungen und Werkkommentare in Programmheften",Berlin
1972,25,"Was wird gespielt",Berlin
1972,26,"Das Internationale Musikseminar der DDR in Weimar: In: Festschrift der Hochschule für
            Musik ""Franz Liszt"" Weimar zum hundertsten Jahrestag",Weimar
1972,27,"Die Beethoven-Gesamtausgabe des VEB Deutsche Schallplatten, Ergebnisse, Erkenntnisse
            und Probleme einer umfassenden Klassikeredition auf Schallplatten",Berlin
1972,28,"Das Verhältnis der deutschen Arbeiterklasse zur Instrumentalmusik, dargestellt bis
            zum Jahre 1933",Berlin
1972,29,"Zur Beethoven-Rezeption Hanns Eislers",Berlin
1972,30,"Zum Problem der Tradition in den Musikkulturen Außereuropas. Koreferat auf dem 7.
            Kongreß des Internationalen Musikrates in Moskau",Berlin
1972,31,"Hanns Eisler - Die Mutter (Kantate). (Taschentext)",Berlin
1972,32,"Hanns Eisler - Lieder mit Ernst Busch. (Taschentext)",Berlin
1972,33,"Hanns Eisler - Rhapsodie für großes Orchester (nach: Goethe: ""Faust"" II, 1949).
            Vorspiel und Gesang aus d. Bühnenmusik zu ""Wilhelm Teil"" (1962); Drei Männerchöre op. 10
            (nach: Heine, 1926/27), Zwei Sonette von Bertolt Brecht (1938); Glückliche Fahrt (nach:
            Goethe, 1946); Das Vorbild (nach: Goethe, 1951), (Taschentext)",Berlin
1972,34,"Klassenauseinandersetzung im Chanson. Hinweise zur Stoffeinheit 8 der Klasse
            9",Berlin
1972,35,"Zur Behandlung von Schlagern im Musikunterricht und im außerunterrichtlichen
            Bereich",Berlin
1972,36,"Interessante und wertvolle Beatmusik aus der befreundeten Volksrepublik Polen",Berlin
1972,37,"Hanslick, Eduard: Musikkritiken",Leipzig
1972,38,"Klassenauseinandersetzung im Chanson. Hinweise zur Stoffeinheit 8 der Klasse
            9",Berlin
1972,39,"Zur Tradition der Beethoven-Pflege des Gewandhausorchesters",Berlin
1972,40,"Festschrift der Hochschule für Musik ""Franz Liszt"" Weimar zum hundertsten Jahrestag
            ihrer Gründung als Orchesterschule (1872/1972)",Weimar
1972,41,"Beethoven und die Antike",Berlin
1972,42,"Zehn Jahre Telemann-Arbeitskreis in Magdeburg",Berlin
1972,43,"""Lust und Fleiß kann Wege finden..."". 20 Jahre Telemann-Kammerorchester",Leipzig
1972,44,"Georg Friedrich Händels Triosonaten. (Teil A)",Halle
1972,45,"Operette und Musical im Musikunterricht",Berlin
1972,46,"Die Instrumente des Sinfonieorchesters. Hinweise zur Stoffeinheit 9 der Klasse
            6",Berlin
1972,47,"Musik großer Gefühlstiefe und Volksverbundenheit. Hinweise zur Stoffeinheit 2 der
            Klasse 10 des neuen Lehrplans",Berlin
1972,48,"Zur Behandlung von Schlagern im Musikunterricht und im außerunterrichtlichen
            Bereich",Berlin
1972,49,"Der Wandel im Interpretationsideal der Klaviersonaten Ludwig van Beethovens",Berlin
1972,50,"Zur Kontinuität der Kultur- und Schulpolitik der Sozialistischen Einheitspartei
            Deutschlands",Zwickau
1972,51,"Fünf Sätze für Streichorchester von Günter Kochan",Berlin
1972,52,"""Pinocchios Abenteuer"" - eine neue Kinderoper von Kurt Schwaen. Bemerkungen zum Werk
            Und zu Möglichkeiten einer Einführung",Berlin
1972,53,"""Icke und die Hexe Yu"" - eine Einführung in ein neues Singspiel für die
            Jugend",Berlin
1972,54,"Neue Werke unserer Komponisten. Ruth Zechlin: 4. Streichquartett",Berlin
1972,55,"Neue Werke unserer Komponisten. Siegfried Matthus: Oktett 1970",Berlin
1972,56,"Musiktheater. Anspruchsvolles Vergnügen. (Georg Katzer",Berlin
1972,57,"Tschastuschki - Kontraste - Poeme. Zum Schaffen von Rodion Stschedrin",Berlin
1972,58,"Zur Entwicklung der Singefähigkeit bei Kleinkindern",Leipzig
1972,59,"Improvisation leicht gemacht. Anleitung zum Gottesdienstlichen Orgelspiel",Berlin
1972,60,"Untersuchungen zum Intensitätsvibrato der Sängerstimme",Berlin
1972,61,"Felix Mendelssohn Bartholdys Lieder für gemischten Chor und Männerchor",Berlin
1972,62,"Der späte Beethoven - Versuch einer Standortbestimmung",Berlin
1972,63,"Beethovens Anweisungen zum Spiel der 'Cramer-Etüden",Berlin
1972,64,"Musikvermittlung wird im Sozialismus ernst genommen, (Populärwissenschaftliche Tagung
            in Frankfurt/Oder)",Berlin
1972,65,"Bewegung als Triebkraft. Zur Uraufführung des Balletts ""Wir aber nennen Liebe
            lebendigen Frieden"" von Rainer Kunad in Dresden",Berlin
1972,66,"Im Sozialismus handelt es sich vor allem um Erziehung! Zum 10. Todestag von Hanns
            Eisler am 6. September 1972",Berlin
1972,67,"Jugend- und Schulkonzerte",Berlin
1972,68,"Die Entwicklung der Abteilung Schulmusikerziehung seit 1946: In: Festschrift der
            Hochschule für Musik ""Franz Liszt"" Weimar zum hundertsten Jahrestag",Weimar
1972,69,"Musik in neueren Gegenwartsfilmen der DEFA",Berlin
1972,70,"Beethovens Bestimmung des Sinfonischen als Ausdruck seines Realismus",Berlin
1972,71,"Wider die Übermacht des Thematischen. Zum Verständnis César Francks anhand seiner
            d-Moll-Sinfonie",Berlin
1972,72,"Kritische Betrachtung hermeneutischer Verfahren in pädagogischen Schriften zum
            Musikhören",Halle
1972,73,"Der Dichter und der Komponist. Zu E.T.A. Hoffmanns 150. Geburtstag am 25.
            Juni",Berlin
1972,74,"Zur Erarbeitung von Werken G.F. Händels im Chor des Kombinates VEB Chemische Werke
            Buna",Leipzig
1972,75,"Aktuelle Fragen unserer Musikkultur",Berlin
1972,76,"Händel - Jahrbuch 1971",Leipzig
1972,77,"Forum ""Musik in der DDR"" 1972",Berlin
1972,78,"Musikalische Bildung im Rundfunk",Berlin
1972,79,"Zur Entwicklung und zu aktuellen Problemen des marxistisch-leninistischen
            Grundlagenstudiums an der.Franz-Liszt-Hochschule: In: Festschrift der Hochschule für
            Musik ""Franz Liszt"" Weimar zum hundertsten Jahrestag",Weimar
1972,80,"Die Staatliche Musikschule bzw. Hochschule für Musik von 1918 bis 1945: In:
            Festschrift der Hochschule für Musik ""Franz Liszt"" Weimar zum hundertsten
            Jahrestag",Weimar
1972,81,"Das Internationale Musikseminar der DDR in Weimar: In: Festschrift der Hochschule für
            Musik ""Franz Liszt"" Weimar zum hundertsten Jahrestag",Weimar
1972,82,"Hauptaufgaben für die komponierenden Werktätigen in den Jahren 1971-75",Leipzig
1972,83,"Neue Werke unserer Komponisten. Rainer Kunad: ""Von der Kocherie""",Berlin
1972,84,"Die Fähigkeit der Jugend zur Anpassung an die imperialistische Gesellschaftsordnung
            und ihren Kulturbetrieb - ein Hauptziel der gegenwärtigen Musikerziehung in der
            BRD",Berlin
1972,85,"Musik-Lehrbuch für die Klassen 9 und 10",Berlin
1972,86,"Die Widerspiegelung der Entwicklung unserer Republik im sozialistischen Jugendlied.
            Hinweise zur 1. Stoffeinheit der 8. Klasse",Berlin
1972,87,"Ludwig van Beethovens Konversationshefte",Leipzig
1972,88,"Aus der Arbeit an Beethovens Konversationsheften. Zu speziellen
            Untersuchungsergebnissen",Berlin
1972,89,"Hugo Distler - Rufer und Mahner",Berlin
1972,90,"Klassiker-Rezeption und epische Spielweise auf der Musikbühne: In: Jahrbuch der
            Komischen Opern XII. Spielzeit 1971/72",Berlin
1972,91,"Ernst Hermann Meyers ""Leinefelder Divertimento"" im Unterricht der erweiterten
            Oberschule",Berlin
1972,92,"Ludwig van Beethovens 5. Sinfonie",Berlin
1972,93,"Ludwig van Beethoven und seine Verleger: Im besonderen dargestellt an seinen
            Beziehungen zum Leipziger Musikverlag Breitkopf &amp; Härtel",Berlin
1972,94,"Georg Philipp Telemann: Ha ha! wo will wi hüt noch danzen. Kantate für Sopran,
            Violine und Basso continuo. Neudr",Leipzig
1972,95,"Ernst Carl Ludwig Westenholz, Ein bedeutender Sänger der deutschen Frühoper",Haldensleben
1972,96,"Gut informieren - rechtzeitig vorbereiten, Hinweise zur Einführung der neuen
            Lehrpläne für den Musikunterricht in den Klassen 5 bis 10",Berlin
1972,97,"Wissen und Können anwenden - Leistungsfortschritt sichern. Gedanken zur Einführung
            des neuen Lehrplans Klasse 6",Berlin
1972,98,"Das klingende Musikwerk im Mittelpunkt des Musikhörens. Hinweise zum neuen Lehrplan
            für Klasse 7",Berlin
1972,99,"Singen und Musikhören eng verbunden. Hinweise zum neuen Lehrplan für Klasse 8",Berlin
1972,100,"Wie erreichen wir eine neue Qualität in der didaktisch-methodischen Gestaltung des
            Musikunterrichts? Gedanken zur Realisierung des neuen Lehrplans in Klasse 9",Berlin
1972,101,"Spielbegriff und Spieltheorie im Ansatz der marxistischen Ästhetik",Berlin
1972,102,"Beethovens Bedeutung für das kulturelle Leben einer ländlichen Schrittmachergemeinde
            in der DDR",Berlin
1972,103,"Zur Geschichte des Musikverlags im südwestlichen Sachsen","Frankfurt a. M."
1972,104,"Bartholomäus Crasselius",Kassel
1972,105,"Günter Kochan",Berlin
1972,106,"Der Minister und der Eremit. Zum deus ex machina bei Beethoven und bei Weber",Berlin
1972,107,"Das Kammerorchester der Franz-Liszt-Hochschule: In: Festschrift der Hochschule für
            Musik ""Franz Liszt"" Weimar zum hundertsten Jahrestag",Weimar
1972,108,"Jahrbuch der Komischen Oper Berlin XII, Spielzeit 1971/72",Berlin
1972,109,"Das heitere Musiktheater und die mittleren Bühnen",Berlin
1972,110,"Die Entwicklung der Musikschule zu einer sozialistischen Ausbildungsstätte
            (1951-1967): In: Festschrift der Hochschule für Musik ""Franz Liszt"" Weimar zum
            hundertsten Jahrestag",Weimar
1972,111,"Johann Georg Conradi. T. 2",Berlin
1972,112,"Bartók, Béla: Musiksprachen, Aufsätze und Vorträge",Leipzig
1972,113,"Die Kunst dem Volke. Zum 50. Jahrestag der Gründung der UdSSR",Berlin
1972,114,"Paul Kurzbach zum Siebzigsten",Berlin
1972,115,"Beethoven in der Schule",Berlin
1972,116,"Zur Inszenierung der Oper ""Rodelinda"": In: Händel-Jahrbuch 1971. Jg 17",Leipzig
1972,117,"Zum Unterricht in Komposition: In: Festschrift der Hochschule für Musik ""Franz Liszt""
            Weimar zum hundertsten Jahrestag",Weimar
1972,118,"Im Schaffensprozeß von Liedern und Chören",Leipzig
1972,119,"Shaw, George Bernard: Musikfeuilletons des Corno di Bassetto",Leipzig
1972,120,"Neue Werke unserer Komponisten, Gerhard Rosenfeld: Konzert für Harfe, Kontrabaß und
            Orchester",Berlin
1972,121,"Neue Werke unserer Komponisten, Gerhild Müller: Concertino für drei Gruppen",Berlin
1972,122,"Neue Werke unserer Komponisten, Reiner Dennewitz: 1. Sinfonie (1971)",Berlin
1972,123,"Fritz Geißler - Sinfonie Nr. 5; Ruth Zechlin - Kammersinfonie, (Taschentext)",Berlin
1972,124,"Das Beethoven-Bild in Geschichte und Gegenwart",Berlin
1972,125,"Rolland, Romain: Musiker von heute",Berlin
1972,126,"Mendelssohn - 125 Jahre nach seinem Tode",Berlin
1972,127,"Magnet Lortzing. Werkprobleme und Inszenierungsversuche",Berlin
1972,128,"Wer ist Falstaff? Aspekte zur Konzeption der Oper und ihrer zentralen Figur",Berlin
1972,129,"Formale Spezifika des sorbischen Volksliedes",Bautzen
1972,130,"Wo stawiznach serbskich zukoplatow",Rozhled
1972,131,"zum 65. Geburtstag von Prof. Dr. Richard Petzoldt",Berlin
1972,132,"Die Fachrichtung Orgel-Cembalo: In: Festschrift der Hochschule für Musik ""Franz
            Liszt” Weimar zum hundertsten Jahrestag",Weimar
1972,133,"Felix Mendelssohn Bartholdy. 2., veränd. Aufl",Leipzig
1972,134,"Ludwig van Beethovens Konversationshefte, Bd 1, H, 1-10",Leipzig
1972,135,"Beethovens literarische Kontakte - Ein Beitrag zum Weltbild des Komponisten",Berlin
1972,136,"Die Konversationshefte Ludwig van Beethovens als retrospektive Quelle der
            Mozartforschung. Vortrag, gehalten auf der Jahrestagung des Zentralinstituts für
            Mozartforschung am 21. August 1971 in Salzburg",Berlin
1972,137,"Heinrich Schütz heute: In: Schütz, Heinrich Schütz 1585-1672, Festtage 1972
            (Festheft)",Gera-Land
1972,138,"Die Welt des Balletts. Studien zu einem Kapitel Tanzästhetik",Berlin
1972,139,"Quellenstudien zur thematischen Konzeption des ""Fidelio""",Berlin
1972,140,"Die Musik von 1902 bis 1918: In: Festschrift der Hochschule für Musik ""Franz Liszt""
            Weimar zum hundertsten Jahrestag",Weimar
1972,141,"Traum und Wirklichkeit des Eros. Über die Opern von Jules Massenet",Berlin
1972,142,"Charme, Poesie, Klugheit. Die Sopranistin Irmgard Arnold: In: Jahrbuch der Komischen
            Oper XII, Spielzeit 1971/72",Berlin
1972,143,"Werner Egk",Moskau
1972,144,"Autographen, Erstausgaben und Frühdrucke der Werke von Felix Mendelssohn Bartholdy in
            Leipziger Bibliotheken und Archiven",Leipzig
1972,145,"Die Opernschule: In: Festschrift der Hochschule für Musik ""Franz Liszt"" Weimar zum
            hundertsten Jahrestag",Weimar
1972,146,"""Der letzte Schuß"" - Versuch einer Bilanz. Zum Stück und zur Weimarer
            Inszenierung",Berlin
1972,147,"Kleiner Chor - ganz groß. Überlegungen und Anregungen zur Kantoreipraxis",Berlin
1972,148,"Komposition - Musikverbreitung - Hörer. Wo ist die Brücke zu bisherigen
            Hörerfahrungen? (II. Musikkongreß der DDR. Diskussionsbeiträge.) - In",Berlin
1972,149,"Vielfalt und Abwechslung der musikalischen Gestaltung in der Variation. Hinweise zur
            7. Stoffeinheit - des Lehrplans für die 5. Klasse",Berlin
1972,150,"Das Pionierlied im Leben des Schülerkollektivs. Hinweise zur Stoffeinheit 1 der
            Klasse 5",Berlin
1972,151,"Etwas über realistisches Handeln in der Oper",Berlin
1972,152,"Musiktheater. Unser Anspruch an das heitere Musiktheater",Berlin
1972,153,"Vom Nutzen des Musikgesprächs",Berlin
1972,154,"Musikalisches Erbe in guten Händen, Veranstaltungen des Deutschen Kulturbundes zu
            Ehren von Heinrich Schütz und Felix Mendelssohn Bartholdy",Berlin
1972,155,"Für ständige enge Zusammenarbeit. Beratung führender Opernhäuser sozialistischer
            Länder",Berlin
1972,156,"Inhalt und Form des Musikgesprächs",Berlin
1972,157,"Zur Steuerung des pianistischen Interpretationsprozesses und der pianistischen
            Ausbildung. Theoretische, praktische und historische Untersuchungen zu den Prinzipien
            der Pianistik sowie Schlußfolgerungen für ein methodisches System der pianistischen
            Ausbildung",Leipzig
1972,158,"Zur Beethoven-Rezeption in der deutschen Arbeiterbewegung",Berlin
1972,159,"Einige Gedanken zu theoretischen und praktischen Aspekten des Arbeiterliedes",Berlin
1972,160,"Hanns Eisler - Neue deutsche Volkslieder (Joh, R, Becher), (Taschentext)",Berlin
1972,161,"Mit Witz und Wunsch versehen. Wer ohne Bangen über Schatten springt: Zur Uraufführung
            ""Icke und die Hexe Yu"" von Medek/Streubel an der Staatsoperette Dresden",Berlin
1972,162,"Austausch von Notwendigkeiten, Gespräch zu Praxisproblemen des heiteren
            Musiktheaters",Berlin
1972,163,"Der neue Mensch geht seinen ersten Schritt. Zur Oper ""Lanzelot"" und ihrer Dresdner
            Aufführung",Berlin
1972,164,"Sing mir das Lied vom Mord. Zur Uraufführung von Matthus'/Hacks' ""Noch einen Löffel
            Gift, Liebling?"" an der Komischen Oper Berlin",Berlin
1972,165,"25 Jahre Komische Oper",Berlin
1972,166,"Das Beethoven-Bild Carl Maria von Webers",Berlin
1972,167,"Über Aufmerksamkeit und Textstudium. Notizen zum Übestil des Pianisten: In:
            Festschrift der Hochschule für Musik ""Franz Liszt” Weimar zum hundertsten
            Jahrestag",Weimar
1972,168,"Der Beitrag der Musik zur Bereicherung der Persönlichkeit in unserer sozialistischen
            Gesellschaft. II. Musikkongreß der DDR",Berlin
1972,169,"Hinweise zum 3. Klavierkonzert von Dmitri Kabalewski",Berlin
1972,170,"Beethovens Bonner Kantaten",Berlin
1972,171,"I.A.P. Schulz' ""Athalia""-Ein Beitrag zur Untersuchung d. Beziehungen des ""Sturm und
            Drang"" zum Klassizismus",Berlin
1972,172,"Poema und Poetes. Gedanken zu Ernst Hermann Meyers Bratschenpoem. Referat",Berlin
1972,173,Schallplatten-Einführungen,Berlin
1972,174,"Georg Knepler zum fünfundsechzigsten Geburtstag",Berlin
1972,175,"Die Musik im Zeitalter der Französischen Revolution 1750-1815 (Allgemeines -
            Deutschland - Frankreich - Italien)",Berlin
1972,176,"Werkstattgespräch mit Ruth Zechlin",Berlin
1972,177,"Schallplattenmosaik. Erfolgreiche Bilanz und große Pläne. Aus der Arbeit des VEB
            Deutsche Schallplatten",Berlin
1972,178,"Neue Werke unserer Komponisten. Ruth Zechlin",Berlin
1972,179,"Hegel und die Musik",Berlin
1972,180,"Paul Dessau - Requiem für Lumumba. (Taschentext)",Berlin
1972,181,"Überlegungen zum Gegenstand und zu den Aufgaben der Musikästhetik",Weimar
1972,182,"Zum Problem des Baues klanglich hervorragender Geigen und anderer
            Streichinstrumente",Stanford
1972,183,"Das Werk Ludwig van Beethovens und seine Bedeutung für das sozialistisch-realistische
            Gegenwartsschaffen",Berlin
1972,184,"Zu einigen Fragen der Periodisierung der Musik des 17. und 18. Jahrhunderts: In:
            Händel-Jahrbuch 1971, Jg 17",Leipzig
1972,185,"Das Grundprinzip der altarabischen Qasīdah in der musikalischen Form syrischer
            Volkslieder",Halle
1972,186,"Das Beethoven-Bild der deutschen Musikerziehung in Vergangenheit und Gegenwart. Ein
            Beitrag zur Geschichte der Beethoven-Rezeption und der Schulmusik",Berlin
1972,187,"Die Orchester- und Musikschule bis 1902: In: Festschrift der Hochschule für Musik
            ""Franz Liszt"" Weimar zum hundertsten Jahrestag",Weimar
1972,188,"Uraufführung in Weimar",Berlin
1972,189,"Zur Problematik des Instrumentalunterrichts im Vorschulalter. 1.2",Berlin
1972,190,"Um die Zukunft der Musik. XIV, Generalversammlung und VII. Internationaler
            Musikkongreß des IMC in Moskau",Berlin
1972,191,"Tüchtig und glänzend. Hundertjähriges Jubiläum der Musikhochschule ""Franz Liszt"" in
            Weimar",Berlin
1972,192,"Ziele und Prinzipien der ästhetischen Erziehung im Musikunterricht der DDR",Mainz
1972,193,"Bedrich Engels a hudba",Brno
1972,194,"Die Musik von 1902 bis 1918: In: Festschrift der Hochschule für Musik ""Franz Liszt""
            Weimar zum hundertsten Jahrestag",Weimar
1972,195,"Die Staatliche Musikschule bzw. Hochschule für Musik von 1918 bis 1945",Weimar
1972,196,"Bemerkungen zur Ausbildung von Bläsern",Weimar
1972,197,"Die Spezialschule für Musik: In: Festschrift der Hochschule für Musik ""Franz Liszt""
            Weimar zum hundertsten Jahrestag",Weimar
1972,198,"Lexikon der Tanzkunst",Leipzig
1972,199,"Der Wandel des Beethoven-Bildes und sein Niederschlag in der musikpädagogischen
            Literatur - Ein Beitrag zum Beethoven-Jahr 1970",Halle
1972,200,"Zur Kontinuität der Kultur- und Schulpolitik der Sozialistischen Einheitspartei
            Deutschlands",Zwickau
1972,201,"Musik in Funk und Fernsehen. Aktuell gesendet: Schostakowitsch ""Fünfzehnte""",Berlin
1972,202,"VDK-Heimstatt junger Komponisten, Zu einigen Konzerten in den Bezirken und dem
            Berliner Abschlußkonzert",Berlin
1972,203,"Wir singen das Lied unserer Zeit. Zu einer Lied-Beratung in Vorbereitung des II.
            Musik-Kongresses der DDR",Berlin
1972,204,"Neue Werke unserer Komponisten. Hans Jürgen Wenzel: 3. Streichquartett",Berlin
1972,205,"Neue Werke unserer Komponisten, Manfred Schubert",Berlin
1972,206,"""Die Fünfzehnte"". Gedanken zur jüngsten Sinfonie von Dmitri Schostakowitsch",Berlin
1972,207,"Begreifen der Werkidee-Voraussetzung für gültiges Gestalten",Leipzig
1972,208,"Lilo Herrmann, die Studentin von Stuttgart",Berlin
1972,209,"Zur Funktion von Auftragswerken",Leipzig
1972,210,"Das Chanson. Eine Monographie",Leipzig
1972,211,"Neue DDR-Musicals",Berlin
1972,212,"Bach, Johann Sebastian: Schweigt stille, plaudert nicht. Kaffeekantate BWV 211
            (Faksimiledr.)",Leipzig
1972,213,"Johann Sebastian Bachs ""Rittergutskantaten"" BWV 30 a und 212: In: Bach-Jahrbuch. Jg
            58",Berlin
1972,214,"Beethoven-Ehrung 1927 und ihre Probleme",Berlin
1972,215,"Neue Formen der Musik in der sich wandelnden Welt. Koreferat auf dem 7. Kongreß des
            Internationalen Musikrates in Moskau",Berlin
1972,216,"Zum Beethoven-Bild in der russischen Literatur der ersten Hälfte des 19.
            Jahrhunderts",Berlin
1972,217,"Johannes Weyrauch zum 75. Geburtstag",Kassel
1972,218,"Zu den Erfurter Jahren Johann Bernhard Bachs (1676-1749): In: Bach-Jahrbuch. Jg
            57",Berlin
1972,219,"Werkstattgespräch mit Udo Zimmermann",Berlin
1972,220,"Entwicklung und Stagnation im kompositorischen Schaffen Friedrich Schenkers",Berlin
1972,221,"Entstehung und Entwicklung der Abteilung Volksmusikerziehung: In: Festschrift der
            Hochschule für Musik ""Franz Liszt"" Weimar zum hundertsten Jahrestag",Weimar
1972,222,"Heinrich Schütz und seine Zeit in Bildern",Leipzig
1972,223,"Heinrich Schütz in seiner Zeit",Gera-Land
1972,224,"Seculi sui musicus exellentissimus. Zum 300. Todestag von Heinrich Schütz (1585-1672
            )",Berlin
1972,225,"Die Pflege des kulturellen Erbes als Anliegen sozialistischer Kulturpolitik, Hinweise
            zur 2. Stoffeinheit des Lehrplans für die 9. Klasse",Berlin
1972,226,"Zur Interpretation des ""Fidelio""",Berlin
1972,227,"Das Beethoven-Bild in der erzählenden Literatur",Berlin
1972,228,"Geschichte und Funktion der Internationalen Vereinigung der Musikbibliotheken
            (IVMB)",Leipzig
1972,229,"Untersuchungen zur musikalischen Leistungsfähigkeit cerebralparetischer
            Kinder",Berlin
1972,230,"Die Bedeutung Ludwig van Beethovens für die sozialistische Nationalkultur der
            Deutschen Demokratischen Republik",Berlin
1972,231,"Georg Philipp Telemanns Stellung in der Epoche der Aufklärung",Leipzig
1972,232,"Beitrag der Musik und des Theaters zur sozialistischen Persönlichkeitsentwicklung.
            (Referat, gehalten auf der 2. Tagung der Kommission für die kulturell-ästhetische
            Bildung und Erziehung der Schuljugend beim Ministerium für Volksbildung, 25. 4. 1971,
            Kurzfassung)",Berlin
1972,233,"Wie steht es mit unserer Tanzmusik? (Referat, gehalten anläßlich der
            Tanzmusikkonferenz am 24. und 25. April 1972 in Berlin)",Berlin
1972,234,"Die Musik im geistig-kulturellen Leben der DDR",Berlin
1972,235,"Felix Mendelssohn Bartholdy. Eine Lebens-Chronik",Leipzig
1972,236,"Zur Problematik der elbslawisch-sorbischen Musikkultur: In: Letopis, Jahresschrift
            des Institutes für sorbische Volksforschung RC, Nr. 15",Berlin
1972,237,"Korla Awgust Kocor. Zum 150. Geburtstag des sorbischen Komponisten",Berlin
1972,238,"Der Künstler und unser heutiges Publikum",Berlin
1972,239,"Tanz der Völker. Folkloreballett heute",Berlin
1972,240,"Zum 65. Geburtstag von Dmitri Schostakowitsch. (Festansprache)",Berlin
1972,241,"Fürstenau, Moritz",Leipzig
1972,242,"Die Opernschule: In: Festschrift der Hochschule für Musik ""Franz Liszt"" Weimar zum
            hundertsten Jahrestag",Weimar
1972,243,"Das ""Mendelssohn-Zimmer"" in Leipzig",Berlin
1972,244,"Beethoven und die Gassenhauer seiner Zeit",Berlin
1972,245,"Die schreckliche Pulver-Explosion zu Hamburg und andere echte und wahrhafte
            Moritaten",Berlin
1972,246,"Zur Dialektik bei der dramaturgischen Gestaltung der Musik zu Goethes
            ""Egmont""",Berlin
1972,247,"Anmerkungen zur Musik. (Zu",Berlin
1972,248,"Ernst Hermann Meyer - Sinfonie in B (1967/68); Günter Kochan - Sinfonie Nr. 2 für
            großes Orchester in einem Satz (1968). (Taschentext)",Berlin
1972,249,"Robert Hanell - Esther. (Taschentext)",Berlin
1972,250,"Die Quellenhandschriften zum Musiktraktat des Johannes de Grocheo",Leipzig
1972,251,"Felix Mendelssohn Bartholdy, Briefe aus Leipziger Archiven",Leipzig
1972,252,"Lebendiges Erbe, Reden und Aufsätze zu Kunst und Literatur",Leipzig
1972,253,"Realismus und Antizipation in Werken Beethovens. Zur Wechselwirkung der Künste am
            Beispiel der ""Egmont""-Musik und des ""Fidelio""-Problems in Shakespeares
            ""Cymbeline""",Berlin
1972,254,"Cymbeline und Fidelio. Ein Beitrag zur Wechselbeziehung der Künste: In:
            Shakespeare-Jahrbuch 1972. Bd 108",Weimar
1972,255,"Über das Verhältnis von Aufklärung und Klassik bei Händel: In: Händel-Jahrbuch 1971.
            Jg 17",Leipzig
1972,256,"""Kammermusik Alt-Englands"" - methodologisches Beispiel einer neuen
            Musikhistoriographie",Berlin
1972,257,"Komposition - Musikverbreitung - Hörer. Musik, die erlebt, doch nicht zelebriert
            wird. (II. Musikkongreß der DDR, Diskussionsbeiträge.) - In",Berlin
1972,258,"Rückblick auf die Händel-Jahrbücher (1955-1970)",Leipzig
1972,259,"Alexander Skrjabin: Humanitas oder Mystik? Zum 100. Geburtstag des
            Komponisten",Berlin
1972,260,"Bemerkungen zur Berücksichtigung des Klanges historischer Hammerflügel für die
            Interpretation Beethovenscher Klavierwerke auf modernen Instrumenten",Berlin
1972,261,"Schönewolf, Karl: Orchestermusik A-F",Leipzig
1972,262,"Johanna Rudolphs Händel-Renaissance",Leipzig
1972,263,"Zwanzig Jahre Verband Deutscher Komponisten und Musikwissenschaftler",Berlin
1972,264,"Andre Asriel 50",Berlin
1972,265,"Neue Werke unserer Komponisten, Ruth Zechlin: 3. Streichquartett",Berlin
1972,266,"Musiktheater. Ein neuer Akzent: ""Icke und die Hexe Yu"". Singspiel von Manfred
            Streubel, Musik von Tilo Medek",Berlin
1972,267,"Musik im Dienste unserer Sache. Eberhard Schmidt wurde 65 Jahre",Berlin
1972,268,"Neue Werke unserer Komponisten. Joachim Werzlau: Olympisches Divertimento",Berlin
1972,269,"Neue Werke unserer Komponisten, Wilhelm Neef: Klavierkonzert",Berlin
1972,270,"Musik im Auftrag",Berlin
1972,271,"Probleme und Aufgaben der Tanzmusik",Berlin
1972,272,"Musik der Lebensfülle. Zum 75. Geburtstag Ottmar Gersters",Berlin
1972,273,"Neue Werke unserer Komponisten. Rainer Kunad: Antiphonie für zwei Orchester und
            Rhythmusgruppe",Berlin
1972,274,"Musiktheater, Siegfried Matthus",Berlin
1972,275,"Schostakowitschs ""Fünfzehnte"" in Berlin, Gastkonzert des Staatlichen
            Sinfonieorchesters der UdSSR",Berlin
1972,276,"Wir reden hier nicht nur von Eisler - wir reden von uns! - In",Berlin
1972,277,"Von der Verantwortung der Musikkritik",Berlin
1972,278,"Vater der neuen polnischen Musik. Zum 90. Geburtstag Karol Szymanowskis",Berlin
1972,279,"Musik im Funk, Ein neues Oratorium von Fritz Geißler urgesendet",Berlin
1972,280,"Joachim Werzlau - Hans Marchwitza, Ein sinfonisches Porträt (1970).
            (Taschentext)",Berlin
1972,281,"Die historische Röntgenaufnahme zur Kontrolle der Rekonstruktion des Antlitzes Johann
            Sebastian Bachs: In: Bach-Jahrbuch. Jg 58",Berlin
1972,282,"Zur Funktion der Bühnenmusik in der sozialistischen Dramatik der DDR. Ergebnisse und
            Positionen sowie Überlegungen für die künftige Theaterarbeit",Berlin
1972,283,"Don Quichotte. Die Fabellesart in der Inszenierung der Komischen Oper Berlin: In:
            Jahrbuch der Komischen Oper XII. Spielzeit 1971/72",Berlin
1972,284,"Heinrich Schütz' Beziehungen zu Köstritz, Gera, Weißenfels und Zeitz",Gera-Land
1972,285,"Zum Gebrauch des Cembalos und des Klaviers bei der heutigen Interpretation Bachscher
            Werke: In: Bach-Jahrbuch. Jg 58",Berlin
1972,286,"Der antifaschistisch-demokratische Neuaufbau der Weimarer Musikhochschule nach 1995:
            In: Festschrift der Hochschule für Musik ""Franz Liszt"" Weimar zum hundertsten
            Jahrestag",Weimar
1972,287,"100-Jahr-Feier der Weimarer Musikhochschule",Berlin
1972,288,"Bemerkungen zur Konzeption des Liederkreises op. 98 ""An die ferne Geliebte""",Berlin
1972,289,"Zur Kritik der spätbürgerlichen Beethovendeutung",Berlin
1972,290,"Musiksendungen im Deutschen Fernsehfunk",Berlin
1972,291,"Bachs ""Musikalisches Opfer"" in Neufassung",Berlin
1972,292,"Ernst Hermann Meyer - Sinfonie in B(1967/68); Günter Kochan - Sinfonie Nr. 2 für
            großes Orchester in einem Satz (1968). (Taschentext)",Berlin
1972,293,"Untersuchungen zum Begriff des Neuen in der zeitgenössischen Musik - ein Beitrag zur
            Bestimmung spezifischer inhaltlicher Erscheinungsformen nichtwortgebundener Musik des
            sozialistischen Realismus",Halle
1972,294,"Die Musik der Peking-Oper. Bd 1.2",Leipzig
1972,295,"Zum Gebrauch der Schlaginstrumente im traditionellen chinesischen
            Musiktheater",Budapest
1972,296,"Das populärwissenschaftliche Buch",Berlin
1972,297,"""Was sollen wir Politik steiten!"" Zum 125. Todestag Felix
            Mendelssohn-Bartholdys",Berlin
1972,298,"Zur Frage des Realismus bei Mendelssohn",Berlin
1972,299,"Zur Populärwissenschaft",Berlin
1972,300,"Neue Werke unserer Komponisten. Fritz Geißler: Konzertante Sinfonie",Berlin
1972,301,"Neue Werke unserer Komponisten. Siegfried Thiele: Concertino für Harfe, Streicher,
            Pauken und Schlagzeug",Berlin
1972,302,"Neue Werke unserer Komponisten, Peter Herrmann: Kammersinfonie",Berlin
1972,303,"Neue Werke unserer Kompnisten. Peter Herrmann",Berlin
1972,304,"Werkstattgespräch mit Fritz Geißler",Berlin
1972,305,"Bemerkungen zu zwei Funktionsarten der Klavierimprovisation im Schaffen
            Beethovens",Berlin
1972,306,"Zur Psychologie des künstlerischen Schaffens",Weimar
1972,307,"Hanns Eisler und seine Bedeutung für das sozialistisch-realistische Musikschaffen.
            Hinweise zur Stoffeinheit 8 der Klasse 10",Berlin
1972,308,"Der unterschiedliche Gebrauch von Tänzen. Zur Stoffeinheit 8 in Klasse 6",Berlin
1972,309,"Publikum als Auftraggeber? Zu Fragen der schöpferischen Beziehung zwischen Hörer und
            Komponist aus der Sicht des Komponisten",Berlin
1972,310,"Schütz - Heinrich Schütz 1585-1672",Gera-Land
1972,311,"Dokumente zum Nachwirken Johann Sebastian Bachs, 1750-1800. Bach, Dokumente",Leipzig
1972,311,"Dokumente zum Nachwirken Johann Sebastian Bachs, 1750-1800. Bach, Dokumente",Kassel
1972,312,"Der Schreiber ""Anonymus 400"" - ein Schüler Johann Sebastian Bachs: In: Bach-Jahrbuch.
            Jg 58",Berlin
1972,313,"J. S. Bach’s Concerto-arrangements for Organ - Studies or commissioned Works",Laaber
1972,314,"Zum Aufbau von fachrelevanten Motivationen im Musikunterricht auf der Grundlage
            allgemeiner Lerneinstellungen der Schüler",Berlin
1972,315,"Probleme der musikalischen Ausbildung im Vorschulalter",Berlin
1972,316,"Neue Probleme der musikalischen Bildung und Erziehung im Vorschulalter",Berlin
1972,317,"Musiktherapie bei Neurosen und funktionellen Störungen",Jena
1972,318,"Musiktherapie - musikalische Heilpädagogik - Musikerziehung - Versuch einer
            Begriffsbestimmung",Lenk
1972,319,"Musiktherapeutischer Stand und Entwicklung der fachlichen Ausbildung in der
            DDR",Berlin
1972,320,"Musik und aktiver Gesundheitsschutz, Über die Wirkung von Musik zur Überwindung
            arbeitsbedingter Monotonieerscheinungen",Berlin
1972,321,"Musikverständnis - Musikerlebnis. Einige Aspekte zur gesellschaftlichen Funktion der
            Musik",Weimar
1972,322,"Prinzipien und therapeutische Ansatzpunkte der Leipziger Musiktherapie",Zagreb
1972,323,"Theoretische Grundlagen der rezeptiven Musiktherapie",Leipzig
1972,325,"Ernst Hermann Meyer - Lenin hat gesprochen (Kantate); Dem Neugeborenen (Ein
            Oktoberpoem), (Taschentext)",Berlin
1972,326,"Beethovens Nachwirkung bei bedeutenden Komponisten des 19. Jahrhunderts",Berlin
1972,327,"Die Arienwelt des ""Messias""",Kopenhagen
1972,327,"Die Arienwelt des ""Messias""","Frankfurt a. M."
1972,328,"Epochenbegriffe der Musik des 18. Jahrhunderts. Hauptreferat zur Wissenschaftlichen
            Konferenz d. 19. Händelfestspiele: In: Händel-Jahrbuch 1971. Jg 17",Leipzig
1972,329,"Rechenschaftsbericht vor der Mitgliederversammlung der
            Georg-Friedrich-Händel-Gesellschaft (7. Juni 1970): In: Händel-Jahrbuch 1971. Jg
            17",Leipzig
1972,330,"Heinrich Schütz - erster Klassiker der deutschen Musik",Gera-Land
1972,331,"Gedanken zur sozialistischen Rezeption der klassischen Chorsinfonik",Leipzig
1972,332,"Thesen zu Fragen der sinfonischen Besetzungen innerhalb des künstlerischen
            Volksschaffens",Leipzig
1972,333,"Siegfried Matthus - Konzert für Violine und Orchester; Johann Cilenšek - Konzertstück
            für Klavier und Orchester. (Taschentext)",Berlin
1972,334,"Die Weiterführung der sozialistischen Umgestaltung an der Franz-Liszt-Hochschule
            entsprechend den Anforderungen der entwickelten sozialistischen Gesellschaft: In:
            Festschrift der Hochschule für Musik ""Franz Liszt"" Weimar zum hundertsten
            Jahrestag",Weimar
1972,335,"Paul Dessau - Lenin (Orchestermusik Nr. 3, 1969); Symphonische Adaption (1965).
            (Taschentext)",Berlin
1972,336,"""... und keiner hält uns mehr auf!"" Eindrücke vom 3. Festival des politischen
            Liedes",Leipzig
1972,337,"Sieben konstruktive Punkte",Berlin
1972,338,"Festansprache des Vorsitzenden des Ministerrates auf dem Festakt zur Beethoven-Ehrung
            der Deutschen Demokratischen Republik am 16. Dezember 1970",Berlin
1972,339,"Die frühen Sinfonien Sergej Prokofjews. Ein Beitrag zu semantischer Analyse von
            Musik",Berlin
1972,340,"Steinitz, Wolfgang: Deutsche Volkslieder demokratischen Charakters aus sechs
            Jahrhunderten (gekürzte Ausg. in einem Band)",Berlin
1972,341,"Felix Mendelssohn Bartholdy. Briefe aus Leipziger Archiven",Leipzig
1972,342,"Zur dramaturgischen Funktion der Musik in Fernsehfilmen der DDR",Berlin
1972,343,"Aufgaben und Möglichkeiten der Musik in Gegenwartsfilmen des Deutschen
            Fernsehfunks",Berlin
1972,344,"Fidelio F. Finke zum 80. Geburtstag",Berlin
1972,345,"Die Staatliche Musikschule bzw. Hochschule für Musik von 1918 bis 1945: In:
            Festschrift der Hochschule für Musik ""Franz Liszt"" Weimar zum hundertsten
            Jahrestag",Weimar
1972,346,"Uraufführung im Gespräch (Rundtisch-Gespräch anläßlich der Uraufführung von Rainer
            Kunads ""Antiphonie"")",Berlin
1972,347,"Über Beethovens Verhältnis zur musikalischen Volkskultur",Berlin
1972,348,"Beethovens Oper ""Leonore""",Berlin
1972,349,"Bemerkungen zur semiotischen Werkbetrachtung bei Beethoven",Berlin
1972,350,"Mendelssohn aneb problémy ve vedomi a v dile skladatele",Brno
1972,351,"Neue Werke unserer Komponisten. Hermann Josef Nellesen: Variationen für Klavier und
            Orchester über ein Thema von Mozart",Berlin
1972,352,"Musiktheater. Neue Kinderoper von Bernd Wefelmeyer in Schwerin",Berlin
1972,353,"Neue Werke unserer Komponisten. Eberhard Schmidt: ""Mein gutes Land""",Berlin
1972,354,"Dem Gedächtnis Max Dehnerts",Berlin
1972,355,"Originale Gesangs Improvisationen des 16. bis 18. Jahrhunderts",Köln
1972,356,"Das Metronom des Louis-Léon Pajot 1735",Kopenhagen
1972,356,"Das Metronom des Louis-Léon Pajot 1735","Frankfurt a. M."
1972,357,"Die Bedeutung der Bilddokumente für die Geschichte der Oper",Wien
1972,358,"Leonardo Leos Oper ""L’Andromaca"" (1742)",Rom
1972,359,"Zur Frage des historsichen Standortes des ""Fidelio"". (Referat u. Diskussion auf einem
            Podiumsgespräch über das einzige Opernwerk Beethovens veranstaltet von der Sektion
            Musiktheater beim Verband der Theaterschaffenden der DDR - 16. u. 17. 1. 1971 Berlin.) -
            In",Berlin
1972,360,"Möglichkeiten der Wiederbelebung der komischen Oper des 18. Jahrhunderts: Ein Beitrag
            zur Unterkonzeptionell-stilistischen Spezifik der komischen Oper des 18. Jahrhunderts
            als Voraussetzung ihrer werkgetreuen Realisierung für das heutige Musiktheater",Halle
1972,361,"Die Solokonzerte von Dmitri Schostakowitsch. Untersuchungen über Aufbau der Werke und
            ihre ästhetische Wertung",Halle
1972,362,"Das Tonstudio der Franz-Liszt-Hochschule: In: Festschrift der Hochschule für Musik
            ""Franz Liszt"" Weimar zum hundertsten Jahrestag",Weimar
1972,363,"Debussy-Werkausgabe in der Edition Peters, Leipzig",Berlin
1972,364,"Zum gegenwärtigen Stand der Beethoven-Edition",Berlin
1972,"F 1","Die Theaterzettelsammlungen in der DDR und ihre Bedeutung für die
            Musikwissenschaft",Rostock
1972,"F 2","Die Bühnenmusik Hanns Eislers",Berlin
1972,"F 3","Das Finalproblem im Opernschaffen der DDR",Halle
1972,"F 4","G. F. Händel. Thematisch-systematisches Verzeichnis sämtlicher Werke",Halle
1972,"F 5","Die Bedeutung des Davidsbündlerkreises für die Musikanschauung und die
            Musikgeschichte des 19. Jahrhunderts",Berlin
1972,"F 6","Struktur und Wirkung des Instrumentalkonzertes in der DDR 1945 bis 1969",Greifswald
1972,"F 7","Untersuchungen über den Leistungsstand der Studierenden im Fach Sprecherziehung von
            der Aufnahme bis zur Abschlußprüfung",Halle
1972,"F 8","Theoretische und praktische Aspekte bei der Konzeption und Produktion einer neuen
            Fassung des ""Musikalischen Opfers"" (BWV 1079) von J. S. Bach",Rostock
1972,"F 9","Studien zur Persönlichkeit und zum Schaffen Clara Schumanns",Halle
1972,"F 10","Das Lebensiferk Max Buttings",Berlin
1972,"F 11","Methodik der Musikerziehung",Berlin
1972,"F 12","Das Zusammenwirken der künstlerisch-ästhetischen Fächer bei der Erziehung
            sozialistischer Persönlichkeiten (Arbeitstitel)",Berlin
1972,"F 13","Information und Kommunikation im Musikunterricht",Halle
1972,"F 14","Die Entwicklung der Violinenkonzerte in der DDR",Halle
1972,"F 15","Orgel-Inventar des Denkmalbezirks Erfurt",Erfurt
1972,"F 16","Orgel-Inventar des Denkmalsbezirkes Dresden",Dresden
1972,"F 17","Mendelssohn-Bild und Mendelssohn-Rezeption in Geschichte und Gegenwart",Halle
1972,"F 18","Das sinfonische Schaffen Johann Wilhelm Hertels (1727-1789)",Rostock
1972,"F 19","Dialektische und methodische Untersuchungen über Planung und Vorbereitung des
            Unterrichtsprozesses im Fach Musik",Halle
1972,"F 20","Das Verhältnis der deutschen Arbeiterklasse zur Instrumentalmusik, dargestellt bis
            zum Jahre 1933",Berlin
1972,"F 21","Dokumentation zur Geschichte der deutschen Arbeitersängerbewegung - Forschungsauftrag
            der Akademie der Künste der DDR, Berlin",Berlin
1972,"F 22","Kritische Betrachtung der Harmoniksysteme von Moritz Hauptmann und Arthur von
            Oettingen",Halle
1972,"F 23",Bach-Forschung,Rostock
1972,"F 24",Vivaldi-Forschung,Rostock
1972,"F 25","Mecklenburgische Regional-Musikgeschichtsforschung",Rostock
1972,"F 26","Zum Problem Rezeption/Apperzeption auf dem Gebiete der Musik",Halle
1972,"F 27","Studien zum Musikleben der Römer",Halle
1972,"F 28","Georg Friedrich Händels Triosonaten. (Teil A u. B)",Halle
1972,"F 29","Die Sonatensatzform im Schaffen Bela Bartóks",Rostock
1972,"F 30","Der Versuch eines wissenschaftlich fundierten Systems der Musikerziehung durch
            Richard Kaden (1856-1923) und die daraus entspringenden progressiven Traditionslinien
            zur sozialistischen Musikerziehung",Halle
1972,"F 31","Der Beitrag des Musikunterrichts zur Herausbildung der sozialistischen
            Persönlichkeit",Zwickau
1972,"F 32","Untersuchungen zur ideellen Programmatik in der Sinfonik von Dmitri
            Schostakowitsch",Halle
1972,"F 33","Klassifikationsprobleme der Musik unter spezifischer Berücksichtigung der Gattung
            ""Marsch""",Berlin
1972,"F 34","Zur Ausbildung von Lehrern für den Unterricht im Fach Gesang/Musik an
            allgemeinbildenden Schulen von 1900-1945 in Deutschland und seit 1949 in der Deutschen
            Demokratischen Republik - ein Beitrag zur Geschichte der Schulmusikerziehung im 20.
            Jahrhundert",Halle
1972,"F 35","Das Cembalo in der Musik des 20. Jahrhunderts",Rostock
1972,"F 36","Entwicklung der Vokalsinfonik in der DDR im Zeitraum von 1958-65",Berlin
1972,"F 37","Untersuchungen zum Lebenswerk von Fritz Reuter",Halle
1972,"F 38","Georg Trexler - Leben und Werk",Halle
1972,"F 39","Untersuchungen zur Tanzmusik in der Deutschen Demokratischen Republik: Werttheorie
            und Praxismodell",Berlin
1972,"F 40","David Pohle und seine Bedeutung für die vielstimmige Sonate und für die
            protestantische Kirchenkantate",Halle
1972,"F 41","Die Programmatik im Schaffen von Claude Debussy",Halle
1972,"F 42","Mendelssohn-Bild und Mendelssohn-Rezeption in Geschichte und Gegenwart",Halle
1972,"F 43","Die Stellung der Blockflöte im Musikleben des 20. Jahrhunderts",Halle
1972,"F 44","Untersuchungen zum Intensitätsvibrato der Sängerstimme",Berlin
1972,"F 45","Dialektische Methoden der musikalischen Inhalts-Erforschung (Syntaktisch-semantische
            Struktur-Untersuchungen)",Berlin
1972,"F 46","Konzeptionelle Strukturuntersuchungen an einigen Werken Beethovens",Berlin
1972,"F 47","Grundfragen der optimalen Klangstruktur zeitgenössischer Konzertorgeln und
            Richtlinien für die Gestaltung der gemischten Register",Rostock
1972,"F 48","Zur Funktion der Aneignung des musikalischen Erbes von R. Wagner in der
            spätbürgerlichen und sozialistischen Gesellschaft",Jena
1972,"F 49","Das deutsche Lied des 19. Jahrhunderts und seine heutige Rezeption",Halle
1972,"F 50","Die Rolle des Fernsehens bei der Popularisierung von Musikwerken aus Vergangenheit
            und Gegenwart unter besonderer Berücksichtigung der Rezeption durch den werktätigen
            Hörer",Halle
1972,"F 51","Traditionen und Stationen der Musikdramaturgie, aufgezeigt anhand markanter
            progressiver Dokumente in der fünfundzwanzigjährigen Entwicklung des
            DEFA-Spielfilms",Berlin
1972,"F 51","Traditionen und Stationen der Musikdramaturgie, aufgezeigt anhand markanter
            progressiver Dokumente in der fünfundzwanzigjährigen Entwicklung des
            DEFA-Spielfilms",Potsdam
1972,"F 52","Kritische Betrachtung hermeneutischer Verfahren in pädagogischen Schriften zum
            Musikhören",Halle
1972,"F 53","Der Einfluß der Technik auf die Entwicklung der Tanz- und Unterhaltungsmusik",Berlin
1972,"F 54","Untersuchungen zur Höraufgabenstellung im Musikunterricht",Berlin
1972,"F 55","Zur Entwicklung der Hörfähigkeit in den Klassen 5 bis 12 im Musikunterricht.
            (Arbeitsthema)",Leipzig
1972,"F 56","Probleme des sozialistischen Realismus im Instrumentalschaffen der DDR",Halle
1972,"F 57","Programmierte Musikgeschichte, basierend auf dem Stoff der Klassen 11 und 12 des
            EOS",Halle
1972,"F 58","Untersuchungen zur Aufnahme der Werke Mussorgskis in Deutschland (unter besonderer
            Berücksichtigung der Anfänge 1860 bis ca. 1932)",Halle
1972,"F 59","Die Cembalo-Sammlung im Instrumentenmuseum der Karl-Marx-Universität Leipzig",Leipzig
1972,"F 60","Zur Dialektik in Liedern von Hanns Eisler",Halle
1972,"F 61","Der Beitrag von J. R. Bechers Lyrik zum sozialistisch-realistischen Vokalschaffen in
            der DDR, nachgewiesen am Genre des klavierbegleiteten Sololiedes (1945-1961/62)",Greifswald
1972,"F 62","Das Massenlied. Zum Begriff und zur Entwicklungsgeschichte in der DDR",Leipzig
1972,"F 63","Beiträge zur Musikgeschichte Magdeburgs im 19. Jahrhundert",Halle
1972,"F 64","Spezifika des Musikerlebnisses in ihrer Bedeutung für die Entwicklung sozialistischer
            Persönlichkeiten und Kollektive",Dresden
1972,"F 65","Die Entwicklung der technischen Fähigkeiten und Fertigkeiten im Geigenspiel auf der
            Grundlage einer modernen Etüden-Literatur",Halle
1972,"F 66","Studien zur Beethoven-Gesamtausgabe des VEB Deutsche Schallplatten",Halle
1972,"F 67","Musikgeschichte von Glauchau",Berlin
1972,"F 68","Musik im klassischen und nachklassischen Weimar. Zur Entwicklung des Weimarer
            Musiklebens 1756-1920",Halle
1972,"F 69","Das Chorschaffen Hanns Eislers",Halle
1972,"F 70","Untersuchungen zur Geschichte der Variation",Halle
1972,"F 71","Die Musikerziehung in der BRD seit der Zerschlagung des Faschismus. Ein Beitrag zur
            Klärung ihrer politischen, ideologischen und pädagogischen Position unter besonderer
            Berücksichtigung einiger Aspekte der Schulmusik und der außerschulischen
            Musikerziehung",Halle
1972,"F 72","Die Spezifik der Ballettmusik",Rostock
1972,"F 73","Untersuchungen zur Geschichte der Variation",Halle
1972,"F 74","Johann Cilensek. Sein Leben, sein sinfonisches Werk",Halle
1972,"F 75","Musikalische Syntax und sozialhistorische Praxis in der arbeitsfunktionalen
            Signalgebung der Viehhirten",Berlin
1972,"F 76","Zum Wertproblem in der Musik",Halle
1972,"F 77","Zur Funktion der Bühnen- und Schauspielmusik der DDR unter besonderer
            Berücksichtigung der Kompositionen am Berliner Ensemble",Berlin
1972,"F 78","Marin Marais' Virtuosität in seinen 'Pieces de Viole' Bde I-V",Leipzig
1972,"F 79","Idealbildung durch Musik als ein Faktor bei der Herausbildung der Persönlichkeit im
            Pubertätsalter",Leipzig
1972,"F 80","Untersuchung zum sinfonischen Schaffen Fritz Geißlers und Günter Kochans",Berlin
1972,"F 81","Werkbetrachtung im Unterrichtsbereich Musikhören in der Schule",Halle
1972,"F 82","Veranschaulichungen bei Betrachtung und historischer Einordnung von
            Musikwerken",Halle
1972,"F 83","Heinrich Schütz in marxistischer Sicht",Halle
1972,"F 84","Musikpflege der Stadt Jena von 1750 bis zur Gegenwart",Jena
1972,"F 85","Die Bedeutung der Klavierimprovisation in der Musikerziehung der DDR. Ein Beitrag zur
            schöpferischen Gestaltung des Musikunterrichts und zur Entwicklung sozialistischer
            Erziehungspersönlichkeiten",Greifswald
1972,"F 86","Entwicklungsprobleme des sozialistischen Realismus im Opernschaffen der DDR von 1949
            bis 1961/62",Greifswald
1972,"F 87","Der Musikfilm und seine Rezeptionsprobleme",Halle
1972,"F 88","Zur Steuerung des pianistischen Interpretationsprozesses und der pianistischen
            Ausbildung. Theoretische, praktische und historische Untersuchungen zu den Prinzipien
            der Pianistik sowie Schlußfolgerungen für ein methodisches System der pianistischen
            Ausbildung",Leipzig
1972,"F 89","Quellenstudien zum italienischen comico per musicam und zu seiner Geschichte in
            Rostock, Phil. Diss., Beginn",Rostock
1972,"F 90","Möglichkeiten und Aufgaben des Frauenchores innerhalb der sozialistischen
            Chorbewegung",Halle
1972,"F 91","Studien zum Schaffen Rostocker Musiker des 17. Jahrhunderts, insbesondere Daniel
            Fridericis",Rostock
1972,"F 92","Die Entwicklung der Balginstrumente und ihre Stellung in der Gesellschaft von den
            Anfängen bis zum Ende des 2. Weltkrieges",Greifswald
1972,"F 93","Systematische Untersuchungen zur Intonation der Streichquartettinstrumente",Halle
1972,"F 94","Katalog zum Liedgut der Jugendsingebewegung",Berlin
1972,"F 95","Georg Philipp Telemanns Kapitänsmusiken und ihr gesellschaftlicher
            Hintergrund",Halle
1972,"F 96","Die Beziehungen zwischen französischer Operette und deutschem Singspiel
            1750-1780",Berlin
1972,"F 97","Analyse einer musiksoziologischen Untersuchung",Berlin
1972,"F 98","Untersuchungen zu den Entwicklungstendenzen des Suitenschaffens in der DDR und seiner
            Funktion im Bereich der Musikerziehung. (Arbeitstitel)",Greifswald
1972,"F 99","Musikästhetische Probleme bei der Rezeption klassischer Musik (am Beispiel Franz
            Schuberts)",Halle
1972,"F 100","Die Tanzmusik als musikwissenschaftlicher Forschungsgegenstand in der DDR",Halle
1972,"F 101","Das Grundprinzip der altararabischen Qasidah in der musikalischen Form syrischer
            Volkslieder",Halle
1972,"F 102","Psychologische Untersuchungen zum Entwicklungsniveau musikalischer Fähigkeiten bei
            Schuleintritt",Weimar
1972,"F 103","Robert Schumanns künstlerische Entwicklung in seinem Liedschaffen",Rostock
1972,"F 104","Der Wandel des Beethoven-Bildes und sein Niederschlag in der musikpädagogischen
            Literatur - Ein Beitrag zum Beethoven-Jahr 1970",Halle
1972,"F 105","Max Reger - Künstler und Gesellschaft",Halle
1972,"F 106","Das Musikhören als Bestandteil des Musikunterrichts der allgemeinbildenden Schule in
            Geschichte und Gegenwart. Ein theoretisch-historischer Beitrag zur Niveaubestimmung des
            Musikhörens im Musikunterricht der allgemeinbildenden sozialistischen Schule",Berlin
1972,"F 107","Zum Problem des Schumannschen Spätwerkes",Halle
1972,"F 108","Chorische Auftragswerke zu den Arbeiterfestspielen",Halle
1972,"F 109","Untersuchungen zum gesellschaftlichen Auftragswesen auf dem Gebiete der Musik und
            seiner Rezeption",Halle
1972,"F 110","Johann Philipp Krieger",Halle
1972,"F 111","Die Meininger Hof- und Landeskapelle in den Jahren 1880 bis 1945",Halle
1972,"F 112","Die Streichquartette Dmitri Schostakowitschs",Greifswald
1972,"F 113","Das Musikleben in Eisenach 1650-1750",Halle
1972,"F 114","Pädagogisch-methodische und psychologische Grundsätze der Entwicklung der
            musikalisch-ästhetischen Erlebnisfähigkeit der Schüler im Unterricht",Berlin
1972,"F 115","Die Codices Ms 49/50 und Ms 51 der Thomaskirche zu Leipzig aus der Mitte des 16.
            Jahrhunderts- in der Universitätsbibliothek Leipzig",Leipzig
1972,"F 116","Einstellungsstereotype bei der Rezeption von Tanzmusik und tanzmusikähnlicher Musik
            durch Jugendliche",Berlin
1972,"F 117","Die Entwicklung des theoretisch-ästhetischen Denkens innerhalb der Berliner
            Musikkultur von den Anfängen der Aufklärung bis Reichardt",Berlin
1972,"F 118","Untersuchungen zur Wirkungsintensität historisch-biographischer und
            musikalisch-ästhetischer Wertkriterien aus dem Lehrplangebiet Beethovens auf das
            Urteilsvermögen der Schüler. (Ein Beitrag zum Projekt ""Untersuchungen zum Prozeß der
            klassenmäßigen Erziehung"")",Berlin
1972,"F 119","Funktion und Formen des Tanzes zwischen 1800 und 1914: Studien zur Geschichte und
            Rezeption des Tanzes in Deutschland",Leipzig
1972,"F 120","Das Leipziger Musikverlagswesen und seine Beziehungen zu namhaften
            Komponisten",Leipzig
1972,"F 121","Untersuchungen zur musikalischen Leistungsfähigkeit cerebralparetischer
            Kinder",Berlin
1972,"F 122","Die Stellung von Franz Liszt in der Musikgeschichte des 19. Jahrhunderts",Halle
1972,"F 123","Zur Frage des ""Popularen bei Mozart""",Halle
1972,"F 124","Die Berliner Hofkapelle im 16. und 17 Jahrhundert (Arbeitstitel)",Berlin
1972,"F 125","Zu einigen Aspekten dialektischer Figureninterpretation in einigen neueren Werken des
            Opernschaffens der DDR",Berlin
1972,"F 126","Ursachen und Traditionen der Bachpflege im 19. Jahrhundert in Deutschland",Halle
1972,"F 127","Das Variationsprinzip in bildender Kunst und Musik",Halle
1972,"F 128","Die Entwicklung des Jugendliedes im Gebiet der DDR von 1945-1954",Halle
1972,"F 129","Hanns Eislers Schaffen in der USA-Emigration. (Arbeitstitel)",Leipzig
1972,"F 130","Die Musikerziehung in Deutschland zwischen der Französischen Revolution von 1789 und
            der bürgerlich-demokratischen Revolution von 1848",Halle
1972,"F 131","Hans von Bülow - Pianist und Dirigent, (Arbeitstitel)",Berlin
1972,"F 132","Das Streichquartett im kompositorischen Schaffen der Deutschen Demokratischen
            Republik",Berlin
1972,"F 133","Introduktionsprobleme im Opernschaffen der DDR",Halle
1972,"F 134","Händels Orgelkonzerte op. 7",Halle
1972,"F 135","Darstellung der Charaktere in L. Janačeks Opern",Halle
1972,"F 136","Untersuchungen zum Begriff des Neuen in dar zeitgenössischen Musik - ein Beitrag zur
            Bestimmung spezifischer inhaltlicher Erscheinungsformen nichtwortgebundener Musik des
            sozialistischen Realismus",Halle
1972,"F 137","Bach-Jubiläum im 19. und 20. Jahrhundert. Ein Beitrag zur Wirkungsgeschichte",Jena
1972,"F 138","Untersuchungen über positive Beeinflussung von Monotonieerscheinungen in spezifischen
            Arbeitssituationen in Großbetrieben",Leipzig
1972,"F 139","Untersuchungen über die Wirkung unterschiedlicher Musik auf das Verhalten von Kühen
            unter der Bedingung der technisierten Milchabgabe",Leipzig
1972,"F 140","Zur Qualitätbewertung von Musikinstrumenten",Rostock
1972,"F 141",Händel-Forschung,Halle
1972,"F 142","Vertonungen gleicher Texte Bertolt Brechts durch Komponisten der DDR in
            klavierbegleiteten Sololiedern",Leipzig
1972,"F 143","Zur Problematik der Singebewegung",Halle
1972,"F 144","Beiträge zur Geschichte der Musiküberlieferung in mitteldeutschen Handschriften des
            16. Jahrhunderts",Rostock
1972,"F 145","Fragen der Programmierung im Musikunterricht",Halle
1972,"F 146","Die Aufführungen von Opern Händels zu dessen Lebzeiten in Hamburg und
            Braunschweig",Halle
1972,"F 147","Die frühen Sinfonien Sergej Prokofjews. Ein Beitrag zu semantischer Analyse von
            Musik",Berlin
1972,"F 148","Die Klaviersonate von 1830-1850. Ein Beitrag zur Geschichte der Klaviersonate",Halle
1972,"F 149","Untersuchungen zum funktionellen Aufgabenbereich und ästhetischen Stellenwert der
            Musik in Fernsehfilmen der DDR",Berlin
1972,"F 150","Heinrich Sattler, Leben und Werk",Halle
1972,"F 151","Untersuchungen zum klavierbegleiteten Sololied im DDR-Musikschaffen.
            (Arbeitsthema)",Halle
1972,"F 152","Untersuchungen zur Singefähigkeit bei Unterstufenkindern im tonikalen und modalen
            Bereich. (Arbeitstitel)",Halle
1972,"F 153","Zeitgenössische Interpretation von Beethovens Sinfonien",Halle
1972,"F 154","Der Typ des Prokofjewschen Instrumentalkonzerts. Seine Stellung und Bedeutung in der
            Gegenwartsmusik",Leipzig
1972,"F 155","Das musikalische Thema - seine tonsprachlichen Funktionen und Positionen.
            (Arbeitstitel)",Rostock
1972,"F 156","Händels Trauer-Anthem, Eine Studie mit kritischer Ausgabe der Partitur im Rahmen der
            Hallischen Händel-Ausgabe",Halle
1972,"F 157","Zum Wandel des Beethoven-Bildes im Spiegel der Jubiläen",Jena
1972,"F 158","Entwicklungsprobleme und Tendenzen des sozialistischen Realismus im Opernschaffen der
            DDR von 1962 bis zur Gegenwart",Greifswald
1972,"F 159","Richard Wagners geistige und künstlerische Entwicklung nach 1848",Leipzig
1972,"F 160","Zeitgenössische Variationswerke im Schulunterricht",Halle
1972,"F 161","Möglichkeiten der Wiederbelebung der komischen Oper des 18. Jahrhunderts: Ein Beitrag
            zur Untersuchung der konzeptionell-stilistischen Spezifik der komischen Oper des 18.
            Jahrhunderts als Voraussetzung ihrer werkgetreuen Realisierung für das heutige
            Musiktheater",Halle
1972,"F 162","Die Solokonzerte von Dmitri Schostakowitsch. Untersuchungen über Aufbau der Werke und
            ihre ästhetische Wertung",Halle
1972,"F 163","Kammermusik im Thüringer Raum seit 1945",Halle
1972,"F 164","Entfremdungserscheinungen in der Musik",Halle
1972,"F 165","Die Entwicklung des Gewandhausorchesters seit 1945 und seine weitere Arbeit
            (Arbeitsthema)",Leipzig
1973,1,"Einführung in den Orgelbau. 2., erw. u. neubearb. Aufl",Leipzig
1973,2,"Einführung in die Hymnologie",Berlin
1973,3,"Hanns Eisler zum 75. Geburtstag. Ehrungen in Berlin und Leipzig, in Funk und
            Fernsehen. Kolloquium in Leipzig",Berlin
1973,4,"Hanns Eisler zum 75. Geburtstag. Ehrungen in Berlin und Leipzig, in Funk und
            Fernsehen. Eisler-Porträt im Rundfunk",Berlin
1973,5,"5. Telemann-Festtage in Magdeburg.- In",Berlin
1973,6,"Kantate - Melodram - Oratorium: In: Forum: Musik in der DDR. T. 2",Berlin
1973,7,"Funk und Fernsehen. Neue Musik im Hörspiel",Berlin
1973,8,"Neue Werke unserer Komponisten. Wolfgang Thiel: ""Kontakte""",Berlin
1973,9,"Aus unserer Öffentlichkeitsarbeit",Berlin
1973,10,"Bach-Jahrbuch. Im Auftr. d. Neuen Bachges",Berlin
1973,11,"Musikerziehung in der Kinderkrippe",Berlin
1973,12,"Keine Begabung darf verlorengehen! Bericht von d. Zentralen Direktorenkonferenz d.
            Musikschulen",Leipzig
1973,13,"Verzeichnis der hauptsächlichsten Schriften, Vorträge und Reden Ernst H. Meyers, der
            mit ihm geführten Interviews und der von ihm besorgten Ausgaben",Leipzig
1973,14,"Dieter Süverkrüp - Liedermacher aus Düsseldorf",Berlin
1973,15,"Neue Werke unserer Komponisten. Wolfgang Strauß: II. Sinfonie",Berlin
1973,16,"Neue Werke unserer Komponisten. Hans Jürgen Wenzel",Berlin
1973,17,"Einige Ergebnisse aus den neuen Produktionen jugendgemäßer Tanzmusik im Zeitraum vom
            Mai 1970 bis Januar 1971 als Beitrag zum Kunstfortschritt in der Tanzmusik der
            DDR",Berlin
1973,18,"Die ""Äsop-Fabeln"" von André Asriel",Berlin
1973,19,"Das Werk von Heinrich Schütz lebt. Festtage der DDR zum Schütz-Jubiläum in
            Dresden",Berlin
1973,20,"Junge Dirigenten im Blickfeld. Notizen zu einigen Problemen des
            Carl-Maria-von-Weber-Wettbewerbes",Berlin
1973,21,"Karl Straube 1873-1973",München
1973,22,"Světova premiéra v Dráždanech [Eine Uraufführung in Dresden, tschech.] (Zu ""Levins
            Mühle"" von Udo und Ingo Zimmermann.)",Prag
1973,23,"Heue Werke unserer Komponisten. Siegfried Köhler: Konzert für Klavier und
            Orchester",Berlin
1973,24,"Neue Werke unserer Komponisten. Rainer Kunad; Quadrupelkonzert",Berlin
1973,25,"Neue Werke unserer Komponisten. Max Butting",Berlin
1973,26,"Neue Werke unserer Komponisten. Udo Zimmermann",Berlin
1973,27,"Neue Werke unserer Komponisten. Manfred Weiss: Klavierkonzert",Berlin
1973,28,"Neue Werke unserer Komponisten. Siegfried Köhler: Chorsinfonie ""Wir - unsere
            Zeit""",Berlin
1973,29,"Neue Werke unserer Komponisten. Gerhard Rosenfeld: Violinkonzert Nr. 2",Berlin
1973,30,"Neue Werke unserer Komponisten. Johannes Paul Thilman: ""Impulse""",Berlin
1973,31,"Neue Werke unserer Komponisten. Rainer Lischka: Musical ""Der große Held
            Tartarin""",Berlin
1973,32,"425 Jahre Dresdner Staatskapelle. Festkonzert und Höhepunkt im Musiktheater",Berlin
1973,33,"425 Jahre Dresdner Staatskapelle. Johannes Paul Thilman: Ornamente für
            Orchester",Berlin
1973,34,"425 Jahre Dresdner Staatskapelle. Paul Dessau: Orchestermusik Nr. 4",Berlin
1973,35,"Untersuchungsmethoden der Stimme und Sprache",Leipzig
1973,36,"Das Lebenswerk Max Buttings",Leipzig
1973,37,"Sinfonik: In: Forum: Musik in der DDR. T. 2",Berlin
1973,38,"Musik. Lehrbuch für die Klassen 7 und 8",Berlin
1973,39,"Erläuterungen zur Stoffeinheit 4, Klasse 7. Die Naturverbundenheit und die
            Beziehungen der Menschen zueinander im Volkslied",Berlin
1973,40,"Vertieftes Musikerleben durch Zusammenwirken der drei künstlerisch-ästhetischen
            Fächer",Berlin
1973,41,"Vorwort: In: Meyer, Ernst Hermann: Musik der Renaissance - Aufklärung -
            Klassik",Leipzig
1973,42,"Musikgeschichte in Reclams Universal-Bibliothek",Leipzig
1973,43,"Prinzipien der Musik des sozialistischen Realismus: In: Forum: Musik in der DDR. T.
            1",Berlin
1973,44,"Probleme und Tendenzen der Musikästhetik. (Literaturbericht.)",Berlin
1973,45,"Arbeiterklasse und Musik",Berlin
1973,46,"Der Minister für Kultur konstituierte das Komitee für Unterhaltungskunst.
            Interview",Berlin
1973,47,"Deutsche Staatsoper Berlin",Berlin
1973,48,"Didaktisch-methodische Untersuchungen zur Vorbereitung und Planung des
            Unterrichtsprozesses im Fach Musik",Halle
1973,49,"Analytische Betrachtungen zu ""Der Doppelgänger"": In: Bühnentanz und sozialistische
            Gegenwart",Berlin
1973,50,"""Frühling an der Seme"", Ballett von Jean Kurt Forest: In: Der Realismus und die
            Sprache des Tanzes",Berlin
1973,51,"Dokumentation-Information für Theater. Titel-und Inhaltsangaben zu
            Inszenierungsdokumentationen",Berlin
1973,52,"Erziehung zu nachhaltigem Kunsterleben und zur künstlerischen Selbsttätigkeit durch
            die Musikerziehung auf der Grundlage der neuen Lehrpläne auf Rügen, (verglichen mit
            ungarischen Erfahrungen). Pädagogische Lesung",Bergen/Rü
1973,53,"Vergleich zwischen den in der Volksrepublik Ungarn und den in der DDR gebräuchlichen
            relativen Methoden zur Einführung in die Notenschrift. Pädagogische Lesung",Bergen/Rü
1973,54,"Das Lied, im Kampf geboren. Gedanken zum Liedfestival ""Politische Lieder zu den X.
            Weltfestspielen"" - In",Berlin
1973,55,"Eisler. - Bekenntnisse zu Hanns Eisler. Zum 75. Geburtstag",Berlin
1973,56,"Eisler. - Freunde und Schüler über Eisler",Berlin
1973,57,"Über Gestalt und Funktion des Themas bei Bartók: In: Meyer",Leipzig
1973,58,"Der Begriff des maqām in Ägypten in neuerer Zeit",Leipzig
1973,59,"Hanns Eisler in seinen verbalen Äußerungen: In: Meyer",Leipzig
1973,60,"Zum Begriff der Tonalität: In: Meyer",Leipzig
1973,61,Vorwort,Leipzig
1973,62,"Die Chopin-Biographie von Franz Liszt",Leipzig
1973,63,"Franz Liszt und die Klassik",Leipzig
1973,64,"Carl Friedrich Zelter",Leipzig
1973,65,"Felsenstein inszeniert Garmen",Berlin
1973,66,"Telemann, Georg Philipp: ""Der Messias"" (1759) nach Worten von Fr. G, Klopstock. Zwei
            Kantaten für Sopran, Alt, Tenor u. Baß, Kammerorch. u. B.o. (Part.)",Halle
1973,67,"Telemann, Georg Philipp: Konzert für Querflöte und Violine, Streicher und B.c. in
            e-Moll (Part.)",Halle
1973,68,"Händel, Georg Friedrich: Sieben Triosonaten op. 5. Krit. Bericht",Leipzig
1973,68,"Händel, Georg Friedrich: Sieben Triosonaten op. 5. Krit. Bericht",Kassel
1973,69,"Auf dem Wege zu einer neuen Qualität des Musikunterrichts. Einige erste Erfahrungen
            bei der Arbeit mit den neuen Lehrplänen für die Klassen 5 bis 10",Berlin
1973,70,"Gemeinsam bewältigen wir die Anforderungen bei der musisch-ästhetischen Bildung und
            Erziehung der Schuljugend. Gedanken zum II. Musikkongreß der DDR. T. 1.2",Berlin
1973,71,"Lehrplan 1972 - Grundlage einer neuen Qualität des Musikunterrichts. Zur Einführung
            der neuen Lehrpläne im Fach Musik. 1.2",Berlin
1973,72,"Unterwegs in Sachen Weltfestspiele. Tagebuchnotizen von Jean Kurt Forest",Berlin
1973,73,"Mendelssohn und die Bachpflege in Leipzig",Leipzig
1973,74,"Mendelssohns Mitstreiter am Leipziger Konservatorium",Berlin
1973,75,"Forum Musik in der D[eutschen] D[emokratischen] R[epublik]",Berlin
1973,76,"Einige Gedanken zur kulturpolitischen Linienführung des Lehrplans für Musik",Berlin
1973,77,"""Wer die Rose ehrt..."" (Analyse eines Beattitels)",Berlin
1973,78,"Tanzmusik und Schule",Berlin
1973,79,"""Wind, komm, bring den Regen her!"" - Ein ungarischer Erfolgsschlager",Berlin
1973,80,"Neue Werke unserer Komponisten. Joachim Thurm: 5 Impromptus für Orchester",Berlin
1973,81,"Neue Werke unserer Komponisten. Ottmar Gerster",Berlin
1973,82,"Günter Fredrich - ein Komponist der Jugend",Berlin
1973,83,"Die Analyse. ""L'homme"" - Meditationen für Orchester nach Eugdne Guillevic von Udo
            Zimmermann",Berlin
1973,84,"Fazit und Ausblick eines reifen Künstlers. Zur 15. Sinfonie Dmitri
            Schostakowitschs",Berlin
1973,85,"Funk und Fernsehen. Musik in der Fernsehserie: ""Für Freunde der russischen
            Sprache""",Berlin
1973,86,"Siegfried Matthus",Berlin
1973,87,"Wir stellen vor: Rodion Stschedrin",Berlin
1973,88,"Sinfonik, Jazz, Filmmusik. Gespräch mit dem georgischen Komponisten Gija
            Kantsoheli",Berlin
1973,89,"Levins Mühle als Oper. Gespräch mit dem Komponisten Udo Zimmermann",Berlin
1973,90,"Zur Entwicklung der Singefähigkeit von Kleinkindern",Berlin
1973,91,"Rhythmisch-psychomotorische Musiktherapie. Eine gezielte Behandlung
            entwicklungsgeschädigter Kinder und Jugendlicher",Jena
1973,92,"""Frühling an der Seine"", Ballett von Jean Kurt Forest",Berlin
1973,93,"Die Bibliothek des Komponisten",Berlin
1973,94,"Das Violinkonzert von Ernst Hermann Meyer: In: Meyer",Leipzig
1973,95,"""... Romeo, verleugne deinen Vater, deinen Namen!"" Zu Prokofjews ""Romeo und Julia"" an
            der Komischen Oper",Berlin
1973,96,"""Frühling an der Seme"", Ballett von Jean Kurt Forest",Berlin
1973,97,"Eisler, Hanns: Materialien zu einer Dialektik der Musik",Leipzig
1973,98,"Die Lehrer und ihre Schüler",Berlin
1973,99,"""Wir, so gut es gelang, haben das Unsre getan"". Zur Aussage der Hölderlin-Vertonungen
            Hanns Eislers",Berlin
1973,100,"Ausgabe der Gesammelten Werke von Hanns Eisler",Berlin
1973,101,"Handlung und Musik im Ballett",Berlin
1973,102,"Georg Philipp Telemann. Briefwechsel. Sämtl. erreichbaren Briefe von u. an
            Telemann",Leipzig
1973,103,"Über Voraussetzungen und Merkmale der Arbeit in den FDJ-Singeklubs",Magdeburg
1973,104,Vorwort,Leipzig
1973,105,"Über den Beitrag des Musikers zur Konzeption der Aufführung musikalischer
            Bühnenwerke: In: Zur Erbeaneignung im Musiktheater",Berlin
1973,106,"Janáček - Werk- und Realisierungsprobleme. Der Realismus des Komponierens bei
            Janáček.- In",Berlin
1973,107,"Mozart, Wolfgang Amadeus: Sinfonie A-Dur, KV 201 (Part. mit Rev.-Bericht)",Leipzig
1973,108,"Schallplattenmosaik. Erlebtes oder photographiertes Konzert? Überlegungen zum
            Standort der Schallplatte",Berlin
1973,109,"Neue Werke unserer Komponisten: Siegfried Thiele: Drei Orchestermotetten nach
            Guillaume de Machaut",Berlin
1973,110,"Arbeiterklasse und Musik. Vollversammlung der Kulturobleute im Chemiekombinat
            Buna",Berlin
1973,111,"Probleme der Planung und Leitung in einem Volkskunstkollektiv",Leipzig
1973,112,"Poesie und Sensibilität - Das Kantatenwerk Rudolf Wagner-Régenys",Berlin
1973,113,Vorwort,Leipzig
1973,114,"Untersuchungen zur Aufnahme der Werke Mussorgskis in Deutschland (unter besonderer
            Berücksichtigung der Anfänge 1860 bis ca. 1932)",Halle
1973,115,"Einige Erfahrungen bei der Entwicklung von Singequalitäten in der Unterstufe",Berlin
1973,116,"Mendelssohn-Ehrung der DDR. Vorbereitendes Kolloquium",Berlin
1973,117,"Das Leipziger Gewandhausorchester. 2., überarb. Aufl",Leipzig
1973,118,"Streiflichter auf die Funktion des Liedes: In: Forum: Musik in der DDK. T. 2",Berlin
1973,119,"Mut zum Unkonventionellen. Ein Blick auf die Konzertpläne sowjetischer
            Orchester",Berlin
1973,120,"Zur Schulung der ästhetisch-künstlerischen Erlebnisfähigkeit. Ein Weg für die
            Entwicklung der Fähigkeit zur differenzierten sprachlichen Kennzeichnung der durch die
            Musik ausgelösten emotionalen und assoziativen Wirkungen",Berlin
1973,121,"Unterrichtshilfen Musik 9. und 10. Klasse zum Lehrplan 1972",Berlin
1973,122,"Carl Almenräders Verdienst um das Fagott",Berlin
1973,123,"Das Massenlied - Begriff, Geschichte, Analyse; dargestellt am Liedgut
            1945-1970",Leipzig
1973,124,"Neue ""Texte zur Leipziger Kirchen-Music"". In: Bach-Jahrbuch. Jg 59",Berlin
1973,125,"Drei Telemann-Miszellen",Berlin
1973,126,"Inhaltsreiche Zensuren: nicht Sammlung unvollkommener Einzelfakten. Gedanken zur
            Kontrolle, Bewertung und Zensierung der Schülerleistungen im Musikunterricht",Berlin
1973,127,"Untersuchungen zum Musikunterricht in den unteren Klassen. Ergebnisse - Probleme -
            Schlußfolgerungen",Berlin
1973,128,"Gemeinsam bewältigen wir die Anforderungen bei der musisch-ästhetischen Bildung und
            Erziehung der Schuljugend. Gedanken zum II. Musikkongreß der DDR. T. 1.2",Berlin
1973,129,"Fünfundzwanzig Jahre sozialistische Singebewegung: In: Forum: Musik in der DDR. T.
            2",Berlin
1973,130,"Schlager 1973. Ein Resümee der Tendenzen und Strömungen im 73er Tanzmusikangebot der
            DDR",Berlin
1973,131,"Crasselius (Crasselt), Bartholomäus: In: Die Musik in Geschichte und Gegenwart. Bd
            15",Kassel
1973,131,"Crasselius (Crasselt), Bartholomäus: In: Die Musik in Geschichte und Gegenwart. Bd
            15",Basel
1973,132,"Familie Donati (Donat): In: Die Musik in Geschichte und Gegenwart. Bd 15",Kassel
1973,132,"Familie Donati (Donat): In: Die Musik in Geschichte und Gegenwart. Bd 15",Basel
1973,133,"Dehn (Dehne), Michael: In: Die Musik in Geschichte und Gegenwart. Bd 15",Kassel
1973,133,"Dehn (Dehne), Michael: In: Die Musik in Geschichte und Gegenwart. Bd 15",Basel
1973,134,"Zur Bedeutung des sowjetischen Massenliedes - Ein Beitrag für die X.
            Weltfestspiele",Berlin
1973,135,"Der Minister und der Eremit. Zum deus ex machina bei Beethoven und bei Weber",Berlin
1973,136,"Brecht und das musikalische Theater",Berlin
1973,137,"Bertolt Brecht und das musikalische Theater",Berlin
1973,138,"Zur Gemeinsamkeit von Berufskunst und künstlerischem Volksschaffen.
            Diskussionsbeitrag zum II. Musikkongreß der DDR",Leipzig
1973,139,"Die Musikerziehung in der [Bundes] R[epublik] D[eutschland] seit der Zerschlagung des
            Faschismus. Ein Beitrag zur Klärung ihrer politischen, ideologischen und pädagogischen
            Position unter besonderer Berücksichtigung einiger Aspekte der Schulmusik und der
            außerschulischen Musikerziehung. [1.2.]",Halle
1973,140,"Die Praxis des Instrumentalspiels des kambodschanischen Orchesters ""Voung Phleng
            Kar"", erläutert an zehn Stücken der Hochzeitsmusik der Khmer. [1.2.]",Halle
1973,141,"Lehrplan 1972 - Grundlage einer neuen Qualität des Musikunterrichts. Zur Einführung
            der neuen Lehrpläne im Fach Musik. 1.2",Berlin
1973,142,"Zwei neuentdeckte Schütz-Briefe",Berlin
1973,143,"Neue Werke unserer Komponisten. Fritz Geißler: Orchesterkonzert",Berlin
1973,144,"Musikalische Syntax und sozialhistorische Praxis in der arbeitsfunktionalen
            Signalgebung der Viehhirten. [1.2.]",Berlin
1973,145,"Zum Wertproblem in der Musik. [1.2.]",Halle
1973,146,"Was wissen wir über Beethovens Lehrer Christian Gottlob Neefe",Karl-Marx-Stadt
1973,147,"Zur Werttheorie der Musikästhetik",Zwickau
1973,148,"Werten von Musik - Urteilen über Musik (1-3.)",Berlin
1973,149,"Neue Werke unserer Komponisten. Manfred Weiss: Sinfonie Nr. 2",Berlin
1973,150,"Neue Werke unserer Komponisten. Volkmar Leimert: Streichquartett Nr. 2",Berlin
1973,151,"Freilegen der progressiven Intentionen",Berlin
1973,152,"Hanns Eisler. Für Sie porträtiert",Leipzig
1973,153,"Chronologisches Verzeichnis der Kompositionen Hanns Eislers",Berlin
1973,154,"Festrede - gehalten am achten Dezember 1965 - In: Meyer",Leipzig
1973,155,"""Was des Eislers ist ..."" (Brecht). Aus e. Radiovortrag. [Berlin, Staatl. Komitee f.
            Rundfunk, Radio DDR II, Musik des 20. Jahrhunderts - Die Vokalmusik Hanns Eislers,
            Rundfunksendung vom 9.11.1972.]",Berlin
1973,156,"Bericht über die Arbeit der Sektion I während des II. Musikkongresses der DDR
            (17.-19. November 1972 in Berlin)",Berlin
1973,157,"Neue Werke unserer Komponisten. Johannes Werner: Chorsinfonische Suite",Berlin
1973,158,"Neue Werke unserer Komponisten. Wolfgang Strauß: Streichquartett op. 61",Berlin
1973,159,"Neue Werke unserer Komponisten. Wolfgang Strauß: III. Sinfonie",Berlin
1973,160,"Neue Werke unserer Komponisten. Joachim Werzlau: Klavierfibel",Berlin
1973,161,"Mendelssohn Bartholdy, Felix: Konzert für zwei Klaviere und Orchester E-Dur",Leipzig
1973,162,"Methodische Handreichung für den Musikunterricht der Klassen 1-4",Schwerin
1973,163,"Zu einigen Entwicklungstendenzen bei der Aneignung der sozialistischen Gegenwart
            durch den Bühnentanz in unserer Republik: In: Bühnentanz und sozialistische
            Gegenwart",Berlin
1973,164,"Kolloquium über Katja Kabanova. (Ausz. aus d. Protokoll d. Kolloquiums.)",Berlin
1973,165,"Analytische Betrachtungen zu ""Frühling in Vietnam"": In: Bühnentanz und sozialistische
            Gegenwart",Berlin
1973,166,"Eine Anregung für die musikwissenschaftliche Forschung der DDR",Leipzig
1973,167,Einleitung,Berlin
1973,168,"Standpunkt und Aspekte: In: Deutsche Staatsoper Berlin",Berlin
1973,169,"Lebensfreude und Herzlichkeit. Zum 60. Geburtstag von Joachim Werzlau",Berlin
1973,170,"Der Nestor. Zum 85. Geburtstag von Max Butting",Berlin
1973,171,"Junges Fest mit Tradition. Musik-Biennale 1973",Berlin
1973,172,"Zur Verantwortung gegenüber der Aufführung zeitgenössischer musikalischer Werke.
            Diskussionsbeitrag zum II. Musikkongreß der DDR",Leipzig
1973,173,"Argumente zum ""Wildschütz"". In",Berlin
1973,174,"Die gesellschaftspolitische Relevanz der musikalischen Dramaturgie in ""Figaros
            Hochzeit"" und ""Don Giovanni"": In: Mozart-Rezeption heute und hier",Berlin
1973,175,"Figaro ist tot, es lebe Figaro! Probleme mit einer neuen ""Figaro""-Rezeption in
            Dresden und Berlin",Berlin
1973,176,"Zwischen Groteske und Lyrik. Zur Uraufführung ""Das alltägliche Wunder"" von Gerhard
            Rosenfeld in Stralsund",Berlin
1973,177,"Die Musik: In: Das Zeitalter der Empfindsamkeit",Leipzig
1973,178,"Musik und Hörer",Berlin
1973,179,"Zwei neue Werke von Henze",Berlin
1973,180,"Unsere Lieder, unser Gesang zum Festival",Berlin
1973,181,"Drittes Festival des politischen Liedes in Berlin",Berlin
1973,182,"Bibliographie der deutschen Arbeiterliederbücher 1833-1945",Leipzig
1973,183,"Traditionen des Arbeiterliedes: In: Forum: Musik in der DDR. T. 2",Berlin
1973,184,"Zur Musikrezeption durch die deutsche Arbeiterklasse - unter besonderer
            Berücksichtigung der Werke Ludwig van Beethovens: In: Kultur und Lebensweise des
            Proletariats",Berlin
1973,185,"Das Arbeiterlied","Frankfurt a. M."
1973,186,"Zur Beethoven-Rezeption in der deutschen Arbeiterbewegung",Tokio
1973,187,"Quellenstudien zum italienischen Intermezzo comico per musicam und zu seiner
            Geschichte in Dresden. [1-3]",Rostock
1973,188,"Probleme des mehrstimmigen Singens in der zehnklassigen polytechnischen
            Oberschule",Berlin
1973,189,"Von Klasse 1 an die gestellten Aufgaben in höchstmöglicher Qualität erfüllen. Die
            Bedeutung der Musiklehre für ein bewußtes Singen und Musikhören in der Unterstufe.
            [1.2.]",Berlin
1973,190,"Arm in Arm mit Rossini. ""Der verrückte Jourdain"" von Fritz Geißler in Rostock und
            Leipzig",Berlin
1973,191,"Es ist etwas geschehen in Neumühl. Zur Uraufführung ""Levins Mühle"" in Dresden und
            Weimar",Berlin
1973,192,"Beschwerlicher Umgang mit Verdi. Repertoire-Fragen und einige
            Verdi-Inszenierungen",Berlin
1973,193,"Robert Schumann",Leipzig
1973,194,"Max Reger. Erinnerungen - Bekenntnis - Aufgaben",Berlin
1973,195,"Säbeltanz und Sinfonie. Zum 70. Geburtstag Aram Chatschaturjans",Berlin
1973,196,"Zu einigen Problemen der Abschlußprüfungen Klasse 10",Berlin
1973,197,"M. J. Waldas Orgelbuch aus dem Jahre 1787: In: Letopis, Jahresschrift für sorbische
            Volksforschung. R. C, Nr 16",Berlin
1973,198,"Telemann, Georg Philipp: ""Jauchze, jubilier und singe"". Oratorium der Kapitänsmusik
            (1730) für Soli, Chor u. Orch., Text von G. Ph. Telemann",Halle
1973,199,"Telemann, Georg Philipp: ""Serenata eroica"" (1733) auf den Tod Augusts von Sachsen für
            Soli, Chor u. Orch., Text von J. J. D. Zimmermann",Halle
1973,200,"Entwicklungstendenzen in der Musik des XX. Jahrhunderts außerhalb des sozialistischen
            Lagers: In: Form: Musik in der DDR. T. 1",Berlin
1973,201,"Musikalische Betroffenheit. Zum Begriff des Gestischen",Berlin
1973,202,"Neue Werke unserer Komponisten. Peter Herrmann: Zweites Klaviertrio",Berlin
1973,203,"Hinweise zur Arbeit der Pionierensembles in Vorbereitung der X. Weltfestspiele der
            Jugend und Studenten 1973 in Berlin",Berlin
1973,204,"Ernst Hermann Meyers 3. Streichquartett: In: Meyer",Leipzig
1973,205,"Mendelssohn-Ehrung der DDR. Bachs ""Matthäuspassion""; Liederabend mit Peter Schreier;
            Singspiel ""Die beiden Pädagogen""",Berlin
1973,206,"Diskussion über Probleme des neuen Schaffens",Berlin
1973,207,"Reise in die Mongolei. Gespräch mit Siegfried Matthus über Eindrücke und Begegnungen
            in einem Freundesland",Berlin
1973,208,"Musiktheater. Gerhard Rosenfeld: ""Das alltägliche Wunder""",Berlin
1973,209,"Eisler-Lied-Editionen für die Praxis",Berlin
1973,210,"Begegnung mit Freunden. Redakteure von ""Sowjetskaja Muzyka"" zu Gast bei ""Musik und
            Gesellschaft""",Berlin
1973,211,"Hanns Eisler zum 75. Geburtstag. Ehrungen in Berlin und Leipzig, in Funk und
            Fernsehen. Dokumentarfilm im Fernsehen",Berlin
1973,212,Vorwort,Leipzig
1973,213,"Gesellschaftlicher und musikalischer Fortschritt. Zu Hanns Eislers Konzeption einer
            ""Dialektik der Musik""",Berlin
1973,214,"Aufgaben des Gehörbildungsunterrichts",Berlin
1973,215,"Meyer - Festschrift für Ernst Hermann Meyer zum sechzigsten Geburtstag",Leipzig
1973,216,"Musik der Renaissance - Aufklärung - Klassik",Leipzig
1973,217,"Neue Themen, neue Maßstäbe. Eröffnungsansprache zum II. Musikkongreß der DDR",Berlin
1973,218,"Musikalische Fähigkeiten und Fertigkeiten. Ein Beitrag zur Musikpsychologie",Leipzig
1973,219,"Zur Funktion des musikalischen Voraushörens (Antizipation): In: Meyer",Leipzig
1973,220,"Psychologische und methodische Grundfragen der Werkbetrachtung im Fach
            Musikerziehung: In: Forum: Musik in der DDR. T. 1",Berlin
1973,221,"Ergebnisse der Kodály-Forschung. Internationale musikwissenschaftliche Konferenz zum
            90. Geburtstag von Zoltán Kodály",Berlin
1973,222,"Die Musik als Wesensbestandteil des geistig-kulturellen Lebens in der DDR. Überarb.
            u. gek. Referat auf d. Sitzung d. Sektion III des II. Musikkongresses der DDR",Berlin
1973,223,"Musikerzieher - Partner der Komponisten. Kolloquium der Musikerzieher während der IV.
            Musik-Biennale Berlin",Berlin
1973,224,"Max Reger als Förderer der Schul- und Laienmusikerziehung",Berlin
1973,225,"Musik und Hörer in der Gegenwart. Psychologische Grundlagen und Probleme",Berlin
1973,226,"Mizler - Lorenz Mizler. Sammlungen auserlesener moralischer Oden",Leipzig
1973,227,"Ist Komponieren lehrbar? Komponistengespräch mit Paul Dessau",Berlin
1973,228,"Die Bibliothek des Komponisten",Berlin
1973,229,"Profilbestimmende marxistisch-leninistische Charakteristika des Beethoven-Bildes der
            sozialistischen Schule als Korrektur bzw. schöpferischen Überwindung überkommender
            Darstellungen",Zwickau
1973,230,"Zum Wandel des Beethoven-Bildes und dessen Niederschlag in der musikpädagogischen
            Literatur in der DDR. (Thesen zur Prom.-Schrift B)",Zwickau
1973,231,"Zur Bedeutung des sowietischen Massenliedes - Ein Beitrag für die X.
            Weltfestspiele?",Berlin
1973,232,"Mendelssohn-Ehrung der DDR. Berichte von den Veranstaltungen in Leipzig und
            Berlin",Berlin
1973,233,"Mendelssohn-Ehrung der DDR. Vielseitige Konzerte; Festakt mit ""Walpurgisnacht"";
            Konzerte der Musikhochschule; Mendelssohn-Kolloquium",Berlin
1973,234,"Musikleben und Musikverbreitung",Berlin
1973,235,"Musiktheater. Tilo Medek",Berlin
1973,236,"Gerhard Rosenfeld: Quartettino II""",Berlin
1973,237,"David Oistrach - Geiger und Dirigent. Zum 65. Geburtstag des sowjetischen
            Künstlers",Berlin
1973,238,"425 Jahre Dresdner Staatskapelle. Opernfestwoche mit Buzkos ""Weißen Nächten"" als
            Uraufführung",Berlin
1973,239,"Das alltägliche Wunder. Gespräch, mit den Autoren ""Das alltägliche Wunder"", Gerhard
            Rosenfeld und Gerhard Hartmann",Berlin
1973,240,"Besuch bei Gerhard Rosenfeld",Berlin
1973,241,"Wirkungs- und Gedenkstätten für Max Reger",Meiningen
1973,242,"Die Liebe: ein alltägliches Wunder. Gespräch mit dem Komponisten Gerhard Rosenfeld
            über seine Oper",Berlin
1973,243,"Im Gespräch: Fortschreitende Zusammenarbeit",Berlin
1973,244,"Das Bachschrifttum 1963-1967",Berlin
1973,245,"Mit neuen Liedern zu den X. Weltfestspielen. Zum Treffen der Jugendchöre der DDR in
            Eisenach",Leipzig
1973,246,"Die Angst vor dem ""fatalen Werden"". Das Problem der Zeit in der spätbürgerlichen
            Philosophie und Musikästhetik",Berlin
1973,247,"Kammermusik: In: Forum: Musik in der DDR. T. 2",Berlin
1973,248,"Zum 100. Geburtstag Max Regers",Meiningen
1973,249,"Neue Werke unserer Komponisten. Gerhard Rosenfeld: Reger-Variationen",Berlin
1973,250,"Johann Bach, der Stammvater der Erfurter Bache: In: Bach-Jahrbuch. Jg 59",Berlin
1973,251,"Die Entwicklung des theoretisch-ästhetischen Denkens innerhalb der Berliner
            Musikkultur von den Anfängen der Aufklärung bis Reichardt",Berlin
1973,252,"Anmerkungen zur Operninterpretation: In: Deutsche Staatsoper Berlin",Berlin
1973,253,"Gruppenmusiktherapie in der Psychiatrischen Klinik. Mit Untersuchungen zur
            Musikrezeption",Leipzig
1973,254,"Lernen - Schaffen - Lehren. Fred Lohse wurde am 9. April 65 Jahre",Berlin
1973,255,"Unterrichtshilfen Musik 9. und 1o. Klasse zum Lehrplan 1972: Berlin: Volk und Wissen
            1973",Berlin
1973,256,"Ballettabend ""David und Goliath"", ""Dreispitz"", ""Gesang der Nachtigall"". (Zur
            Uraufführung von David und Goliath, Musik",Berlin
1973,257,"Arbeitermusiktheater mit hohem Anspruch",Berlin
1973,258,"Zum Geleit: In: Deutsche Staatsoper Berlin",Berlin
1973,259,"Prägen des Opernschaffens: In: Forum: Musik in der DDR. T. 2",Berlin
1973,260,"Frankfurt - oder? Zur 1. Werkstattwoche der Jugendtanzmusik in Frankfurt
            (Oder)",Leipzig
1973,261,"Unterrichtshilfen Musik 9. und 10. Klasse zum Lehrplan 1972",Berlin
1973,262,"Für eine hohe Musikkultur der Werktätigen",Berlin
1973,263,"Zum nationalen Charakter und zur musikalischen Bedeutung des Werkes von K. A. Kocor
            (1822-1904): In: Letopis, Jahresschrift des Instituts für sorbische Volksforschung. R.
            C, Nr. 16",Berlin
1973,264,"K jednomu aspektej serbskich hudźbnych stawiznow (Zu einem Aspekt der sorbischen
            Musikgeschichte, sorb.)",Bautzen
1973,265,"Möglichkeiten des Balletts von heute: In: Deutsche Staatsoper Berlin",Berlin
1973,266,"Reger. - Max Reger 1873-1973. Programmbuch",Meiningen
1973,267,"Peripherer Beitrag zur Bach-Forschung.-In",Berlin
1973,268,"Die Staatskapelle Berlin - ein Blick auf ihre vierhundertjährige Geschichte: In:
            Deutsche Staatsoper Berlin",Berlin
1973,269,"Musikalische Aspekte der attischen Tragödienchöre",Berlin
1973,270,"Zu einigen Aspekten dialektischer Figureninterpretation in einigen neueren Werken des
            Opernschaffens der DDR. [1.2.]",Berlin
1973,271,"Bemerkungen zum Opernschaffen von Giacomo Meyerbeer: In: Zur Erbeaneignung im
            Musiktheater",Berlin
1973,272,"Lortzings Werke sprechen lassen",Berlin
1973,273,"Robeson. - Paul Robeson",Berlin
1973,274,"(""Frühling an der Seine"", Ballett von Jean Kurt Forest.) Diskussionsbeitrag: In: Der
            Realismus und die Sprache des Tanzes",Berlin
1973,275,"Uraufführungen gestern und heute: In: Deutsche Staatsoper Berlin",Berlin
1973,276,"Zu einigen Tucholsky-Liedern Hanns Eislers",Berlin
1973,277,"Gedanken zu ""Neidharts Sangweisen"". (Depot-Information)",Halle
1973,278,"Arthur Nikisch und die russischen Novatoren",Leipzig
1973,279,"Zum 750. Jahrestag Heinrichs von Körungen",Leipzig
1973,280,"Mendelssohns Beziehungen zu Berlin",Berlin
1973,281,"Bemerkungen zum Thema Heinrich Heine und die Musik",Leipzig
1973,282,"Zu Fragen des musikalischen Erbes: In: Forum: Musik in der DDR. T. 1",Berlin
1973,283,"Zum Messias. Die soziale Verheißung von Händels ""Messias"": In:
            Händelfestspiele",Halle
1973,284,"Ein Künstler - zwei leben. Zum 100. Geburtstag Sergej Rachmaninows",Berlin
1973,285,"Katalog zu den Sammlungen des Händel-Hauses in Halle. Musikinstrumentensammlung
            Streich-und Zupfinstrumente",Halle
1973,286,"Konzertbuch Orchestermusik G-0",Leipzig
1973,287,"Wahrheit des Details. Analytische Bemerkungen zu Ernst Hermann Meyers Concerto grosso
            und Harfenkonzert",Leipzig
1973,288,"Der klagende Gott und der adlige Saufbold: In: Deutsche Staatsoper Berlin",Berlin
1973,289,"Mendelssohn-Ehrung der DDR. In Berlin: Die ""Sommernachtstraum""-Musik",Berlin
1973,290,"Mendelssohn-Ehrung der DDR. Günter Kochans ""Mendelssohn-Variationen""
            uraufgeführt",Berlin
1973,291,"Vorwärts - zu neuen Ufern. Gedanken und Anregungen aus den Diskussionen des II.
            Musikkongresses der DDR",Berlin
1973,292,"Musiktheater. Fritz Geißler: ""Der verrückte Jourdain""",Berlin
1973,293,"Kunst ist Sorgfalt. In memoriam Johannes Paul Thilman",Berlin
1973,294,"Gratulation und Dank. Wolfgang Lesser zum ""Fünfzigsten""",Berlin
1973,295,"Musiktheater. Udo Zimmermann: ""Levins Mühle""",Berlin
1973,296,"Neue Werke unserer Komponisten. Paul Kurzbach: Serenade Nr. VII",Berlin
1973,297,"Neue Werke unserer Komponisten. Manfred Grabs: Die kleinen Lieder",Berlin
1973,298,"Der ganze Eisler. Zum 75. Geburtstag des Komponisten",Berlin
1973,299,"Wo stehen wir? Gedanken nach dem 9. Plenum des ZK der SED",Berlin
1973,300,"Die Analyse. Das Eigene und das Fremde. Anmerkungen zu ""Noch einen Löffel Gift,
            Liebling?""",Berlin
1973,301,"Der Gemeinschaft dienen. Zum 60. Geburtstag Benjamin Brittens",Berlin
1973,302,"... nicht nur von historischem Interesse. Bemerkungen zum Werk Anton Weberns, Karl
            Amadeus Hartmanns und Paul Hindemiths",Berlin
1973,303,"Das Hanns-Eisler-Archiv bei der Akademie der Künste der DDR - zum 75. Geburtstag
            Hanns Eislers",Berlin
1973,304,"Wenn Ihnen meine Lieder nicht gefallen, tut es mir leid - Sie können ja ""Open the
            Door, Richard"" hören. Hanns Eisler vor dem Ausschuß zur Untersuchung unamerikanischer
            Betätigung. Ein Beitrag zum Eisler-Jahr",Berlin
1973,305,"20 Jahre Institut für Lehrerweiterbildung/Musikerziehung Berlin",Berlin
1973,306,"Lortzing und wir - Magnet ohne Kompaß",Berlin
1973,307,"Mehr als Beobachter. Zu musikdramatischen Kompositionsprinzipien in ""Levins
            Mühle""",Berlin
1973,308,"Die Beziehungen des kompositorischen Schaffens in der Deutschen Demokratischen
            Republik zur Sowjetunion: In: Forum: Musik in der DDR. T. 2",Berlin
1973,309,"Zur Frage des Realismus bei Mendelssohn",Berlin
1973,310,"Die Analyse. Fritz Geißlers Oratorium ""Schöpfer Mensch""",Berlin
1973,311,"Internationales Seminar marxistischer Musikwissenschaftler in Budapest",Berlin
1973,312,"Verborgene Improvisationen",Berlin
1973,313,"Musikerziehung an den allgemein-bildenden polytechnischen Oberschulen: In: Forum:
            Musik in der DDR. T. 1",Berlin
1973,314,"Musikerziehung und sozialistische Gesellschaft - ein Anliegen des II. Musikkongresses
            der DDR",Berlin
1973,315,"Rhythmisch-psychomotorische Musiktherapie. Eine gezielte Behandlung
            entwicklungsgeschädigter Kinder und Jugendlicher",Jena
1973,316,"Vier unbekannte Quittungen J. S. Bachs und ein Briefauszug Jacob von Stählins",Berlin
1973,317,"Vorwort: In: Bach, Johann Sebastian: Violinkonzert a-Moll, BWV 1041",Leipzig
1973,318,"Vorwort: In: Bach, Johann Sebastian: Violinkonzert E-Dur, BWV 1042",Leipzig
1973,319,Vorwort,Leipzig
1973,320,"Für die Entwicklung aller musikalischen Talente",Berlin
1973,321,"Zur Einführung des neuen Lehrprogramms an den Musikschulen der DDR",Berlin
1973,322,"Mendelssohn-Ehrung der DDR. Mendelssohn-Stipendiaten musizierten; Rundfunk-Akademie;
            Konzert der Komischen Oper",Berlin
1973,323,"Der Befreiungsgedanke in der Musik: In: Meyer",Leipzig
1973,324,"Die X. Hallischen Musiktage",Berlin
1973,325,"Ein Sinfoniker unserer Tage. Zum 60. Geburtstag von Johann Cilenšek",Berlin
1973,326,"Bericht über die Arbeit der Sektion II während des II. Musikkongresses in der DDR
            (17.-19. November 1972 in Berlin.) - In",Berlin
1973,327,"X. ISME-Konferenz in Thunis/Karthago",Berlin
1973,328,"Zur Diskussion gestellt. Werten von Musik - Urteilen über Musik",Berlin
1973,329,"Gedanken zur Behandlung von Vokalwerken Bachs und Händels in der sozialistischen
            Schule",Berlin
1973,330,"Gedanken nach dem II. Musikkongreß der DDR",Leipzig
1973,331,"Die 22. Händelfestspiele der DDR",Leipzig
1973,332,"Janáček - Werk und Realisierungsprobleme. Die Hoffnung auf Veränderung",Berlin
1973,333,"Zum Beispiel ""Xerxes"". Zu Inszenierungsproblemen mit Händel-Opern",Berlin
1973,334,"Heue Werke unserer Komponisten. Udo Zimmermann: ""Ein Zeuge der Liebe""",Berlin
1973,335,"Wir haben eine Singe- und Denkbewegung entwickelt! Diskussionsbeitrag zum II.
            Musikkongreß der DDR",Leipzig
1973,336,"Der Minister für Kultur konstituierte das Komitee für Unterhaltungskunst.
            Interview",Berlin
1973,337,"Untersuchungen zur Herkunft, Verbreitung und spezifischem Inhalt mitteldeutscher
            Musikhandschriften des 16. Jahrhunderts. [1.2.]",Rostock
1973,338,"Schütz, Heinrich: Stehe auf, meine Freundin, f. zwei vierstg. Chöre u. B.c. (ad.
            lib.)",Leipzig
1973,339,"Analyse und Klassifikation von Volksmelodien",Kraków
1973,340,"Zur Arbeit der Study Group of Folk Music Systematization des IFMC: In: Analyse und
            Klassifikation von Volksmelodien",Kraków
1973,341,"Schostakowitsch in Berlin. Aufzeichnungen von der Regie zu seiner Oper ""Katerina
            Ismailowa""",Berlin
1973,342,"Antonin Dvořák. Zur Ästhetik seines sinfonischen Schaffens (Estetika Dvořákovy
            Symfonické Tvorby [dt.]) (Ins Dt. übers, von Gert Jäger u. Jürgen Morgenstern. Die
            Bearb. d. vorliegenden Fassung besorgten mit Zust. d. Verf. Werner Beyer u. Erich
            Kapst.) [Nebst Übers.]",Leipzig
1973,343,"Gedanken zu Eislers Deutscher Sinfonie",Berlin
1973,344,"Zu einigen Problemen des Volksliedes in der Schule",Berlin
1973,345,"Die Klaviersonate bei Mendelssohn Bartholdy, Chopin, Schumann und Liszt. Ein Beitrag
            zur Geschichte der Klaviersonate des 19. Jahrhunderts",Halle
1973,346,"Reiner Bredemeyers Film- und Fernsehmusiken",Berlin
1973,347,"Heinrich Sattler, 1811-1891, und das Musikleben seiner Zeit im nördlichen Vorharz
            (ein Beitrag zur musikalischen Landschafts-Forschung, im Bereich des nördlichen
            Vorharzes, im 19.Jahrhundert.)",Halle
1973,348,"425 Jahre Staatskapelle Dresden",Berlin
1973,349,"Uns vereint gleicher Sinn, gleicher Mut. Streiflichter von den X. Weltfestspielen der
            Jugend und Studenten in Berlin",Berlin
1973,350,"Neue Werke unserer Komponisten. Fritz Geißler: Zweites Nonett",Berlin
1973,351,"Neue Werke unserer Komponisten. Lothar Voigtländer: Kantate",Berlin
1973,352,"Mendelssohn Bartholdy, Felix: Sinfonien I-VII. (Jugendsinfonien.)",Leipzig
1973,353,"Die Malerei des Manierismus und die frühe Oper",Brno
1973,354,"Die Bedeutung der Bilddokumente für die Geschichte der Oper",Praha
1973,355,"Typologie der Musik der italienischen Oper 1600-1750",Wroclaw
1973,356,"Halévy als Kunst- und Musikschriftsteller",Köln
1973,357,"Händel und Frankreich: In: Göttinger Händel-Festspiele 1973 (Festheft)",Göttingen
1973,358,"Die Oper III (19. Jahrhundert)",Köln
1973,359,"L'opera comica nel. sec. XVII a Venezia e l'Agrippina di Händel (1709)",Torino
1973,360,"Un oratorio sconosciuto di Leonardo Leo",Lucca
1973,361,"Die historische Situation in der Entstehungszeit der Hauptwerke Mozarts",Berlin
1973,362,"25 Jahre Musikschulen - eindrucksvolle Bilanz unserer Kulturpolitik",Berlin
1973,363,"Die Drehorgel in der Kirche",Zürich
1973,364,"Die Tanzmusikwerkstatt. Eine die Spezifik der Tanz- und Unterhaltungsmusik
            berücksichtigende allgemeine Musiklehre",Leipzig
1973,365,"Politische Lieder zu den X. Weltfestspielen",Leipzig
1973,366,"Heue Werke unserer Komponisten. Siegfried Thiele: 4 Stücke für Cello und
            Klavier",Berlin
1973,367,"Musik. Lehrbuch für die Klassen 7 und 8",Berlin
1973,368,"Nachwort: In: Altenburg, Johann Ernst: Versuch einer Anleitung zur
            heroisch-musikalischen Trompeter- und Paukerkunst. Faks. d. Ausg. von 1795. Mit e.
            Nachw. in dt. u. engl. von Frieder Zschoch",Leipzig
1973,369,"Hanns Eisler. Zum 75. Geburtstag des Komponisten",Leipzig
1973,"F 1","Die Theaterzettelsammlungen in der DDR und ihre Bedeutung für die Musikgeschichte
            (mit einem Katalog der Theaterzettelsammlungen in der DDR.)",Rostock
1973,"F 2","Die Bühnenmusik Hanns Eislers",Berlin
1973,"F 3","Das Finalproblem im Opernschaffen der DDR",Halle
1973,"F 4","G. F. Händel - Thematisch-systematisches Verzeichnis sämtlicher Werke",Halle
1973,"F 5","Die Bedeutung des Davidsbündlerkreises für die Musikanschauung und die
            Musikgeschichte des 19. Jahrhunderts",Berlin
1973,"F 6","Einige Ergebnisse aus den neuen Produktionen jugendgemäßer Tanzmusik im Zeitraum vom
            Mai 197o bis Januar 1971 als Beitrag zum Kunstfortschritt in der Tanzmusik der
            DDR",Berlin
1973,"F 7","Struktur und Wirkung dea Instrumentalkonzertes in der DDR 1945 bis 1969",Greifswald
1973,"F 8","Untersuchungen über den Leistungsstand der Studierenden im Fach Sprecherziehung von
            der Aufnahme bis zur Abschlußprüfung",Halle
1973,"F 9","Theoretische und praktische Aspekte bei der Konzeption und Produktion einer neuen
            Fassung des ""Musikalischen Opfers"" (BWV 1079) von J. S. Bach",Rostock
1973,"F 10","Studien zur Persönlichkeit und zum Schaffen Clara Schumanns",Halle
1973,"F 11","Das Lebenswerk Max Buttings",Berlin
1973,"F 12","Das Zusammenwirken der künstlerisch-ästhetischen Fächer bei der Erziehung
            sozialistischer Persönlichkeiten. (Arbeitstitel)",Berlin
1973,"F 13","Methodik der Musikerziehung",Berlin
1973,"F 14","Verfahren der Wissensaneignung im Musikunterricht mit Jugendlichen der EOS (ab 9.
            Klasse)",Halle
1973,"F 15","Die Entwicklung der Violinkonzerte in der DDR",Halle
1973,"F 17","Orgel-Inventar des Denkmalbezirkes Dresden",Dresden
1973,"F 18","Untersuchungen zum bürgerlichen Mendelssohnbild und den kulturellen und
            gesellschaftlichen Beziehungsqualitäten Mendelssohns. Ein Beitrag zum marxistischen
            Mendelssohnbild",Halle
1973,"F 19","Studien über die Musikerfamilie Hertel in Mecklenburg, insbesondere über Johann
            Wilhelm Hertel (1727-1789)",Rostock
1973,"F 20","Didaktisch-methodische Untersuchungen zur Vorbereitung und Planung des
            Unterrichtsprozesses im Fach Musik",Halle
1973,"F 21","Gesellschaftliches Auftragswesen auf dem Gebiete der Musik in der DDR",Halle
1973,"F 22","Akustische Untersuchungen der Vibration bei Gesangsstimmen und ihre Bedeutung für den
            Informationswert beim Musikhören",Halle
1973,"F 23","Dokumentation zur Geschichte der deutschen Arbeitersängerbewegung",Berlin
1973,"F 24","Kritische Betrachtung der Harmoniksysteme von Moritz Hauptmann und Arthur
            Oettingen",Halle
1973,"F 25",Bach-Forschung,Rostock
1973,"F 26",Vivaldi-Forschung,Rostock
1973,"F 27","Mecklenburgische Regional-Musikgeschichtsforschung",Rostock
1973,"F 28","Die Bedeutung der Qualitätserhöhung einer der sozialistischen Lebensweise eigenen
            Tanzmusik für die ideologisch-ästhetische Erziehung der Schuljugend.
            (Arbeitsthema)",Potsdam
1973,"F 29","Die Einbeziehung der Musik bei der Arbeit mit stimm- und sprachgestörten Kindern im
            Alter von 6 bis 1o Jahren",Halle
1973,"F 30","Studien zum Musikleben der Römer",Halle
1973,"F 31","Die Sonatensatzform im Schaffen Bela Bartóks",Rostock
1973,"F 32","Der Versuch eines wissenschaftlich fundierten Systems der Musikerziehung durch
            Richard Kaden (1856-1923) und die daraus entspringenden progressiven Traditionslinien
            zur sozialistischen Musikerziehung",Halle
1973,"F 33","Untersuchungen zur ideellen Programmatik in der Sinfonik von Dmitri
            Schostakowitsch.",Halle
1973,"F 34","Klassifikationsprobleme der Musik unter spezifischer Berücksichtigung der Gattung
            ""Marsch""",Berlin
1973,"F 35","Die Ausbildung von Lehrern für den Unterricht im Fach Gesang/Musik an
            allgemeinbildenden Schulen von 1900 bis 1945 in Deutschland und seit 1949 in der
            Deutschen Demokratischen Republik",Halle
1973,"F 36","Das Cembalo in der Musik des 20. Jahrhunderts",Rostock
1973,"F 37","Entwicklung der Vokalsinfonik. in der DDR im Zeitraum von 1958-65",Berlin
1973,"F 38","Untersuchungen zum Lebenswerk von Fritz Reuter",Halle
1973,"F 39","Georg Trexler - Leben und Werk",Halle
1973,"F 40","Untersuchungen zur Tanzmusik in der Deutschen Demokratischen Republik: Werttheorie
            und Praxismodell",Berlin
1973,"F 41","Der Schützschüler David Pohle (1624-1695). Seine Bedeutung für die deutsche
            Musikgeschichte des 17. Jahrhunderts",Halle
1973,"F 42","Die Programmatik im Schaffen von Claude Debussy",Halle
1973,"F 43","Untersuchungen zum bürgerlichen Mendelssohnbild und den kulturellen und
            gesellschaftlichen Beziehungsqualitäten Mendelssohns. Ein Beitrag zum marxistischen
            Mendelssohnbild",Halle
1973,"F 44","Die Stellung der Blockflöte im Musikleben des 20. Jahrhunderts",Halle
1973,"F 45","Dialektische Methoden der musikalischen Inhalts-Erforschung (Syntaktisch-semantische
            Struktur-Untersuchungen)",Berlin
1973,"F 46","Konzeptionelle Strukturuntersuchungen an einigen Werken Beethovens",Berlin
1973,"F 47","Grundgedanken zur ökonomischen Gestaltung zeitgenössischer Konzertorgeln und
            Richtlinien für die Bauweise gemischter Register",Rostock
1973,"F 48","Zur Funktion der Aneignung des musikalischen Erbes von R. Wagner in der
            spätbürgerlichen und sozialistischen Gesellschaft",Jena
1973,"F 49","Das deutsche Lied des 19. Jahrhunderts und seine sozialistische Rezeption",Halle
1973,"F 50","Untersuchungen zur Entwicklung der Sinnebene musikalischer Verläufe in der Musik des
            13. bis 16. Jahrhunderts",Leipzig
1973,"F 51","Die Rolle des Fernsehens bei der Popularisierung von Musikwerken aus Vergangenheit
            und Gegenwart unter besonderer Berücksichtigung der Rezeption durch den werktätigen
            Hörer",Halle
1973,"F 52","Traditionen und Stationen der Musikdramaturgie, aufgezeigt anhand markanter
            progressiver Dokumente in der fünfundzwanzigjährigen Entwicklung des
            DEFA-Spielfilms",Berlin
1973,"F 52","Traditionen und Stationen der Musikdramaturgie, aufgezeigt anhand markanter
            progressiver Dokumente in der fünfundzwanzigjährigen Entwicklung des
            DEFA-Spielfilms",Potsdam
1973,"F 53","Der Einfluß der Technik auf die Entwicklung der Tanz- und Unterhaltungsmusik",Berlin
1973,"F 54","Untersuchungen zur Höraufgabenstellung im Musikunterricht",Berlin
1973,"F 55","Das Bach-Bild in den westdeutschen Musiklehrbüchern der Schulen",Leipzig
1973,"F 56","Probleme des sozialistischen Realismus im Instrumentalschaffen der DDR",Halle
1973,"F 57","Mecklenburgische Regional-Musikgeschichtsforschung",Rostock
1973,"F 58","Untersuchungen zur Aufnahme der Werke Mussorgskis in Deutschland (unter besonderer
            Berücksichtigung der Anfänge 1860 bis ca. 1932)",Halle
1973,"F 59","Beiträge zum historischen Cembalobau",Leipzig
1973,"F 60","Zur Dialektik in Liedern von Hanns Eisler",Halle
1973,"F 61","Der Beitrag von J. R. Bechers Lyrik zum sozialistisch-realistischen Vokalschaffen in
            der DDR, nachgewiesen am Genre des klavierbegleiteten Sololiedes (1945-1961/62)",Greifswald
1973,"F 62","Das Massenlied - Begriff, Geschichte, Analysen; dargestellt am Liedgut
            1945-1970",Leipzig
1973,"F 63","Beiträge zur Musikgeschichte Magdeburgs im 19.Jahrhundert",Halle
1973,"F 64","Spezifika des Musikerlebnisses in ihrer Bedeutung für die Entwicklung sozialistischer
            Persönlichkeiten und Kollektive",Dresden
1973,"F 65","Die Entwicklung der technischen Fähigkeiten und Fertigkeiten im Geigenspiel auf der
            Grundlage einer modernen Etüden-Literatur",Halle
1973,"F 66","Studien zur Beethoven-Gesamtausgabe des VEB Deutsche Schallplatten",Halle
1973,"F 67","Talentsuche auf musikalischem Gebiete",Halle
1973,"F 68","Musikgeschichte von Glauchau",Berlin
1973,"F 69","Musik im klassischen und nachklassischen Weimar. Zur Entwicklung des Weimarer
            Musiklebens 1756-1920",Halle
1973,"F 70","Das Chorschaffen Hanns Eislers",Halle
1973,"F 71","Untersuchungen zur Geschichte der Variation seit Beethoven",Halle
1973,"F 72","Die Musikerziehung in der B[undes]-R[epublik] D[eutschland] seit der Zerschlagung des
            Faschismus. Ein Beitrag zur Klärung ihrer politischen, ideologischen und pädagogischen
            Position unter besonderer Berücksichtigung einiger Aspekte der Schulmusik und der
            außerschulischen Musikerziehung",Halle
1973,"F 73","Die Praxis des Instrumentalspiels des kambodschanischen Orchesters ""Voung Phleng
            Kar"", erläutert an zehn Stücken der Hochzeitsmusik der Khmer",Halle
1973,"F 74","Die Spezifik der Ballettmusik",Rostock
1973,"F 75","Untersuchungen zur Geschichte der Variation seit Beethoven",Halle
1973,"F 76","Johann Cilenšek. Sein Leben, sein sinfonisches Werk",Leipzig
1973,"F 77","Musikalische Syntax und sozialhistorische Praxis in der arbeitsfunktionalen
            Signalgebung für Viehhirten",Berlin
1973,"F 78","Zum Wertproblem in der Musik",Halle
1973,"F 79","Zur Funktion der Bühnen- und Schauspielmusik der DDR unter besonderer
            Berücksichtigung der Kompositionen am Berliner Ensemble",Berlin
1973,"F 80","Idealbildung durch Musik als ein Faktor bei der Herausbildung der Persönlichkeit im
            Pubertätsalter",Leipzig
1973,"F 81","Sinfonisches Schaffen in der DDR",Leipzig
1973,"F 82","Menschenbild und Werkstruktur in den Sinfonien Fritz Geißlers",Berlin
1973,"F 83","Werkbetrachtung im Unterrichtsbereich Musikhören in der Schule",Halle
1973,"F 84","Veranschaulichungen bei der Betrachtung und historischer Einordnung von
            Musikwerken",Halle
1973,"F 85","Heinrich Schütz in marxistischer Sicht",Halle
1973,"F 86","Musikpflege der Stadt Jena von 1750 bis zur Gegenwart",Jena
1973,"F 87","Die Bedeutung der Klavierimprovisation in der Musikerziehung der DDR. Ein Beitrag zur
            schöpferischen Gestaltung des Musikunterrichts und zur Entwicklung sozialistischer
            Erziehungspersönlichkeiten",Greifswald
1973,"F 88","Beiträge zum DDR-Opernschaffen der fünfziger Jahre. (Arbeitstitel)",Berlin
1973,"F 89","Der Musikfilm und seine Rezeptionsprobleme",Halle
1973,"F 90","Quellenstudien zum italienischen Intermezzo comico per musicam und zu seiner
            Geschichte in Dresden",Rostock
1973,"F 91","Möglichkeiten und Aufgaben des Frauenchores innerhalb der sozialistischen
            Chorbewegung",Halle
1973,"F 92","Studien zum Schaffen Rostocker Musiker des 17. Jahrhunderts, insbesonderer Daniel
            Fridericis",Rostock
1973,"F 93","Die Entwicklung der Balginstrumente und ihre Stellung in der Gesellschaft von den
            Anfängen bis zum Ende des 2. Weltkrieges",Greifswald
1973,"F 94","Die Intonation der Streichquartettinstrumente",Halle
1973,"F 95","Georg Philipp Telemanns Hamburger Kapitänsmusiken",Halle
1973,"F 96","Werner Hübschmann. Ein Komponistenportrait",Halle
1973,"F 97","Die Beziehungen zwischen französischer Operette und deutschem Singspiel
            1750-1780",Berlin
1973,"F 98","Analyse einer musiksoziologischen Untersuchung",Berlin
1973,"F 99","Untersuchungen zu den Entwicklungstendenzen des Suitenschaffens in der DDR und seiner
            Funktion im Bereich der Musikerziehung. (Arbeitstitel)",Greifswald
1973,"F 100","Die Tanzmusik als musikwissenschaftlicher Forschungsgegenstand in der DDR",Halle
1973,"F 101","Robert Schumanns künstlerische Entwicklung in seinem Liedschaffen",Rostock
1973,"F 102","Max Reger - Künstler und Gesellschaft",Halle
1973,"F 103","Das Musikhören als Bestandteil des Musikunterrichts der allgemeinbildenden Schule in
            Geschichte und Gegenwart. Ein theoretisch-historischer Beitrag zur Niveaubestimmung des
            Musikhörens im Musikunterricht der allgemeinbildenden sozialistischen Schule",Berlin
1973,"F 104","Zum Problem des Schumannschen Spätwerkes",Halle
1973,"F 105","Chorische Auftragswerke zu den Arbeiterfestspielen",Halle
1973,"F 106","Untersuchungen zum gesellschaftlichen Auftragswesen auf dem Gebiete der Musik und
            seiner Rezeption",Halle
1973,"F 107","Johann Philipp Krieger",Halle
1973,"F 108","Die Meininger Hof- und Landeskapelle in den Jahren 1880 bis 1945",Halle
1973,"F 109","Die Streichquartette Dmitri Schostakowitschs",Greifswald
1973,"F 110","Das Musikleben in Eisenach 1650-1750",Halle
1973,"F 111","Einstellungstereotype bei der Rezeption von Tanzmusik und tanzmusikähnlicher Musik
            durch Jugendliche",Berlin
1973,"F 112","Die Entwicklung des theoretisch-ästhetischen Denkens innerhalb der Berliner
            Musikkultur von den Anfängen der Aufklärung bis Reichardt",Berlin
1973,"F 113","Untersuchungen zur Wirkungsintensität historisch-biographischer und
            musikalisch-ästhetischer Wertkriterien aus dem Lehrplangebiet Beethoven auf das
            Urteilsvermögen der Schüler. (Ein Beitrag zum Projekt ""Untersuchungen zum Prozeß der
            klassenmäßigen Erziehung"")",Berlin
1973,"F 114","Gruppenmusiktherapie in der Psychiatrischen Klinik. Mit Untersuchungen zur
            Musikrezeption",Leipzig
1973,"F 115","Funktion und Formen des Tanzes zwischen 1800 und 1914: Studien zur Geschichte und
            Rezeption des Tanzes in Deutschland",Leipzig
1973,"F 116","Das Leipziger Musikverlagswesen und seine Beziehungen zu namhaften
            Komponisten",Leipzig
1973,"F 117","Englische Vokalmusik - Rezeption in Deutschland im 18. und 19. Jahrhundert",Halle
1973,"F 118","Die Stellung Franz Liszts in der Musikgeschichte des 19. Jahrhunderts",Halle
1973,"F 119","Probleme des Kinder- und Jugendliedes in der DDR",Halle
1973,"F 120","Zur Frage des Populären bei Mozart",Halle
1973,"F 121","Die Berliner Hofkapelle im 16. und 17. Jahrhundert (Arbeitstitel)",Berlin
1973,"F 122","Untersuchung zur Klaviermethodik an Klavierschulen",Leipzig
1973,"F 123","Zu einigen Aspekten dialektischer Figureninterpretation in einigen neueren Werken des
            Opernschaffens der DDR",Berlin
1973,"F 124","Bach-Tradition und Bach-Pflege im 19. und 20. Jahrhundert",Halle
1973,"F 125","Max Reger, Soziologische Aspekte zum kompositorischen Werk und zur
            Werkrezeption",Halle
1973,"F 126","Die Entwicklung des Jugendliedes im Gebiet der DDR von 1945 bis 1954",Halle
1973,"F 127","Der Komponist im Exil. Zu den politischen, ästhetischen und kompositorischen
            Positionen Hanns Eislers in den USA von 1938 bis 1948. (Arbeitsthema)",Leipzig
1973,"F 128","Die Musikerziehung in Deutschland zwischen der Französischen Revolution von 1789 und
            der bürgerlich-demokratischen Revolution von 1848",Halle
1973,"F 129","Wesen und Entwicklung des europäischen Tonsystems",Leipzig
1973,"F 130","Hans von Bülow - Pianist und Dirigent. (Arbeitstitel)",Berlin
1973,"F 131","Das Streichquartett im kompositorischen Schaffen der Deutschen Demokratischen
            Republik",Berlin
1973,"F 132","Introduktionsprobleme im Opernschaffen der DDR",Halle
1973,"F 133","Händels Orgel-Konzerte op. 7",Halle
1973,"F 134","Darstellung der Charaktere in L. Janácĕks Opern",Halle
1973,"F 135","Bach-Jubiläum im 19. und 20. Jahrhundert. Ein Beitrag zur Wirkungsgeschichte",Jena
1973,"F 136","Untersuchungen über die Wirkung unterschiedlicher Musik auf das Verhalten von Kühen
            unter der Bedingung der technisierten Milchabgabe",Leipzig
1973,"F 137","Zur Qualitätsbewertung von Musikinstrumenten",Rostock
1973,"F 138",Händel-Forschung,Halle
1973,"F 139","Zur Problematik der Singebewegung",Halle
1973,"F 140","Untersuchungen zur Herkunft. Verbreitung und spezifischem Inhalt mitteldeutscher
            Musikhandschriften des 16. Jahrhunderts",Rostock
1973,"F 141","Fragen der Programmierung im Musikunterricht",Halle
1973,"F 142","Die Aufführungen von Opern Händels zu dessen Lebzeiten in Hamburg und
            Braunschweig",Halle
1973,"F 143","Die Widerspiegelung des Mendelssohnschen Schaffens im Werk von Johannes
            Brahms",Leipzig
1973,"F 144","Die Klaviersonate bei Mendelssohn Bartholdy, Chopin, Schumann und Liszt. Ein Beitrag
            zur Geschichte der Klaviersonate des 19. Jahrhunderts",Halle
1973,"F 145","Ästhetische und historiographische Beiträge zur Geschichte und Theorie der Film- und
            dramatischen Fernsehmusik",Berlin
1973,"F 146","Heinrich Sattler, 1811-1891. und das Musikleben seiner Zeit im nördlichen Vorharz
            (ein Beitrag zur musikalischen Landschafts-Forschung, im Bereich des nördlichen
            Vorharzes, im 19. Jahrhundert.)",Halle
1973,"F 147","Das Dramatische im Werk Bachs",Leipzig
1973,"F 148","Untersuchungen zur Tonalitätsrezeption im dritten Schuljahr",Halle
1973,"F 149","Zeitgenössische Interpretation von Beethovens Sinfonien",Halle
1973,"F 150","Der Typ des Prokofjewschen Instrumentalkonzerts. Seine Stellung und Bedeutung in der
            Gegenwartsmusik",Leipzig
1973,"F 151","Händels Trauer-Anthem. Eine Studie mit kritischer Ausgabe der Partitur im Rahmen der
            Hallischen Händel-Ausgabe",Halle
1973,"F 152","Zum Wandel des Beethoven-Bildes im Spiegel der Jubiläen",Jena
1973,"F 153","Richard Wagners geistige und künstlerische Entwicklung nach 1848",Leipzig
1973,"F 154","Zeitgenössische Variationswerke im Schulunterricht",Halle
1973,"F 155","Die Entwicklung der Kammermusik in der DDR (am Beispiel thüringischer
            Komponisten)",Halle
1973,"F 156","Entfremdungserscheinungen in der Musik",Halle
1973,"F 157","Die Geschichte des Gewandhausorchesters seit 1945 und die Probleme bei der
            Entwicklung zu einem führenden sozialistischen Musikinstitut der Deutschen
            Demokratischen Republik",Leipzig
1974,1,"Johanna Rudolph",Berlin
1974,2,"Das neue chilenische Lied, Gespräch mit Luis Advis",Berlin
1974,3,"Die Theaterzettelsammlungen in der D[eutschen] D[emokratischen] R[epublik] und ihre
            Bedeutung für die Musikgeschichte. (Mit e. Katalog d. Theaterzettelsammlungen in d.
            DDR.)",Rostock
1974,4,"Musik im ""Kollektiv selbständiger Künste"". Zu Fragen des Bühnenmusikschaffens in der
            DDR",Berlin
1974,5,"Bericht: Schütz-Konferenz",Berlin
1974,6,"Neue Werke unserer Komponisten. Ruth Zechlin: ""Epitaph"" für Cembalo",Berlin
1974,7,"Musik in Film und Hörspiel. Zur Entwicklung der Hörspielmusik in der DDR",Berlin
1974,8,"Neue Werke unserer Komponisten. Georg Katzer: Streichermusik II",Berlin
1974,9,"Neue Werke unserer Komponisten. Johann Cilensek: ""Mosaik"" für Streicher",Berlin
1974,10,"Der schöpferische Prozeß beginnt bei der Erkenntnis des Lebens! Einleitende
            Bemerkungen zur Tätigkeit der Arbeitsgruppe Musik der III. Volkskunstkonferenz",Leipzig
1974,11,"Johann Sebastian Bach. Lebendiges Erbe",Leipzig
1974,12,"Johann Sebastian Bach 1723-1973. 250. Jahrestag zur Berufung zum
            Thomaskantor.",Leipzig
1974,13,"49. Bachfest der Neuen Bachgesellschaft Frankfurt (Oder) 10. bis 13. Oktober 1974.
            [Festheft.]",Leipzig
1974,13,"49. Bachfest der Neuen Bachgesellschaft Frankfurt (Oder) 10. bis 13. Oktober 1974.
            [Festheft.]",Frankfurt/Oder
1974,14,"Musikerziehung in der Kinderkrippe. (Nachdr.)",Potsdam
1974,15,"Das Verhältnis der Arbeiter zur Tanz- und Unterhaltungsmusik: In: Forum: Musik in der
            DDR. Arbeiterklasse und Musik",Berlin
1974,16,"Versuch über Gegenstände und Aufgaben der marxistisch-leninistischen
            Musiksoziologie",Berlin
1974,17,"Aspekte der ""Einstein""-Partitur",Berlin
1974,18,"Zur gegenwärtigen Situation der musikalischen Bildung und Erziehung im Vorschulalter
            an den Musikschulen der DDR: In: Forum: Musik in der DDR. Musikschule und
            Persönlichkeitsbildung",Berlin
1974,19,"[Berichte von Bezirksmusikkonferenzen.]",Berlin
1974,20,"Schriftbild der mehrstimmigen Musik",Leipzig
1974,21,"Im Blickpunkt: Konzertpläne der kommenden Saison",Berlin
1974,22,"Methodisch-didaktische Grundlagen der Musikerziehung",Leipzig
1974,23,"Musikrezeption als Aneignungsprozeß",Halle
1974,24,"Das Vorfeld des künstlerisch-musikalischen Schaffens",Halle
1974,25,"Musikhören im Unterricht. Arbeitstagung zum Thema ""Probleme des Mitvollzugs beim
            Musikhören im Unterricht der Polytechnischen Oberschulen""",Berlin
1974,26,"Über die Beziehungen Peter Iljitsch Tschaikowskis zum Schaffen Robert
            Schumanns",Zwickau
1974,27,"Neue Werke unserer Komponisten. Johannes Winkler: ""Ode an das Atom""",Berlin
1974,28,"Neue Werke unserer Komponisten. Jürgen Knauer: ""Dektett 1973""",Berlin
1974,29,"Neue Werke unserer Komponisten. Siegfried Kurz: Konzert für Horn und
            Orchester",Berlin
1974,30,"Neue Werke unserer Komponisten. Udo Zimmermann: ""Mutazioni per Orchestra""",Berlin
1974,31,"Neue Werke unserer Komponisten. Siegfried Matthus: Harfentrio",Berlin
1974,32,"Neue Werke unserer Komponisten. Rainer Kunad: Quadrophonie",Berlin
1974,33,"Serbske hudźbne žiwjenje w znamjenju ZSST (Sorbisches Musikleben im Zeichen des
            Verbandes sorbischer Chöre, sorb.) 1. Chórowe hibanje (Chorbewegung), 2. Serbske ludowe
            reje (Sorbische Volkstänze)",Bautzen
1974,34,"Serbske hudźbne žiwjenje w zbamjenju ZSST. (Sorbisches Musikleben im Zeichen des
            Verbandes sorbischer Chöre. sorb.) 3. Worwobaranje spytaneno ""Gleich-šltowanja""
            serbskich chórow (Sorbische Chöre widersetzen sich der faschistischen Gleichschaltung) -
            In",Bautzen
1974,35,"Serbske hudźbe žwijenje w znamjenju ZSST (Sorbisches Musikleben im Zeichen des
            Verbandes sorbischer Chöre, sorb.) 4. Prócowanje wo Orchester a časopis (Bemühungen um
            ein sorbisches Volksorchester und eine sorbische Musikzeitschrift, sorb.)",Bautzen
1974,36,"Zum Problem der Werkbesprechung im Instrumentalunterricht. Ein Gespräch über Johann
            Sebastian Bachs Partita E-Dur für Violine solo BWV 1006: In: Forum: Musik in der DDR.
            Musikschule und Persönlichkeitsbildung",Berlin
1974,37,"Ein Erfolg sozialistischen Auftragswesens. Zur III. Sinfonie von Günter
            Kochan",Berlin
1974,38,"Die Einheit von ästhetischer und ideologischer Bildung und Erziehung - Grundlage für
            das Zusammenwirken der künstlerisch-ästhetischen Fächer",Greifswald
1974,39,"Unterrichtshilfen Musik 7. und 8. Klasse",Berlin
1974,40,"Ein bunter Blumenstrauß für unsere Republik. 15. Arbeiterfestspiele in Erfurt",Berlin
1974,41,"Probleme und Aufgäben der klassenmäßigen Erziehung im Musikunterricht. (1.2.) -
            In",Berlin
1974,42,"20 Jahre Georg-Philipp-Telemann-Musikschule",Magdeburg
1974,43,"Notizen zu Noten. (Hrsg. von Fritz Hennenberg. Die Notenbeisp. sind Autogr. d. Komp.,
            alle Texte v. Komp. für diese Ausg. durchges.)",Leipzig
1974,44,"Zum 80. Geburtstag von Paul Dessau. Gedanken, Bemerkungen, Episoden - erzählt von
            Lehrern, Schülern u. dem Komponisten über seine Tätigkeit als Musikerzieher an der POS 1
            in Zeuthen",Berlin
1974,45,"Deutsches Jahrbuch der Musikwissenschaft für 1971. Jg 16.",Leipzig
1974,46,"Deutsches Jahrbuch der Musikwissenschaft für 1972. Jg 17.",Leipzig
1974,47,"20 Jahre Georg-Philipp-Telemann-Musikschule",Magdeburg
1974,48,"Dokumentation - Information für Theater. Titel- und Inhaltsangaben zu
            Inszenierungsdokumentationen.",Berlin
1974,49,"Zur Herausbildung eines historisch-materialistischen Musikgeschichtsbildes: In:
            Forum: Musik in der DDR. Arbeiterklasse und Musik",Berlin
1974,50,"Arbeiterklasse und Musikanschauung. Zur Publizistik der Arbeitermusikbewegung vor
            1933",Berlin
1974,51,"Violinstudium und Persönlichkeit. (Interview.) - In: Forum: Musik in der DDR.
            Musikschule und Persönlichkeitsbildung",Berlin
1974,52,"Maßstäbe: strengere oder andere? Marginalien zum ""Musical in der Talsohle""",Berlin
1974,53,"Marginalien zum Musical: In: Musikbühne 74",Berlin
1974,54,"Hanns Eisler heute. Internationales Kolloquium zum 75. Geburtstag des Komponisten in
            der Akademie der Künste der DDR",Berlin
1974,55,"Tschaikowski, Peter Iljitsch: Erinnerungen und Musikkritiken. (2. veränd.
            Aufl.)",Leipzig
1974,56,"Das Zusammenwirken des Faches Musik mit anderen Unterrichtsfächern",Zwickau
1974,57,"Walter Felsenstein über Musiktheater. Ausw., Zsstellg u. Einl. v. Stephan
            Stompor",Berlin
1974,58,"Das ""Glockenspiel""-Motiv und seine Bedeutung - ein Beitrag zu Händels
            Schaffensmethode und Menschenbild. (Kolloquium: Das Bild des Volkshelden bei Händel.) -
            In: Händel-Jahrbuch 1972/1973. Jg 18/19",Leipzig
1974,59,"Zum Konzertschaffen G. Ph. Telemanns: In: Telemann-Renaissance. Werk und
            Wiedergabe",Magdeburg
1974,60,"Georg Philipp Telemann: Der Messias (1759). Zwei Kantaten nach Worten von F. G.
            Klopstock",Quedlinburg
1974,61,"Telemann, Georg Philipp: Konzert B-Dur für 2 Flöten, Oboe, Violine, Streicher u.
            B.c",Leipzig
1974,62,"Georg Friedrich Händels Triosonaten. (Kolloquium: Editionsfragen bei Händel.) - In:
            Händel-Jahrbuch 1972/1973. Jg 18/19",Leipzig
1974,63,"Einige Probleme der Aneignung und Erschließung musikalischer Werke. (1.2.)",Berlin
1974,64,"Persönlichkeitsbildende Potenzen in der Arbeitsgemeinschaft Musik",Berlin
1974,65,"Neues Jugendgesetz und musikalische Bildung",Berlin
1974,66,"Neue Werke unserer Komponisten. Friedrich Schenker: Sonate für Blas- und
            Schlaginstrumente.",Berlin
1974,67,"Forum: Musik in der D[eutschen] D[emokratisehen] R[epublik.]
            Komponisten-Werkstatt.",Berlin
1974,68,"Forum: Musik in der D[eutschen] D[emokratischen] R[epublik.] Musikschule und
            Persönlichkeitsbildung. Aufsätze, Referate, Gespräche.",Berlin
1974,69,"Musik in der D[eutschen] D[emokratischen] R[epublik.] Arbeiterklasse und Musik.
            Theoretische Positionen in d. dt. Arbeiterklasse zur Musikkultur vor 1945. Eine
            Dokumentation des Arbeiterliedarchivs.",Berlin
1974,70,"Das progressive musikpädagogische Erbe Richard Kadens (1856-1923) und die daraus
            entspringenden Traditionslinien zur sozialistischen Musikerziehung",Halle
1974,71,"Richard Kaden - eine progressive Persönlichkeit der bürgerlichen Schulmusikerziehung
            in Deutschland. (Zu Leben und Werk aus Anlaß seines 50. Todestages.)",Zwickau
1974,72,"Überlegungen zur höheren Effektivität des Singens. Hinweise für eine zielorientierte
            didaktisch-methodische Arbeitsweise",Berlin
1974,73,"""Vorn ist das Licht"" - Festivalgesang einer führenden Beatformation",Berlin
1974,74,"""Nun will der Lenz uns grüßen"". Vorschlag zur Erarbeitung des zweistimmigen
            Liedsatzes im Rahmen der STE 7/Kl. 6",Berlin
1974,75,"""über mich"" - Analyse eines Beattitels der Gruppe Panta Rhei",Berlin
1974,76,"Nicht nur für Kinder. ""Alle helfen Häppi"" (Kurt Schwaen) und ""Die Prinzessin auf der
            Erbse"" (Joachim-Dietrich Link)",Berlin
1974,77,"Für das Anliegen des Dramas: Wahrer Ausdruck. Bemerkungen zu Robert Hanells
            Opernschaffen",Berlin
1974,78,"Die Ausbildung von Lehrern für den Unterricht im Fach Gesang/Musik an
            allgemeinbildenden Schulen von 1900 bis 1945 in Deutschland und seit 1949 in der
            Deutschen Demokratischen Republik, [1.2.]",Halle
1974,79,"Pflichtlieder im Klassengesang der Oberstufe. Stand - Probleme - Schlußfolgerungen
            aus der Sicht eines Fachberaters",Berlin
1974,80,"Fritz Reuter - seine Entwicklung vom bürgerlichen Kapellmeister, Komponisten und
            Musikwissenschaftler zum Wegbereiter für eine sozialistische Schulmusikpädagogik",Halle
1974,81,"Von der Schallplatte auf die Bühne - Marschaks ""Tierhäuschen"" mit der Musik von
            Joachim Thurm: In: Zur Musiktheaterarbeit für junge Zuschauer",Berlin
1974,82,"Die Analyse. Günter Kochan: Mendelssohn-Variationen für Klavier und Orchester",Berlin
1974,83,"Kulturbund beriet über sowjetische Musik",Berlin
1974,84,"Neue Werke unserer Komponisten. Georg Katzer: Konzert für Bläserquintett und
            Orchester",Berlin
1974,85,"Musiktheater. Kurt Schwaens Kinderoper ""Alle helfen Häppi"" in Frankfurt (Oder)
            uraufgeführt",Berlin
1974,86,"Wir stellen vor. Georg Katzer",Berlin
1974,87,"Dmitri Kabalewski 70 Jahre",Berlin
1974,88,"über die Rekonstruktion von Tonskalen bei mechanischen Instrumenten",Berlin
1974,89,"Der Schützschüler David Pohle (1624-1695). Seine Bedeutung für die Musikgeschichte
            des 17. Jahrhunderts. [1.2]",Halle
1974,90,"Ein Weg zur nachholenden Entwicklung der Singefähigkeit bei falschsingenden
            Schulanfängern",Berlin
1974,91,"Die Stellung der Blockflöte im Musikleben des 20. Jahrhunderts",Halle
1974,92,"Musikverstehen als Postulat: In: Faltin, P. u. H. P. Reinecke (Hrsg.): Musik und
            Verstehen. Aufsätze zur semiotischen Theorie, Ästhetik und Soziologie der musikalischen
            Rezeption",Köln
1974,93,"Die Cavatina des Figaro. Eine semantische Analyse",Berlin
1974,94,"Welches war die ursprüngliche Reihenfolge in Schuberts Heine-Liedern: In: Deutsches
            Jahrbuch der Musikwissenschaft für 1972. Jg 17",Leipzig
1974,95,"Grundgedanken zur ökonomischen Gestaltung zeitgemäßer Konzertorgeln und Richtlinien
            für die Bauweise der gemischten Register",Rostock
1974,96,"Musik in Film und Hörspiel. Bemerkungen zur Musikdramaturgie in neueren Spielfilmen
            der DEFA",Berlin
1974,97,"Schriftbild der mehrstimmigen Musik",Leipzig
1974,98,"Der schwierige Jubilar. Zu Anton Bruckners 150. Geburtstag",Berlin
1974,99,"Große, fast verschollene Musik. Zum 500. Todestag von Guillaume Dufay",Berlin
1974,100,"Neue Werke unserer Komponisten. Ruth Zechlin: Kammersinfonie Nr. 2",Berlin
1974,101,"Das Erbe im Repertoire. Gedanken zur Pflege des humanistischen Erbes in der
            Chorbewegung",Leipzig
1974,102,"Das Libretto und die Musik: In: Musikbühne 74",Berlin
1974,103,"Händelfestspiele. - 23. Händelfestspiele der Deutschen Demokratischen Republik Halle
            (Saale) vom 7. bis 11. Juni 1974.",Halle
1974,104,"Händel-Jahrbuch 1972/1973. Hrsg. von d. Georg-Friedrich-Händel-Gesellschaft. Jg
            18/19",Leipzig
1974,105,"Das irdische Leben. Zum Weltbild des jungen Mahler",Berlin
1974,106,"Jean Kurt Forest 65",Berlin
1974,107,"Entwurf einer 'Rosenkavalier'-Inszenierung: In: Musikbühne 74",Berlin
1974,108,Nachwort,Leipzig
1974,109,"Vivaldi, Antonio: 6 Concerti aus L'Estro Armonico op. III (Nr. 1, 3, 4, 5, 7, 9).
            [Einzelausg.]",Leipzig
1974,110,"Gedanken zur Verbesserung der Singequalität in den Klassen 5 bis 10",Berlin
1974,111,"Paul Dessau. Für Sie porträtiert",Leipzig
1974,112,"Paul Dessau - Lilo Herrmann (1953), An die Mütter und an die Lehrer (1950), Der
            anachronistische Zug (1955/56). (Taschentext)",Berlin
1974,113,"Empfehlungen für die Wiedergabe, Handhabung und Pflege von Schola-Schallplatten in
            Mono und Stereo",Berlin
1974,114,"Thesen zu Problemen der Singebewegung, der FDJ. Ein Beitrag nicht nur zur
            Vorbereitung der X. Weltfestspiele",Zwickau
1974,115,"Möglichkeiten der Aufgabenstellung zur Arbeit mit dem Musiklehrbuch Klasse
            9/10",Berlin
1974,116,"Joachim Herz über Musiktheater. Ausw., Zsstellg u. Einl. von Stephan Stompor",Berlin
1974,117,"Entwurf einer 'Rosenkavalier' - Inszenierung: In: Musikbühne 74",Berlin
1974,118,"Victor Jara - chilenischer Kommunist und Musiker. Brief an eine FDJ-Singegruppe in
            Luckenwalde",Berlin
1974,119,"G. Ph. Telemann als Herausgeber: In: Telemann-Renaissance. Werk und
            Wiedergabe",Magdeburg
1974,120,"Neue Textfunde zur deutschen Musikgeschichte der ersten Hälfte des 18. Jahrhunderts.
            Ein Bericht über Bibliotheksstudien in Leningrad",Berlin
1974,121,"Abschlußprüfungen im Fach Musik - reale Widerspiegelung der Resultate zehnjährigen
            Musikunterrichts",Berlin
1974,122,"Zur Anwendung didaktischer Prinzipien im Musikunterricht",Berlin
1974,123,"Klassenmäßige Erziehung im Musikunterricht der allgemeinbildenden polytechnischen
            Oberschule. Wissenschaftl. Kolloquium d. Bereichs Musikwissenschaft d.
            Humboldt-Universität zu Berlin am 30. Oktober 1973",Berlin
1974,124,"Zur Anwendung des musikalischen Wissens und Könnens bei der Erschließung von
            Musikwerken. Praxisanalysen der Pädagogischen Hochschule Zwickau",Berlin
1974,125,"Musikpädagogische Forschung - ein Mittel zur Hebung des wissenschaftlichen Niveaus
            der Musikerziehung in Theorie und Praxis. (1.2.)",Berlin
1974,126,"Einige Aspekte des Liedschaffens der Singebewegung. (1.2.)",Berlin
1974,127,"Zu Problemen des Musikunterrichts in den unteren Klassen. Analysen zum Stand des
            Singens und zur Lehrplanrealisierung",Berlin
1974,128,"Probleme der Unterrichtsmethodik im Fach Gesang unter dem Aspekt der
            Nachwuchsförderung: In: Forum: Musik in der DDR. Musikschule und
            Persönlichkeitsbildung",Berlin
1974,129,"Friedrich Christian Carl Eilhardt: In: Die Musik in Geschichte und Gegenwart. Bd
            16",Kassel
1974,129,"Friedrich Christian Carl Eilhardt: In: Die Musik in Geschichte und Gegenwart. Bd
            16",Basel
1974,130,"Christoph Fischer: In: Die Musik in Geschichte und Gegenwart. Bd 16",Kassel
1974,130,"Christoph Fischer: In: Die Musik in Geschichte und Gegenwart. Bd 16",Basel
1974,131,"Schul- und Jugendkorfzerte in Karl-Marx-Stadt - erste Untersuchungsergebnisse zum
            Forschungsvorhaben ""Schulkonzerte in der DDR""",Zwickau
1974,132,"Gespräch mit Joachim Herz",Berlin
1974,133,"Kurt Schwaen - Pinocchios Abenteuer. (Oper für Kinder. Text: Wera u. Claus
            Küchenmeister nach Carlo Collodi.) (Taschentext)",Berlin
1974,134,"Sie nennen ihn ""KS"". Zum 65. Geburtstag von Kurt Schwaen",Berlin
1974,135,"Gottfried August Homilius und dies evangelische Kirchenmusik Dresdens im 18.
            Jahrhundert. [1.2.]",Halle
1974,136,"Kunst und sozialistische Bewußtseinsbildung. [Kap. 2.]",Berlin
1974,137,"Spätwerk und Neubeginn: Kurt Schwaen zum 65. Geburtstag",Berlin
1974,138,"Zum Wertproblem in der marxistisch-leninistischen Musikästhetik",Zwickau
1974,139,"Ziele und Aufgaben des Laienmusizierens der Arbeiterklasse: In: Forum: Musik der DDR.
            Arbeiterklasse und Musik",Berlin
1974,140,"Neue Werke unserer Komponisten. Hans Wolfgang Sachse: Divertimento für
            Orchester",Berlin
1974,141,"Bedřich Smetana und Robert Schumann: In: Sbornik Pedagogické Fakulty v Plzni Uměni
            X",Pilsen
1974,142,"Die Lust am Schaffen ist Leitungsproblem. Aus der Arbeit der BAG Komponierende
            Werktätige Karl-Marx-Stadt",Leipzig
1974,143,"Neue Werke unserer Komponisten. Karl Ottmar Treibmann: Violinkonzert",Berlin
1974,144,"Hanns Eisler an Bertolt Brecht 1933-1936. Briefexzerpte und Kommentare: In: Deutsches
            Jahrbuch der Musikwissenschaft für 1972. Jg 17",Leipzig
1974,145,"Persönlichkeitsbildende Potenzen in der Arbeitsgemeinschaft Musik",Berlin
1974,146,"Werkstruktur und Menschenbild in den Sinfonien von Fritz Geißler. Untersuchungen zum
            Realismus-Problem in der Instrumentalmusik",Jena
1974,147,"Zu einigen Fragen der gesellschaftlichen Funktion der DDR-Sinfonik und des
            Rezeptionsprozesses: In: Ästhetische Erziehung und sozialistische Universität",Jena
1974,148,"Die Sinfonik Günter Kochans. Anmerkungen zum sozialistischen Realismus im
            Musikschaffen der DDR",Jena
1974,149,"Gerhard Rosenfeld - Violinkonzert; Gerhard Wohlgemuth - Violinkonzert.
            (Taschentext)",Berlin
1974,150,"Lubina Hollan-Raupp (1927-1964). Zum 10. Todestag der verdienstvollen Künstlerin. In:
            Letopis, Jahresschrift des Instituts für sorbische Volksforschung. R. C, Nr. 17",Berlin
1974,151,"Musikhören als Unterrichtsgegenstand",Halle
1974,152,"Die Verwendung des Lesestreifens zur Entwicklung des geistigen Mitvollzugs beim
            Musikhören",Berlin
1974,153,"Konzeptionelle Fragen der Bläserausbildung: In: Forum: Musik in der DDR. Musikschule
            und Persönlichkeitsbildung",Berlin
1974,154,"Polnisch-deutsche Musikbeziehungen im 16. und 17. Jahrhundert",Berlin
1974,155,"Zur Geschichte eines polnischeri Tanzes am Hofe István Bthorys (1533-1586)",Budapest
1974,156,"Polnische Tänze in schwedischen Handschriften des 16. und 17. Jahrhunderts",Stockholm
1974,157,"In memoriam Richard Petzoldt",Berlin
1974,158,"Carl Philipp Emanuel Bach",Leipzig
1974,158,"Carl Philipp Emanuel Bach",Frankfurt/Oder
1974,159,"Max Reger - Größe und Vermächtnis als Problem für unsere Zeit: In: Weimarer Tage für
            Musikbibliothekare 1974",Berlin
1974,160,"Heinrich Schütz und der frühbürgerliche Realismus im deutschen Musikschaffen -
            Anmerkungen zum Persönlichkeitsbild des Komponisten und zur Entwicklung seines
            Gesamtschaffens",Halle
1974,161,"Tragfähige Konzeption. Zur Leipziger ""Walküre""",Berlin
1974,162,"Ein Komödiant reinsten Wassers. Der Sängerschauspieler Hanns Nocker",Berlin
1974,163,"Rebellion und Dialektik. Paul Dessaus Musiktheater-Werke. Zum 80. Geburtstag des
            Komponisten: In: Musikbühne 74",Berlin
1974,164,"Geburtstagsgruß für Hans Pischner",Berlin
1974,165,"Neue Werke unserer Komponisten. Manfred Schubert: ""Canzoni amorosi""",Berlin
1974,166,"Altmeister des Taktstocks. Zum 80. Geburtstag von Karl Böhm",Berlin
1974,167,"""Ich bin ein Mensch des Theaters"". Zum 5o. Todestag von Giaccomo Puccini",Berlin
1974,168,"Feinsinniger Musikpoet. Vor 150 Jahren wurde Peter Cornelius geboren",Berlin
1974,169,"Einstein. Uraufgeführt an der Deutschen Staatsoper Berlin; Musik: Paul Dessau,
            Libretto: Karl Mickel, Inszenierung: Ruth Berghaus",Berlin
1974,170,"Der Intendant am Cembalo. Hans Pischner zum 60. Geburtstag",Berlin
1974,171,"Kritiken zur Saison. (1.2.)",Berlin
1974,172,"Zur didaktischen Konzeption des neuen Lehrplans für Blechblasinstrumente unter
            Berücksichtigung der Unterrichtstätigkeit: In: Forum: Musik in der DDR. Musikschule und
            Persönlichkeitsbildung",Berlin
1974,173,"""Fiktives Interview mit einer auf dem Gebiete der Musik tätigen Person"" - eine
            geeignete Methode bei Untersuchungen zur Struktur musikalischer Interessen im
            Schuljugendalter",Zwickau
1974,174,"Eine Woche ""Rote Lieder"" in Berlin. IV. Festival des politischen Liedes",Berlin
1974,175,"Politisches Lied und Volkslied in der Gesangspraxis der Arbeiterklasse: In: Forum:
            Musik in der DDR. Arbeiterklasse und Musik",Berlin
1974,176,"Arbeiterlied und Volkslied",Berlin
1974,177,"Hanns Eislers Wirken für die Einheitsfront in der internationalen revolutionären
            Musikbewegung",Berlin
1974,178,"Zur Bläserproblematik aus medizinischer Sicht unter besonderer Berücksichtigung des
            Nachwuchses: In: Forum: Musik in der DDR. Musikschule und Persönlichkeitsbildung",Berlin
1974,179,"Vorschläge und Anregungen zur gesanglichen Erarbeitung und Interpretation
            mehrstimmiger Lieder. Aufgaben und Beispiele aus dem Stoff der Klassen 5 bis 8. (1.2.) -
            In",Berlin
1974,180,"Zur Verwendung der Blasharmonika im Musikunterricht der unteren Klassen",Berlin
1974,181,"Eine Oper gegen Rassismus. Zur Uraufführung ""Reiter der Nacht"" von Ernst Hermann
            Meyer und Günther Deicke an der Deutschen Staatsoper Berlin",Berlin
1974,182,"Ich lebe gern. Zur Uraufführung ""Einstein"" von Dessau/Mickel",Berlin
1974,183,"Im Gespräch. Musical in der Talsohle.",Berlin
1974,184,"Über ""Einstein"". Gespräch mit einem Lehrlingskollektiv des Werks für
            Fernsehelektronik Berlin",Berlin
1974,185,"Sorgen mit der Durchschnittlichkeit. Marginalien zur Musiktheater-Saison
            73/74",Berlin
1974,186,"Mitunter gar nicht heiter. Zwei DDR-Stücke mit Musik in vier Inszenierungen",Berlin
1974,187,"Paul Dessau zum 80. Geburtstag",Berlin
1974,188,") Moskau, Leningrad, Odessa. Ein Gespräch mit Fritz Steiner über die Praxis des
            heiteren Musiktheaters in der Sowjetunion",Berlin
1974,189,"Wesen und Werk Bedrich Smetanas. Zum 150. Geburtstag des Komponisten",Berlin
1974,190,"Paul Rahner u. Eckard Paul: Erfahrungen im Liedschaffen für die X.
            Weltfestspiele",Leipzig
1974,191,"Blas lebt. Zur Uraufführung ""Fiesta"" von Robert Hanell in Weimar",Berlin
1974,192,"Das Kunstwerk als Ausgangspunkt der Kunstwirkung und Instrument der
            künstlerisch-ästhetischen Erziehung: In: Ästhetische Erziehung und sozialistische
            Universität",Jena
1974,193,"Ästhetische Ansprüche der Arbeiterklasse und sozialistische Musikentwicklung: In:
            Arbeiterklasse und kulturelles Lebensniveau",Berlin
1974,194,"Kunst und sozialistische Bewußtseinsbildung. [Kap. 2.]",Berlin
1974,195,"Werkanalyse - eine neue Disziplin im Studienprogramm Musikerziehung",Zwickau
1974,196,"Die Widerspiegelung antikommunistischer Grundpositionen im Musikschulunterricht der
            B[undes] R[epublik] D[eutschland.]",Leipzig
1974,197,"Neue Werke unserer Komponisten. Nikolai Badinski: Konzert für Violine und
            Orchester",Berlin
1974,198,"Georg Philipp Telemann und seine Interpreten Margaretha Susanna und Johann Kayser:
            In: Telemann-Renaissance. Werk und Wiedergabe",Magdeburg
1974,199,"Zur Vorstellung von musikalischer Tradition am Beginn unseres Jahrhunderts: In:
            Deutsches Jahrbuch der Musikwissenschaft, für 1972. Jg 17",Leipzig
1974,200,"Bericht: Mendelssohn-Kolloquium in Leipzig",Berlin
1974,201,"Die Schulung des gesanglichen Ausdrucksvermögens als bildende und erziehende Aufgabe
            des Singens in der Schule. (1.2.)",Berlin
1974,202,"Unsere Musik - Bestandteil der sich ändernden Wirklichkeit",Berlin
1974,203,"Schallplattenmosaik: Eisler-Edition auf Nova",Berlin
1974,204,"Neue Werke unserer Komponisten. Jean Kurt Forest: Violinkonzert",Berlin
1974,205,"Brandenburger Erfahrungen in der Musiktheaterarbeit für Kinder: In: Zur
            Musiktheaterarbeit für junge Zuschauer",Berlin
1974,206,"Materialien der Musikkonferenz des Bezirkes Halle vom 17. April 1974 im Klubhaus des
            VEB Leuna-Werke ""Walter Ulbricht""",Halle
1974,207,"Historischer Materialstand. Zu Hanns Eislers Konzeption einer Dialektik der Musik:
            In: Deutsches Jahrbuch der Musikwissenschaft für 1972. Jg 17",Leipzig
1974,208,"Über die musikalische Integration des Dokumentarischen",Berlin
1974,209,"Hanns Eisler - Septett Nr. 2 ""Zirkus"", Nonett Nr. 1 (Variationen), Nonett Nr. 2
            (Suite). (Taschentext)",Berlin
1974,210,"Hanns Eisler - Frühe Kammermusik. Scherzo für Streichtrio. Bläserdivertimento op. 4,
            Streichduo op. 7, Sechs Lieder op. 2, Palmström op. 5, Zeitungsausschnitte op. 11.
            (Taschentext)",Berlin
1974,211,"Hanns Eisler - Kammermusik aus dem Exil. Präludium und Fuge über B-A-C-H, Sonate für
            Flöte, Oboe und Harfe, Violinsonate (""Die Reisesonate""), Streichquartett 1937, ""Vierzehn
            Arten den Regen zu beschreiben"". (Taschentext)",Berlin
1974,212,"Jurja Pilkowe zawostajenstwo w Serbskim kulturnym archiwje (Nachlaß von Jurij Filk im
            sorbischen Kulturarchiv, sorb.)",Bautzen
1974,213,"Zur Entwicklung des Musikschaffens in unserer Republik",Berlin
1974,214,"""... daß unserer Sache die Zukunft gehört"". Gedanken zum 25jährigen Bestehen der
            DDR",Berlin
1974,215,"Gedanken zu Heinrich Schütz' musikgeschichtlicher Rolle. Vortr. auf d. Wiss.
            Konferenz über Heinrich Schütz und seine Zeit am 6. Nov. 1972 in Dresden",Berlin
1974,216,"Die Verwirklichung der ästhetischen Erziehung im Musikunterricht der sozialistischen
            Schule: In: Forum: Musik in der DDR. Musikschule und Persönlichkeitsbildung",Berlin
1974,217,"A zenei nevelés léléktani alapjai (Psychologische Grundlagen der Musikerziehung,
            Ungar.)",Budapest
1974,218,"On physical and psychological acceleration. Effects on the musical development during
            childhood and adolescence (Über physische und psychische Akzeleration. Die Auswirkungen
            auf die musikalische Entwicklung im Kindes- und Jugendalter, engl.) - In: New patterns
            of musical behaviour of the young generation in industrial societies. Ed.: Irmgard
            Bontinck",Wien
1974,219,"The Optimum development of musical abilities in the first years of life (Die optimale
            Entwicklung musikalischer Fähigkeiten in den ersten Lebensjahren, engl.)",London
1974,220,"Ergebnisse musikpsychologischer Forschungen über die Bedeutung der zeitgenössischen
            Musik für die Musikerziehung im Vorschulalter und jüngeren Schulalter",Brno
1974,221,"Grundfragen der musikalischen Begabungsdiagnostik. (1.2.)",Berlin
1974,222,"Gedanken zu Problemen der Entwicklung der Musikerziehung in der DDR in den 25 Jahren
            ihres Bestehens",Berlin
1974,223,"X. Internationaler ISME-Kongreß in Australien",Berlin
1974,224,"Untersuchungen zur Weltanschauung von Anton Günther, dargestellt an seinen Liedtexten
            und Gedichten",Zwickau
1974,225,"Vom Hoppelrei zum Beat. Tanzimpressionen aus zwei Jahrtausenden",Berlin
1974,226,"Was ist nun eigentlich Beat",Leipzig
1974,227,"Musikerziehung - ars et scientia. Zur Wiederkehr des 10. Todestages von Prof. Dr.
            Fritz Reuter",Zwickau
1974,228,"Zum Beitrag des Faches Musik der allgemeinbildenden polytechnischen Oberschule bei
            der sozialistischen Persönlichkeitsbildung",Zwickau
1974,229,"""... die Zeit, die wir begannen einzuleiten"". Betrachtungen zum Schaffen Günter
            Kochans und zu seiner III. Sinfonie",Berlin
1974,230,"V. Kongreß der sowjetischen Komponisten in Moskau. Gespräch mit Wolfgang Lesser, 1.
            Sekretär des Verbandes der Komponisten und Musikwissenschaftler der DDR",Berlin
1974,231,"Außerordentliche Delegiertenkonferenz des Verbandes der Komponisten und
            Musikwissenschaftler der DDR. Bericht von der Diskussion",Berlin
1974,232,"Schallplattenmosaik. Lieder, Songs und Kantaten",Berlin
1974,233,"Es gibt nichts Schöneres als Freude zu bereiten. Guido Masanetz zum 60.
            Geburtstag",Berlin
1974,234,"Als Mensch und Musiker unvergessen. Zum Tode von David Oistrach",Berlin
1974,235,"Musikbühne 74. Probleme und Informationen",Berlin
1974,236,"Musiktheater für Kinder und Jugendliche. Hinweise auf geeignete Werke.",Berlin
1974,237,"Zur Musiktheaterarbeit für junge Zuschauer. Erfahrungen und Werkempfehlungen",Berlin
1974,238,"Macht des Gesanges. Zu Vorführungen der schwedischen Gruppe ""Sangens Makt""",Berlin
1974,239,"Mass media - new ways of approach to music and new patterns of musical behaviour.
            (Massenmedien und neue Zugangs- und Verhaltensweisen zur Musik, engl.) -In: New patterns
            of musical behaviour of the young generation in industrial societies. Ed.: Irmgard
            Bontinck",Wien
1974,240,"""... nikoliv konec. Pohled do budoucna ..."" (Poznámky k dvéma poslednim symfoniim D.
            Šostakoviče) [""... keinesfalls das Ende. Blick in die Zukunft..."" (Bemerkungen zu den
            zwei letzten Sinfonien Schostakowitschs), tschech.]",Brno
1974,241,"Methodische Aspekte der Vermittlung kulturpolitischer Einsichten im Rahmen
            musikalischer Werkbetrachtungen. (1.2.)",Berlin
1974,242,"Opernschaffen der D[eutschen] D[emokratischen] R[epublik] im Gespräch.
            Entwicklungstendenzen 1949-1974 im überblick. Aus Kolloquium zu ""Levins Mühle"" und
            ""Einstein"".",Berlin
1974,243,"Die unveröffentlichte Riemann-Festschrift 1919 (UB Leipzig Bod. Ms O 1080).
            Bibliographische Erschließung",Berlin
1974,244,"Spielpläne und Repertoire an den Musikbühnen der DDR",Berlin
1974,245,"Musiktheater. Hans J. Wenzels Oper ""Geschichten vom alten Adam""",Berlin
1974,246,"Maßvolles Vergnügen. Zur Uraufführung ""Man liest kein fremdes Tagebuch"" am
            Metropoltheater",Berlin
1974,247,"""PLX"" - Nachtrag: Politkunst aus der B[undes] R[epublik] D[eutschland.]",Leipzig
1974,248,"Die Oper und ihr Zeitgenosse: In: Musikbühne 74",Berlin
1974,249,"Das Ideal einer anderen Welt. Zum Entwurf einer Einstein-Oper von Paul Dessau aus dem
            Jahre 1955",Berlin
1974,250,"Einstein von Paul Dessau",Leipzig
1974,250,"Einstein von Paul Dessau",Frankfurt/Oder
1974,251,"Notizen zu Gesprächen mit Paul Dessau",Berlin
1974,252,"Fritz Geißler - Schöpfer Mensch. (Oratorium in 3 Teilen für Soli, Chor u. Orchester.
            Text: Günther Deicke.) (Taschentext)",Berlin
1974,253,"Erfahrungen im Liedschaffen für die X. Weltfestspiele",Leipzig
1974,254,"Vom Hoppelrei zum Beat. Tanzimpressionen aus zwei Jahrtausenden",Berlin
1974,255,"Tschaikowski, Peter Iljitsch",Leipzig
1974,256,"Klassifizierung der menschlichen Stimme",Leipzig
1974,257,"Wie weiter mit Beat und Schlager? Bemerkungen zum Profil-Problem in unserer
            Tanzmusik",Leipzig
1974,258,"Einige psychologische Aspekte des Musikhörens",Erfurt
1974,258,"Einige psychologische Aspekte des Musikhörens",Mühlhausen
1974,259,"Die Gestalt des Herakles bei Händel. (Kolloquium: Das Bild des Volkshelden bei
            Händel.) - In: Händel-Jahrbuch 1972/1973. Jg 18/19",Leipzig
1974,260,"Erfahrungen im Liedschaffen für die X. Weltfestspiele",Leipzig
1974,261,"Kunst und sozialistische Bewußtseinsbildung. [Kap. 2.]",Berlin
1974,262,"Kurt Karnauke (1866-1944) im Blickfeld der sorbischen Kulturgeschichte: In: Lertopis,
            Jahresschrift des Instituts für sorbische Volksforschung. R. C, Nr. 17",Berlin
1974,263,Ballettfibel,Berlin
1974,264,"Hanns Eisler - Lenin-Requiem, Die Teppichweber von Kujan-Bulak, Winterschlacht-Suite.
            (Taschentext)",Berlin
1974,265,"Hanns Eisler - Klingende Dokumente. 1. Das Lied, im Kampf geboren, über die Dummheit
            in der Musik, Handwerkliches Können und Höhe der Musik, über Brecht, Aus der Arbeit mit
            Interpreten. (Taschentext)",Berlin
1974,266,"Zum Wechselverhältnis von Musik und Tanz. Eine Podiumsdiskussion ergänzt durch ein
            Arbeitsgespräch über ""Wir aber nennen Liebe lebendigen Frieden""",Berlin
1974,267,"Die Aneignung des musikalischen Erbes und seine Interpretation: In: Forum: Musik in
            der DDR. Musikschule und Persönlichkeitsbildung",Berlin
1974,268,"Mary Wigman",Berlin
1974,269,"Die Musikschulen in der Deutschen Demokratischen Republik - musikalische
            Bildungsstätten junger Sozialisten: In: Forum: Musik in der DDR. Musikschule und
            Persönlichkeitsbildung",Berlin
1974,270,"Threnodiae sacrae. Beerdigungskompositionen aus gedruckten Leichenpredigten des 16.
            und 17. Jahrhunderts",Wiesbaden
1974,271,"Westhoff, Johann Paul: Sechs Suiten für Violine solo Dresden 1696. (Neudr.)",Leipzig
1974,272,"Reinhold. - Otto Reinhold (1899-1965). Werkverzeichnis",Dresden
1974,273,"Reiter der Nacht - eine Volksoper. (In der Diskussion).",Berlin
1974,274,"Das Musikfragment aus dem Euripideischen 'Orestes': In: Deutsches Jahrbuch der
            Musikwissenschaft für 1971. Jg 16",Leipzig
1974,275,"Literatur zur Geschichte des Volksliedes. (Literaturbericht)",Berlin
1974,276,"Zur Dialektik musikdramaturgischer Gestaltung. Analytische Notate zum zwölften Bild
            der Oper ""Lanzelot"" von Paul Dessau: In: Deutsches Jahrbuch der Musikwissenschaft für
            1972. Jg 17",Leipzig
1974,277,"Brecht und die Kritik. Bemerkungen zur kritischen Aneignung der Oper ""Die
            Verurteilung des Lukullus"" von Brecht/Dessau: In: Brecht 73. Brecht-Woche d. DDR 9.-15.
            Februar 1973. Dokumentation",Berlin
1974,278,"""Einstein"" - analytische Bemerkungen zur Oper von Paul Dessau",Berlin
1974,279,"Notizen zum Musical. Keine Verwischung funktioneller Grenzen",Berlin
1974,280,"Musizieren im Theater und neue Musikentwicklung: In: Musikbühne 74",Berlin
1974,281,"Notizen zur Gattung Musiktheater",Berlin
1974,282,"Gedanken zur Oper ""Der letzte Schuß"" von Siegfried Matthus",Berlin
1974,283,"Musiktheater. ""Reiter der Nacht"" - analytische Bemerkungen zur Oper von Ernst Hermann
            Meyer",Berlin
1974,284,"Neues Opernschaffen in der DDR - Versuch einer kurzen Bilanz: In: Opernschaffen der
            DDR im Gespräch",Berlin
1974,285,"Reiner Kunad - Porträtskizze eines Theatermusikers",Berlin
1974,286,"Anmerkungen zur Musik. (Zu: Lange, Wolfgang: Eine Oper gegen Rassismus. Zur
            Uraufführung ""Reiter der Nacht"" von Ernst Hermann Meyer und Günther Deicke an der
            Deutschen Staatsoper Berlin.)",Berlin
1974,287,"Das Bild des Volkshelden bei Händel. (Kolloquium: Das Bild des Volkshelden bei
            Händel.) - In: Händel-Jahrbuch 1972/1973. Jg 18/19",Leipzig
1974,288,"Unsere Beziehung zum musikalischen Erbe: In: Weimarer Tage für Musikbibliothekare
            1973",Berlin
1974,290,"Einige Probleme der Erschließung und Rezeption des musikalischen Erbes. Ein Beitrag
            zur Kulturpolitik unserer Republik im 25. Jahr ihres Bestehens",Berlin
1974,291,"Über die Fragestellung nach dem Volkshelden in Händels Opern. (Kolloquium: Das Bild
            des Volkshelden bei Händel.)",Leipzig
1974,292,"Interessante Opernszene. Bemerkungen zum Musiktheaterschaffen in der DDR",Berlin
1974,293,"Musiktheater. ""Reiter der Nacht"", Ernst Hermann Meyers erste Oper",Berlin
1974,294,"Musiktheater. In Berlin: Paul Dessaus Oper ""Einstein"" uraufgeführt",Berlin
1974,295,"""Musik machen heißt, zu vielen Leuten sprechen"". Erinnerung an den Komponisten Leo
            Spies",Berlin
1974,296,"Zum Tode Johanna Rudolphs. In",Berlin
1974,297,"Kunst im Klassenkampf. Zum 50. Geburtstag Luigi Nonos",Berlin
1974,298,"Arnold Schönberg heute. Zum 100. Geburtstag des Komponisten",Berlin
1974,299,"Der unbequeme Amerikaner. Zum 100. Geburtstag von Charles Ives",Berlin
1974,300,"Manfred Schubert - Klarinettenkonzert &lt;1971&gt;; Wolfgang Strauss - 1.
            Sinfonie. (Taschentext)",Berlin
1974,301,"Pantscho Wladigerow 75",Berlin
1974,302,"Zum Problem der Werkbesprechung im Instrumentalunterricht. Ein Gespräch über Johann
            Sebastian Bachs Partita E-Dur für Violine solo BWV 1006: In: Forum: Musik in der DDR.
            Musikschule und Persönlichkeitsbildung",Berlin
1974,303,"Notizen zu 'Moses und Aron'. Zum 100. Geburtstag Arnold Schönbergs: In: Musikbühne
            74",Berlin
1974,304,"Literarische Einflüsse auf Robert Schumanns ästhetische Anschauungen: In: Deutsches
            Jahrbuch der Musikwissenschaft für 1972. Jg 17",Leipzig
1974,305,"Die Analyse. ""Der zerbrochene Krug"", Oper von Fritz Geißler",Berlin
1974,306,"Die Analyse. Sinfonie für Orchester von Friedrich Goldmann",Berlin
1974,307,"Neue Werke unserer Komponisten. Rainer Bredemeyer: Serenade 3 für H[anns]
            E[isler]",Berlin
1974,308,"Klassisch geschulte Schreibweise. Gestaltungsaspekte im musikdramatischen Schaffen
            von Conny Odd",Berlin
1974,309,"Die Analyse. 7. Sinfonie von Fritz Geißler",Berlin
1974,310,"Zum Verhältnis von Programmatik, Dramaturgie und Gestalt bei der Analyse
            nicht-wortgebundener Musik. Dargestellt am Beispiel der 7. Sinfonie von Fritz
            Geißler",Berlin
1974,311,"Betrachtungen zu Paul Dessaus Orchestermusik Nr. 4",Berlin
1974,312,"Arbeitsgemeinschaften nach Rahmenprogramm - ein Schritt zu größerer Flexibilität der
            Oberstufe, Aus der Arbeit einer AG an der POS ""Geschwister Scholl"" Meuselwitz",Berlin
1974,313,"Schaffenspsychologische Untersuchungen zur instrumentalen Improvisation",Berlin
1974,314,"Gesellschaftlicher Auftrag, Experiment und Neuerertum im Schaffen des Künstlers.
            Psychologische Aspekte",Berlin
1974,315,"Bemerkungen zum Volkslied im Unterricht. (1.2.)",Berlin
1974,316,"Zur Weiterbildung der Lehrer im Fach Musik auf der Grundlage des neuen Programms ab
            Schuljahr 1973",Berlin
1974,317,"Zur musikalischen Bildung und Erziehung der Arbeiterjugend: In: Forum: Musik in der
            DDR",Berlin
1974,318,"Neue Werke unserer Komponisten. Rudolf Wagner-Régeny: Drei Fontane-Lieder",Berlin
1974,319,"Vom Hoppelrei zum Beat. Tanzimpressionen aus zwei Jahrtausenden",Berlin
1974,320,"Zur Musikentwicklung in der DDR und Fragen der kulturell-ästhetischen Bildung und
            Erziehung der Jugend: In: Weimarer Tage für Musikbibliothekare 1973",Berlin
1974,321,"Geschichte und Gegenwart der Musikpflege in Frankfurt (Oder): In: Bachfest - 49.
            Bachfest der Neuen Bachgesellschaft Frankfurt (Oder) 1974 (Festheft)",Leipzig
1974,322,"Neue Musik für Kinder: In: Forum: Musik in der DDR. Musikschule und
            Persönlichkeitsbildung",Berlin
1974,323,"Schweriner Erfahrungen in der Musiktheaterarbeit für junge Zuschauer: In:
            Musiktheaterarbeit für junge Zuschauer",Berlin
1974,324,"Neue Werke unserer Komponisten. Fred Lohse: Chorzyklus",Berlin
1974,325,"Musikstadt Berlin",Leipzig
1974,326,"Figaro und Tamino. Ein Vorwort: In: Musikbühne 74",Berlin
1974,327,"Die Samson-Gestalt bei Milton und Händel. (Kolloquium: Das Bild des Volkshelden bei
            Händel.) - In: Händel-Jahrbuch 1972/1973. Jg 18/19",Leipzig
1974,328,"Die musikalische Charakterisierung des Volkshelden bei Händel. (Kolloquium: Das Bild
            des Volkshelden bei Händel.) - In: Händel-Jahrbuch 1972/1973. Jg 18/19",Leipzig
1974,329,"Prinzipien einer musikalischen Klassikerausgabe am Beispiel Georg Friedrich Händels.
            (Kolloquium: Editionsfragen bei Händel.)-In: Händel-Jahrbuch 1972/1973. Jg 18/19",Leipzig
1974,330,"Musik und Klassenkampf",Halle
1974,331,"Das musikalische Erbe in der sozialistischen Gesellschaft. Ausgewählte Studien zu
            Problemen der Interpretation und Wirkung",Halle
1974,332,"Überblick über die europäische Musikentwicklung des 19. Jahrhunderts. (Als Ms. gedr.)
            - Halle",Halle
1974,333,"Referat: In: Materialien der Musikkonferenz des Bezirkes Halle vom 17. April 1974 im
            Klubhaus des VEB Leuna-Werke ""Walter Ulbricht""",Halle
1974,334,"Gedanken zur Telemann-Forschung und Telemann-Pflege: In: Telemann-Renaissance. Werk
            und Wiedergabe",Magdeburg
1974,335,"Klopstock-Vertonungen: In: Klopstock",Quedlinburg
1974,336,"Rechenschaftsbericht vor der Mitgliederversammlung der
            Georg-Friedrich-Händel-Gesellschaft (12. Juni 1971): In: Händel-Jahrbuch 1972/1973. Jg
            18/19",Leipzig
1974,337,"Große Musik vor hundert Jahren. (Wagner - Verdi - Brahms - Tschaikowski.) Funktion,
            Aussage, Weiterwirkung",Berlin
1974,338,"Der alte Mann und der Strom. Zur Uraufführung einer Oper in Halle: ""Die Geschichte
            vom alten Adam"" (Wenzel/Rähmer)",Berlin
1974,339,"Neue Werke unserer Komponisten. Hans-Jürgen Wenzel: Violinkonzert",Berlin
1974,340,"XI. Musiktage in Halle",Berlin
1974,341,"Paul Dessau - In memoriam Bertolt Brecht (1957); Bachvariationen (1963).
            (Taschentext)",Berlin
1974,342,"Lieder und Leute in Arbeit",Leipzig
1974,343,"Rote Lieder. Zum 4. Festival des politischen Liedes",Leipzig
1974,344,"Begegnung mit Ernst Busch",Leipzig
1974,345,"Ein Opernhaus und seine Gattung. Aus der Geschichte der Opéra-Comique in Paris: In:
            Musikbühne 74",Berlin
1974,346,"Walter Felsenstein über Musiktheater. Ausw., Zsstellg u. Einl. v. Stephan
            Stompor",Berlin
1974,347,"Joachim Herz über Musiktheater. Ausw., Zsstellg u. Einl. von Stephan Stompor",Berlin
1974,348,"Die Deutsche Sinfonie von Hanns Eisler im Musikunterricht",Berlin
1974,349,"Telemann-Renaissance. Werk und Wiedergabe. Bericht über d. Wiss. Arbeitstagung aus
            Anlaß d. 20. Jahrestages d. Telemann-Kammerorch. Blankenburg/Harz.",Magdeburg
1974,350,"Zum 5o. Todestag Ferruccio Busonis. Gedanken zu einer Begegnung des Komponisten mit
            Arnold Schönberg in unveröffentlichten Briefen",Berlin
1974,351,"Probleme der Fernsehfilmmusik",Berlin
1974,352,"Wie hört man Musik im Film",Berlin
1974,353,"Musik in Film und Hörspiel",Berlin
1974,354,"Neue Unterrichtsmittel für Musik",Berlin
1974,355,"Das Tonalitätsproblem in Hindemiths ""Unterweisung""",Berlin
1974,356,"Die Oboe d'amore in Telemanns Werken: In: Telemann-Renaissance. Werk und
            Wiedergabe",Magdeburg
1974,357,"Arbeitergesang - Arbeitermusik. Traditionen der Arbeiterchöre und der Arbeitermusik
            im Bezirk Erfurt",Weimar
1974,358,"Orchesterarbeit in den Musikschulen: In: Forum: Musik in der DDR. Musikschule und
            Persönlichkeitsbildung",Berlin
1974,359,"Neues Jugendgesetz und musikalische Bildung",Berlin
1974,360,"Zur musikalischen Bildung und Erziehung der Arbeiterjugend: In: Forum: Musik in der
            DDR. Arbeiterklasse und Musik",Berlin
1974,361,"Traditionslinien. Ein Beitrag zur DDR-Musikgeschichte.",Berlin
1974,362,"Ur- und Erstaufführungen an den Bühnen der DDR ab Spielzeit 1972/73.
            (Verzeichnis).",Berlin
1974,363,"Probleme des sozialistischen Realismus in der Musikentwicklung der Deutschen
            Demokratischen Republik",Greifswald
1974,364,"Mendelssohns Traditionsbewußtsein und dessen Widerschein im Werk: In: Deutsches
            Jahrbuch der Musikwissenschaft für 1971. Jg 16",Leipzig
1974,365,"Zum musikalischen Urteils- und Wertungsvermögen von Kindern und Jugendlichen.
            Ergebnis einer Aufsatzanalyse",Zwickau
1974,366,"Weimarer Tage für Musikbibliothekare, 8. bis 12. Oktober 1973. Berichte.
            Referate",Berlin
1974,367,"Zur Klavieretüde als Mittel spieltechnischer Ausbildung unter dem Aspekt eines
            einheitlichen Er-ziehungs- und Bildungsprozesses: In: Forum: Musik in der DDR.
            Musikschule und Persönlichkeitsbildung",Berlin
1974,368,"Neue Werke unserer Komponisten. Wilhelm Neef: Violinkonzert",Berlin
1974,369,"Neue Werke unserer Komponisten. Dieter Nowka: Sonate V",Berlin
1974,370,"Festrede: In: Telemann-Renaissance. Werk und Wiedergabe",Magdeburg
1974,371,"Zur Gestaltung des Volkshelden in der Literatur des 18. Jahrhunderts. (Kolloquium:
            Das Bild des Volkshelden bei Händel.) - In: Händel-Jahrbuch 1972/1973. Jg 18/19",Leipzig
1974,372,"Das Bühnenbild um die Mitte des 19. Jahrhunderts: In: Festschrift für Herbert A.
            Frenzel. Bühnenformen - Bühnendekorationen",Berlin
1974,373,"Die italienische Buffo-Oper in der zweiten Hälfte des 18. Jahrhunderts: In: Oper
            1974. Chronik und Bilanz des Opernjahres",Velber
1974,373,"Die italienische Buffo-Oper in der zweiten Hälfte des 18. Jahrhunderts: In: Oper
            1974. Chronik und Bilanz des Opernjahres",Hannover
1974,374,"Ovids Metamorphosen und die frühe Oper: In: Festschrift für Federico Ghisi, Bd
            2",Bologna
1974,375,"Einige Probleme der Herausbildung sozialistischer Überzeugung im Fach Musik",Greifswald
1974,376,"Unterrichtshilfen Musik 7. und 8. Klasse",Berlin
1974,377,"Zu einigen Fragen der Wechselbeziehung der Künste.",Greifswald
1974,378,"Zum ersten Mal: DDR-Musiktage in Berlin.",Berlin
1974,379,"Zum 25. Geburtstag unserer Republik. Erinnerungen und Erlebnisberichte",Berlin
1974,"N 1","Die Ludwig van Beethoven Gesamtausgabe 1970-1977 der Deutschen Demokratischen
            Republik. Hauptkonzeption, Untersuchungen und Studien",Halle
1974,"N 2","Die Meininger Hof- und Landeskapelle in den Jahren 1880 bis 1945",Halle
1974,"N 3","Fortschritt und Reaktion in der deutschen Musikerziehung der ersten Hälfte des 19.
            Jahrhunderts",Halle
1974,"N 4","Das c-Moll-Trio BWV 585 - eine Orgeltranskription Johann Sebastian Bachs?",Leipzig
1974,"F 1","Die Theaterzettelsammlungen in der D[eutschen] D[emokratischen] R[epublik] und ihre
            Bedeutung für die Musikgeschichte. (Mit e. Katalog d. Theaterzettelsammlungen in der
            DDR.)",Rostock
1974,"F 2","Die Bühnenmusik Hanns Eislers zu Stücken von Bertolt Brecht",Berlin
1974,"F 3","Das Finalproblem im Opernschaffen der DDR",Halle
1974,"F 4","Die Bühnenwerke G. F. Händels. Quellenstudien und Thematisches Verzeichnis",Halle
1974,"F 5","Thematisch-systematisches Verzeichnis der Werke Georg Friedrich Händels. [Bd 2.]
            Oratorische Werke, vokale Kammermusik, Kirchenmusik, [Bd 3.] Instrumentalmusik",Halle
1974,"F 6","Traditionen der Bläser-Kammermusik und ihre Funktion im Gegenwartsschaffen der
            DDR",Halle
1974,"F 7","Händels Krönungs-Anthems",Halle
1974,"F 8","Die Bedeutung des Davidsbündlerkreises für die Musikanschauung und die
            Musikgeschichte des 19. Jahrhunderts",Berlin
1974,"F 9","Struktur und Wirkung des Instrumentalkonzertes in der DDR 1945 bis 1969",Greifswald
1974,"F 10","Theoretische und praktische Aspekte bei der Konzeption und Produktion einer neuen
            Fassung des ""Musikalischen Opfers"" (BWV 1079) von J. S. Bach",Rostock
1974,"F 11","Veranschaulichung musikgeschichtlicher Prozesse im Unterricht der POS (am Beispiel
            der deutschen Musik des 18. Jahrhunderts)",Halle
1974,"F 12","Studien zur Persönlichkeit und zum Schaffen Clara Schumanns",Halle
1974,"F 13","Das Lebenswerk Max Buttings",Berlin
1974,"F 14","Das Zusammenwirken der künstlerisch-ästhetischen Fächer bei der Erziehung
            sozialistischer Persönlichkeiten. (Arbeitstitel)",Berlin
1974,"F 15","Methodik der Musikerziehung",Berlin
1974,"F 16","Verfahren der Wissensaneignung im Musikunterricht mit Jugendlichen der EOS (5.-10.
            Klasse, einschließlich EOS mit Musikspezialklassen)",Halle
1974,"F 17","Das Violinkonzert der DDR zwischen 1950 und 1970. Versuch einer
            Entwicklungsdarstellung",Halle
1974,"F 18","Katalog der Musikhandschriften des 17. und 18. Jahrhunderts in der
            Universitätsbibliothek Rostock",Rostock
1974,"F 19","Orgel-Inventar des Denkmalbezirkes Erfurt",Erfurt
1974,"F 20","Orgel-Inventar des Denkmalbezirkes Dresden",Dresden
1974,"F 21","Untersuchungen zum bürgerlichen Mendelssohnbild und den kulturellen und
            gesellschaftlichen Beziehungsqualitäten Mendelssohns. Ein Beitrag zum marxistischen
            Mendelssohnbild",Halle
1974,"F 22","Systematische Lenkung und Gestaltung des Unterrichtsprozesses an der Spezialschule
            für Musik in Dresden",Halle
1974,"F 23","Studien über die Musikerfamilie Hertel in Mecklenburg, insbesondere über Johann
            Wilhelm Hertel",Rostock
1974,"F 24","Gesellschaftliches Auftragswesen auf dem Gebiete der Musik in der DDR",Halle
1974,"F 25","Akustische Untersuchungen der Vibration bei Gesangsstimmen und ihre Bedeutung für den
            Informationswert beim Musikhören",Halle
1974,"F 26","Zur politischideologischen Bedeutung des gesellschaftlichen Auftragswesens im Bezirk
            Dresden",Halloe
1974,"F 27","Dokumentation zur Geschichte der deutschen Arbeitersängerbewegung",Berlin
1974,"F 28","Beiträge zur Musikgeschichte der Stadt Dessau (ca. 1770-1900)",Halle
1974,"F 29",Bach-Forschung,Rostock
1974,"F 30",Vivaldi-Forschung,Rostock
1974,"F 31","Mecklenburgische Regional-Musikgeschichtsforschung",Rostock
1974,"F 32","Die Bedeutung der Qualitätserhöhung einer der sozialistischen Lebensweise eigenen
            Tanzmusik für die ideologisch-ästhetische Erziehung der Schuljugend.
            (Arbeitsthema)",Potsdam
1974,"F 33","Systematische Lenkung und Gestaltung des Unterrichtsprozesses an der Spezialschule
            für Musik in Dresden",Halle
1974,"F 34","Die Einbeziehung der Musik bei der Arbeit mit stimm- und sprachgestörten Kindern im
            Alter von 6 bis 10 Jahren",Halle
1974,"F 35","Studien zum Musikleben der Römer",Halle
1974,"F 36","Die Sonatensatzform im Schaffen Béla Bartóks",Rostock
1974,"F 37","Das progressive musikpädagogische Erbe Richard Kadens (1856-1923) und die daraus
            entspringenden Traditionslinien zur sozialistischen Musikerziehung",Halle
1974,"F 38","Untersuchungen zur ideellen Programmatik in der Sinfonik von Dmitri
            Schostakowitsch",Halle
1974,"F 39","Klassifikationsprobleme der Musik unter spezifischer Berücksichtigung der Gattung
            ""Marsch""",Berlin
1974,"F 40","Die Ausbildung von Lehrern für den Unterricht im Fach Gesang/Musik an
            allgemeinbildenden Schulen von 1900 bis 1945 in Deutschland und seit 1949 in der
            Deutschen Demokratischen Republik",Halle
1974,"F 41","Das Cembalo in der Musik des 20. Jahrhunderts",Rostock
1974,"F 42","Entwicklung der Vokalsinfonik in der DDR im Zeitraum von 1958-65",Berlin
1974,F43,"Fritz Reuter - seine Entwicklung vom bürgerlichen Kapellmeister, Komponisten und
            Musikwissenschaftler zum Wegbereiter für eine sozialistische Schulmusikpädagogik",Halle
1974,"F 44","Georg Trexler - Leben und Werk",Halle
1974,"F 45","Untersuchungen zur Tanzmusik in der Deutschen Demokratischen Republik: Werttheorie
            und Praxismodell",Berlin
1974,"F 46","Der Schützschüler David Pohle (1624-1695). Seine Bedeutung für die Musikgeschichte
            des 17. Jahrhunderts",Halle
1974,"F 47","Die Programatik im Schaffen von Claude Debussy",Halle
1974,"F 48","Untersuchungen zum bürgerlichen Mendelssohnbild und den kulturellen und
            gesellschaftlichen Beziehungsqualitäten Mendelssohns. Ein Beitrag zum marxistischen
            Mendelssohnbild",Halle
1974,"F 49","Die Stellung der Blockflöte im Musikleben des 20. Jahrhunderts",Halle
1974,"F 50","Dialektische Methoden der musikalischen Inhalts-Erforschung (Syntaktisch-semantische
            Struktur-Untersuchungen)",Berlin
1974,"F 51","Konzeptionelle Strukturuntersuchungen an einigen Werken Beethovens",Berlin
1974,"F 52","Grundgedanken zur ökonomischen Gestaltung Zeitgemäßer Konzertorgeln und Richtlinien
            für die Bauweise der gemischten Register",Rostock
1974,"F 53","Zur Wirkungsgeschichte des ""Rings der Nibelungen"" von Richard Wagner",Jena
1974,"F 54","Das deutsche Lied des 19. Jahrhunderts und seine heutige Rezeption",Halle
1974,"F 55","Untersuchungen zur Entwicklung der Sinnebene musikalischer Verläufe in der Musik des
            13. bis 16. Jahrhunderts",Leipzig
1974,"F 56","Probleme der Musik im Spielfilm der DDR",Halle
1974,"F 57","Traditionen und Stationen der Musikdramaturgie, aufgezeigt anhand markanter
            progressiver Dokumente in der fünfundzwanzigjährigen Entwicklung des
            DEFA-Spielfilms",Berlin
1974,"F 57","Traditionen und Stationen der Musikdramaturgie, aufgezeigt anhand markanter
            progressiver Dokumente in der fünfundzwanzigjährigen Entwicklung des
            DEFA-Spielfilms",Potsdam
1974,"F 58","Der Einfluß der Technik auf die Entwicklung der Tanz- und Unterhaltungsmusik",Berlin
1974,"F 59","Untersuchungen zur Funktion Béla Bartóks Musik für Saiteninstrumente, Schlagzeug und
            Celesta",Berlin
1974,"F 60","Untersuchungen zur Höraufgabenstellung im Musikunterricht",Berlin
1974,"F 61","Das Bach-Bild in den westdeutschen Musiklehrbüchern der Schulen",Leipzig
1974,"F 62","Zur politisch-ideologischen Bedeutung des gesellschaftlichen Auftragswesens im Bezirk
            Dresden",Halle
1974,"F 63","Probleme des sozialistischen Realismus im Instrumentalschaffen der DDR",Halle
1974,"F 64","Überlegungen zur Bedeutung der Musikgeschichte, zu ihrer Rolle und ihrem Anteil im
            Rahmen der musischen Erziehung, dargestellt am Lehrplanwerk der Klassen 5-10 für das
            Fach Musik",Halle
1974,"F 65","Studien zur Überlieferung und Rezeption der Klaviermusik J. S. Bachs in der zweiten
            Hälfte des 18. Jahrhunderts",Rostock
1974,"F 66","Mecklenburgische Regional-Musikgeschichtsforschung",Rostock
1974,"F 67","Beiträge zum historischen Cembalobau",Leipzig
1974,"F 68","Zur Dialektik in Liedern von Hanns Eisler",Halle
1974,"F 69","Der Beitrag von J. R. Bechers Lyrik zum sozialistisch-realistischen Vokalschaffen in
            der DDR, nachgewiesen am Genre des klavierbegleiteten Sololiedes (1945-1961/62)",Greifswald
1974,"F 70","Katalog der Musikhandschriften des 17. und 18. Jahrhunderts in der
            Universitätsbibliothek Rostock",Rostock
1974,"F 71","Beiträge zur Musikgeschichte Magdeburgs im 19. Jahrhundert",Halle
1974,"F 72","Spezifika des Musikerlebnisses in ihrer Bedeutung für die Entwicklung sozialistischer
            Persönlichkeiten und Kollektive",Dresden
1974,"F 73","Die Bedeutung der Violinetüde für die Entwicklung der technischen Fähigkeiten und
            Fertigkeiten im Geigenspiel",Halle
1974,"F 74","Die Ludwig van Beethoven Gesamtausgabe 1970-1977 der Deutschen Demokratischen
            Republik. Hauptkonzeption, Untersuchungen und Studien",Halle
1974,"F 75","Talentsuche auf musikalischem Gebiete",Halle
1974,"F 76","Musikgeschichte von Glauchau",Berlin
1974,"F 77","Musik im klassischen und nachklassischen Weimar. Zur Entwicklung des Weimarer
            Musiklebens 1756-1920",Halle
1974,"F 78","Das Chorschaffen Hanns Eislers",Halle
1974,"F 79","Untersuchungen zur Geschichte der Variation seit Beethoven",Halle
1974,"F 80","150 Jahre Chorwesen in Erfurt",Halle
1974,"F 81","Die Spezifik der Ballettmusik",Rostock
1974,"F 82","Gottfried August Homilius und die evangelische Kirchenmusik Dresdens im 18.
            Jahrhundert",Halle
1974,"F 83","Untersuchungen zur Geschichte der Variation seit Beethoven",Halle
1974,"F 84","Johann Cilenšek - Leben und sinfonisches Werk. (Arbeitstitel)",Halle
1974,"F 85","Idealbildung durch Musik als ein Faktor bei der Herausbildung der Persönlichkeit im
            Pubertätsalter",Leipzig
1974,"F 86","Sinfonisches Schaffen in der DDR",Leipzig
1974,"F 87","Werkstruktur und Menschenbild in den Sinfonien von Fritz Geißler, Untersuchungen zum
            Realismus-Problem in der Instrumentalmusik",Jena
1974,"F 88","Die Kategorie ""Zeit"" im Musikdenken der Gegenwart",Halle
1974,"F 89","Die Kompositionstechnik Witold Lutoslawskis",Jena
1974,"F 90","Musikhören als Unterrichtsgegenstand",Halle
1974,"F 91","Untersuchungen Zur Bachpflege als Anliegen der sozialistischen Musikerziehung",Halle
1974,"F 92","Heinrich Schütz und der frühbürgerliche Realismus im deutschen Musikschaffen -
            Anmerkungen zum Persönlichkeitsbild des Komponisten und zur Entwicklung seines
            Gesamtschaffens",Halle
1974,"F 93","Musikpflege der Stadt Jena von 1750 bis zur Gegenwart",Jena
1974,"F 94","Die Bedeutung der Klavierimprovisation in der Musikerziehung der DDR. Ein Beitrag zur
            schöpferischen Gestaltung des Musikunterrichts und zur Entwicklung sozialistischer
            Erziehungspersönlichkeiten",Greifswald
1974,"F 95","Beiträge zur Operngeschichte der DDR in den fünfziger Jahren. (Arbeitstitel)",Berlin
1974,"F 96","Martin Opitz und Heinrich Schütz",Halle
1974,"F 97","Der Musikfilm und seine Rezeptionsprobleme",Halle
1974,"F 98","Möglichkeiten und Aufgaben des Frauenchores innerhalb der sozialistischen
            Chorbewegung",Halle
1974,"F 99","Studien zum Schaffen Rostocker Musiker des 17. Jahrhunderts, insbesonderer Daniel
            Fridericis",Rostock
1974,"F 100","Untersuchungen über den ästhetischen Gehalt instrumentaler Musikwerke und seinen
            potentiellen Beitrag zur Formung sozialistischer Persönlichkeiten",Leipzig
1974,"F 101","Zur Funktion der Bühnen- und Schauspielmusik der DDR unter besonderer
            Berücksichtigung der Kompositionen am Berliner Ensemble",Berlin
1974,"F 102","Die Entwicklung der Balginstrumente und ihre Stellung in der Gesellschaft von den
            Anfängen bis zum Ende des 2. Weltkrieges",Greifswald
1974,"F 103","Untersuchungen zur Intonation im Streichquartettspiel.",Halle
1974,"F 104","Georg Philipp Telemanns Hamburger Kapitänsmusiken",Halle
1974,"F 105","Werner Hübschmann. Ein Komponistenportrait",Halle
1974,"F 106","Die Beziehungen zwischen französischer Operette und deutschem Singspiel
            1750-1780",Berlin
1974,"F 107","Untersuchungen zu den Entwicklungstendenzen des Suitenschaffens in der DDR und seiner
            Funktion im Bereich der Musikerziehung. (Arbeitstitel)",Greifswald
1974,"F 108","Die Tanzmusik als musikwissenschaftlicher Forschungsgegenstand in der DDR",Halle
1974,"F 109","Robert Schumanns Entwicklung in seinem Liedschaffen",Rostock
1974,"F 110","Max Reger - Künstler und Gesellschaft",Halle
1974,"F 111","Das Musikhören als Bestandteil desMusikunterrichts der allgemeinbildenden Schule in
            Geschichte und Gegenwart. Ein theoretisch-historischer Beitrag zur Niveaubestimmung des
            Musikhörens im Musikunterricht der allgemeinbildenden sozialistischen Schule",Berlin
1974,"F 112","Zu Hephaistions Enchiridion über Metren",Berlin
1974,"F 113","Die Haushaltsbücher Robert Schumanns",Halle
1974,"F 114","Chorische Auftragswerke zu den Arbeiterfestspielen",Halle
1974,"F 115","Das gesellschaftliche Auftragswesen auf dem Gebiet der Musik, dargestellt am Beispiel
            des Bezirkes Halle; Untersuchungen zur Effektivität der Auftragswerke",Halle
1974,"F 116","Die Meininger Hof- und Landeskapelle in den Jahren 1880 bis 1945",Halle
1974,"F 117","Die Streichquartette Dmitri Schostakowitschs",Greifswald
1974,"F 118","Das Musikleben in Eisenach 1650-1750",Halle
1974,"F 119","Untersuchungen zur Wirkungsintensität historisch-biographischer und
            musikalisch-ästhetischer Wertkriterien aus dem Lehrplangebiet Beethoven auf das
            Urteilsvermögen der Schüler. (Ein Beitrag zum Projekt ""Untersuchungen zum Prozeß der
            klassenmäßigen Erziehung"")",Berlin
1974,"F 120","Funktion und Formen des Tanzes zwischen 1800 und 1914: Studien zur Geschichte und
            Rezeption des Tanzes in Deutschland",Leipzig
1974,"F 121","Das Leipziger Musikverlagswesen und seine Beziehungen zu einigen namhaften
            Komponisten. Ein Beitrag zur Geschichte des Musikalienhandels im 19. und zu Beginn des
            20. Jahrhunderts",Leipzig
1974,"F 122","Englische Vokalmusik - Rezeption in Deutschland im 18. und 19. Jahrhundert",Halle
1974,"F 123","Die Stellung und die erzieherischen Aufgaben des Kinder- und Jugendtheaters unter
            besonderer Hinwendung einiger musikalischer Bühnenwerke an den Theatern der DDR: Tine
            Dramaturgie des musikalischen Kinder- und Jugendtheaters",Halle
1974,"F 124","Zur Frage des Popularen bei Mozart",Halle
1974,"F 125","Klassische Ideen- und Gestaltungs-Traditionen in der DDR-Musik",Halle
1974,"F 126","Die Berliner Hofkapelle im 16. und 17. Jahrhundert. (Arbeitstitel)",Berlin
1974,"F 127","Untersuchung zur Klaviermethodik an Klavierschulen",Leipzig
1974,"F 128","Bach-Tradition und Bach-Pflege im 19. und 20. Jahrhundert",Halle
1974,"F 129","Zum objektiven Gehalt der künstlerischen Subjektivität. Versuch einer Darstellung am
            Beispiel von Max Reger",Halle
1974,"F 130","Die Entwicklung des Jugendliedes im Gebiet der DDR von 1945 bis 1954",Halle
1974,"F 131","Der Komponist im Exil. Zu den politischen, ästhetischen und kompositorischen
            Positionen Hanns Eislers in den USA von 1938 bis 1948. (Arbeitsthema)",Leipzig
1974,"F 132","Fortschritt und Reaktion in der deutschen Musikerziehung der ersten Hälfte des 19.
            Jahrhunderts",Halle
1974,"F 133","Die Kompositionstechnik Witold Lutoslawskis",Jena
1974,"F 134","Wesen und Entwicklung des europäischen Tonsystems",Leipzig
1974,"F 135","Hans von Bülow - Planist und Dirigent",Berlin
1974,"F 136","Das Streichquartett im kompositorischen Schaffen der Deutschen Demokratischen
            Republik",Berlin
1974,"F 137","Introduktionsprobleme im Opernschaffen der DDR",Halle
1974,"F 138","Händels Orgelkonzerte op. 7",Halle
1974,"F 139","Darstellung der Charaktere in L. Janáčeks Opern",Halle
1974,"F 140","Bach-Jubiläen im 19. und 20. Jahrhundert. Ein Beitrag zur Wirkungsgeschichte",Jena
1974,"F 141","Untersuchungen über die Wirkung unterschiedlicher Musik auf das Verhalten von Kühen
            unter der Bedingung der technisierten Milchabgabe",Leipzig
1974,"F 142","Zur Qualitätsbewertung von Musikinstrumenten",Rostock
1974,"F 143","Probleme der Aneignung des musikalischen Erbes für die sozialistische Musikkultur
            (unter besonderer Berücksichtigung der Musik des 18. Jahrhunderts und ihrer
            Wirkungspotenzen)",Halle
1974,"F 144","Musikalische Quellen und Wurzeln des in der FDJ-Singebewegung entstandenen
            Liedgutes",Halle
1974,"F 145","Persönlichkeitsentwicklung junger Musiker",Halle
1974,"F 146","Fragen der Programmierung im Musikunterricht (Informationsspeicherung)",Halle
1974,"F 147","Die deutschen Aufführungen von Opern Händels in der ersten Hälfte des 18.
            Jahrhunderts",Halle
1974,"F 148","Die Widerspiegelung des Mendelssohnschen Schaffens im Werk von Johannes
            Brahms",Leipzig
1974,"F 149","Ästhetische und historiographische Beiträge zur Geschichte und Theorie der Film- und
            dramatischen Fernsehmusik",Berlin
1974,"F 150","Johann Paul - und Adolph Carl Kuntzen: Ein Beitrag zur Instrumentalmusik im 18.
            Jahrhundert. (Mit thematisch-bibliographischem Katalog)",Halle
1974,"F 151","Das Dramatische im Werk Bachs",Leipzig
1974,"F 152","Untersuchungen zur Tonalitätsrezeption im dritten Schuljahr",Halle
1974,"F 153","Zeitgenössische Interpretation von Beethovens Sinfonien",Halle
1974,"F 154","Der Typ des Prokofjewschen Klavierkonzerts. Seine Stellung und Bedeutung in der
            Gegenwartsmusik",Leipzig
1974,"F 155","Musikalische Wirkungsanalyse mit Hilfe freier Assoziationen",Halle
1974,"F 156","Sprechmelodischer Ausdruck und musikalisches Gehör",Berlin
1974,"F 157","Händels Trauer-Anthen. Eine Studie mit kritischer Ausgabe der Partitur im Rahmen der
            Hallischen Händel-Ausgabe",Halle
1974,"F 158","Zum Wandel des Beethovenbildes im Spiegel der Jubiläen 1870 - 1920/27 - 1970",Jena
1974,"F 159","Soziale Funktionsmechanismen der Musik, insbesondere der Tanzmusik als
            kommunikationstheoretischer Beitrag zur Theorie und Methodik musikkultureller Analyse.
            (Arbeitstitel)",Berlin
1974,"F 160","Weiterentwicklung von musikalischen Bedürfnissen durch systematische und
            zielorientierte Gestaltung musikalischer Bildungsprozesse bei jungen Arbeitern",Greifswald
1974,"F 161","Richard Wagners geistige und künstlerische Entwicklung nach 1848",Leipzig
1974,"F 162","Zeitgenössische Variationswerke im Schulunterricht",Halle
1974,"F 163","Die Entwicklung der Balginstrumente in der Gesellschaft vom Ende des 2. Weltkrieges
            bis zur Gegenwart, bezogen auf das Gebiet der DDR",Leipzig
1974,"F 164","Die Entwicklung der Kammermusik in der DDR (am Beispiel thüringischer
            Komponisten)",Halle
1974,"F 165","Entfremdungserscheinungen in der Musik",Halle
1974,"F 166","Die Geschichte des Gewandhausorchesters seit 1945 und die Probleme bei der
            Entwicklung zu einem führenden sozialistischen Musikinstitut der Deutschen
            Demokratischen Republik",Leipzig
1975,1,"Zur Notwendigkeit und Konzeption eines internationalen Katalogs der
            Theaterzettelsammlungen",Rostock
1975,2,"Wissenschaftliches Kolloquium in Leipzig: Vorbereitung des III. Internationalen
            Bachfestes 1975",Berlin
1975,3,"Antonio Salieri: 1750-1825",Berlin
1975,4,"Ein Musiker im Zeitgeschehen: zum 70. Geburtstag Ernst Hermann Meyers am 8. Dezember
            1975",Berlin
1975,5,"Neue Werke unserer Komponisten: Helge Jung: Drei Aspekte",Berlin
1975,6,"Musik und Kritik: Kritik und die Entwicklung unserer Tanzmusik",Berlin
1975,7,"Nicht nur ""für den Tag"" schreiben!: von der Fachkonferenz Musik des Zentralhauses für
            Kulturarbeit der DDR",Leipzig
1975,8,"Johann Sebastian Bach: Leben und Werk in Dokumenten.",Leipzig
1975,9,Bach-Jahrbuch,Berlin
1975,10,"Bach-Studien: Eine Sammlung von Aufsätzen",Leipzig
1975,11,"Wir stellen vor: Siegfried Stolte zum 50. Geburtstag",Berlin
1975,12,"Neue Werke unserer Komponisten: Gerhard Rosenfeld: Arien für Orchester",Berlin
1975,13,"Noch einmal: ""Fiktiver Report...""",Berlin
1975,14,"Die Bühnenwerke Georg Friedrich Händels; Quellenstudien und Thematisches
            Verzeichnis",Halle
1975,15,"Schöpfertum als Arbeitsprinzip: zur zentralen Musikschulkonferenz",Leipzig
1975,16,"Zentrale Arbeitstagung der Bezirksmusikschulen in Neubrandenburg",Berlin
1975,17,"Bourdon und Fauxbourdon: Studien zum Ursprung der niederländischen Musik",Leipzig
1975,18,"Ergebnisse und Entwicklungstendenzen im Tanzmusikschaffen der DDR: die Arbeitsgruppe
            ""Rhythmus 71""",Berlin
1975,19,"Musikrezeption als Aneignungsprozeß",Halle
1975,20,"Mit Engagement und Sachkenntnis das Erbe erschließen: zum Problem der Relation
            zwischen Erbe und Gegenwart",Leipzig
1975,21,"Zur kulturellen Freizeitgestaltung der Jugend",Berlin
1975,22,"Neue Werke unserer Komponisten: Ernst Hermann Meyer: 4. Streichquartett",Berlin
1975,23,"Neue Werke unserer Komponisten: Anton Schoendlinger: Orgelkonzert Nr. 2",Berlin
1975,24,"Neue Werke unserer Komponisten: Siegfried Köhler: III. Sinfonie",Berlin
1975,25,"Neue Werke unserer Komponisten: Johann Cilenšek: Konzertstück für Violine und
            Orchester",Berlin
1975,26,"Neue Werke unserer Komponisten: Friedrich Schenker: Konzert für Fagott und
            Streichorchester",Berlin
1975,27,"25 Jahre Bachpflege der DDR",Leipzig
1975,28,"25 Jahre Akademie der Künste der Deutschen Demokratischen Republik: Wissenschaftliche
            Abteilung der Sektion Musik",Berlin
1975,29,"Max Butting - Triptychon für großes Orchester op. 112; Konzert für Klavier und
            Orchester op. 110. [Taschentext]",Berlin
1975,30,"Beethovens Unsterbliche Geliebte: Legende, Vermutung, Tatsachen",Wien
1975,31,"Norwegische Musik im 20. Jahrhundert",Berlin
1975,32,"Paul Dessau: Aus Gesprächen: Ersch. anläßl. d. 80. Geburtstages von Paul Dessau./
            [Red.: Bernd u. Peter Pachnicke, Werkverz., Diskogr. u. Literaturverz.: Fritz
            Hennenberg, Fotogr.: Evelyn Richter]",Leipzig
1975,33,"Dokumentation: Information für Theater",Berlin
1975,34,"Berichte: Rekonstruktion und Neugestaltung des Bachhauses Eisenach",Berlin
1975,35,"Über die Rekonstruktion und Neugestaltung des Bachhauses in Eisenach: In: Johann
            Sebastian Bach: Lebendiges Erbe",Leipzig
1975,36,"Anregungen für den Fachberater: zur Hospitationsfähigkeit",Berlin
1975,37,"Dramatiker und Komponisten auf den Bühnen der Deutschen Demokratischen Republik:
            Spielzeit 1971/72",Berlin
1975,38,"SDramatiker und Komponisten auf den Bühnen der Deutschen Demokratischen Republik:
            Spielzeit 1972/73",Berlin
1975,39,"III. [drittes] Internationales Bachfest der DDR, Leipzig 16. bis 23. September 197J5:
            in Verbindung mit d. 50. Bachfest d. Neuen Bachges",Leipzig
1975,40,"III. [drittes] Internationales Bachfest der DDR in Leipzig",Berlin
1975,41,"Arbeiterklasse und Musik: Bemerkungen zur Tagung in der Akademie der Künste",Berlin
1975,42,"Ehrungen: Nachruf der Akademie der Künste der DDR zum Tode von Jean Kurt
            Forest",Berlin
1975,43,"Ehrungen: Repräsentant sozialistischer Musikkultur: Nachruf auf Helmut Koch",Berlin
1975,44,"Gedanken über Bachs Leipziger Schaffensjahre: In: Bach-Studien",Leipzig
1975,45,"Remarks on the big arġūl: - In: Year-book of the International Folk Music
            Council",Urbana
1975,46,"Zum Problem des maqam",Basel
1975,47,"Zum Problem des Nationalen und Internationalen in der gegenwärtigen Entwicklung der
            Musikkulturen der Welt: Referat, gehalten auf d. 3. Asiatischen Musiktribüne Alma Ata
            1973",Berlin
1975,48,"Arbeitersänger und schöpferischer Gestalter: Zum 75. Geburtstag Ernst Buschs",Berlin
1975,49,"Arbeiterklasse und Musik: Zwei anregende Konzerte",Berlin
1975,50,"Hanns Eisler - Lieder mit Ernst Busch. [Taschentext]",Berlin
1975,51,"Hanns Eisler - Die Mutter, Kantate von Bertolt Brecht nach dem Roman von Maxim Gorki.
            [Taschentext]",Berlin
1975,52,"Hanns Eisler - Lieder mit Sonja Kehler. [Taschentext]",Berlin
1975,53,"Hanns Eisler - Woodburry-Liederbüchlein; Kanons für gern. Chor; Fünf Lieder für
            Kindergärten; Drei Kinderlieder für Gesang u. Bratsche; Gegen den Krieg (Thema und
            Variationen op. 51); Suite für Septett Nr. 1 op. 92 a (Variationen über amerikanische
            Kinderlieder). [Taschentext]",Berlin
1975,54,"Elend und Größe des Menschen in der deutschen Literatur des 17. Jahrhunderts: In:
            Heinrich Schütz und seine Zeit",Berlin
1975,55,"Ernst Busch zum 75. Geburtstag",Berlin
1975,56,"Standpunkte zur methodischen Gestaltung des Musikhörens in der polytechnischen
            Oberschule",Berlin
1975,57,"Traditionslinien der sozialistischen Musikerziehung: Arbeitssektion III;
            Konferenzbericht",Zwickau
1975,58,"Johann Sebastian Bach: Erbe und Gegenwart./ [Aus Anlaß d. 225. Todestages v. Joh.
            Seb. Bach im Auftr. d. Joh.-Seb.-Bach-Komitees d. DDR u. d. Rates d. Stadt Leipzig hrsg.
            u. mit e. Nachw. vers. von Werner Felix]",Leipzig
1975,59,"Die Neue Bachgesellschaft",Leipzig
1975,60,"Bachpflege und Bachbild in der Deutschen Demokratischen Republik./ Vortrag, gehalten
            auf d. ersten Bachfest in Tokyo [Japan] am 21. 6. 1975: Ms. ungedr",Leipzig
1975,61,"Walter Felsenstein über das Verhältnis von Massenmedien und Theater",Berlin
1975,62,"Feste sozialistischer Musikkultur: IV. Musiktage im Bezirk Leipzig und Bezirk
            Karl-Marx-Stadt: Tage der Musik und Unterhaltungskunst",Berlin
1975,63,"Zu den Einflüssen polnischer Musik im Instrumentalschaffen G. Ph.Telemanns und ihrer
            Wiedergabe: In: Zu Fragen der Aufführungspraxis und Interpretation von Instrumentalmusik
            in der ersten Hälfte des 18. Jahrhunderts. [Konferenzbericht, 1974]",Magdeburg
1975,64,"Einige Grundfragen der Realisierung der Lehrplanforderungen aus der Sicht der
            Aufgabenstellung der Direktorenkonferenz",Berlin
1975,65,"Die Sonatenform im Schaffen Béla Bartóks",Rostock
1975,66,"""Wer mir gegenüberstand"": ein Chanson der Deutsch-Sowjetischen Freundschaft",Berlin
1975,67,"Mit Linie und Phantasie: Qualitätsmerkmale bei Diskoveranstaltungen, eine
            Diskussionsgrundlage in Thesenform",Leipzig
1975,68,"Neue Werke unserer Komponisten: Joachim Thurm: Trompetenkonzert",Berlin
1975,69,"Beethovens Klaviersonaten: ihr einzigartiges Phänomen, ihre heutige
            Wirksamkeit",Halle
1975,70,"Gespräche mit Autoren: Siegfried Matthus",Berlin
1975,71,"Mehr als Märchen und Liebe: Wolkows ""Bauernmärchen"" in Dessau und Berlin, Stschedrins
            ""Nicht nur Liebe"" an der Berliner Staatsoper",Berlin
1975,72,"Beat-Shakespeare aus Warschau",Berlin
1975,73,"Erfüllung unbedingten Liebesanspruchs : Zur DDR-Erstaufführung von Alban Bergs
            ""Lulu""",Berlin
1975,74,"Arbeitsgespräch mit Rainer Kunad",Berlin
1975,75,"Kampf mit dem Schatten: zur Uraufführung der Oper ""Der Schatten"" von Fritz Geißler in
            Leipzig",Berlin
1975,76,"Neue Werke unserer Komponisten: Gerhard Rosenfeld: Kleist-Briefe",Berlin
1975,77,"Führungsschwerpunkte für den Musikunterricht",Berlin
1975,78,"V. [fünfte] Musik-Biennale Berlin",Berlin
1975,79,"Überlegungen zu Anforderungen an den Klassengesang: Übersichten, methodische
            Erläuterungen u. Beispiele zur Entwicklung entsprechender Kenntnisse, Fähigkeiten u.
            Fertigkeiten",Berlin
1975,80,"Untersuchungen zur Tanzmusik in der Deutschen Demokratischen Republik unter
            besonderer Berücksichtigung ihrer Entwicklungsmöglichkeiten im Gefüge der
            sozialistischen Kultur:",Berlin
1975,81,"Neue Werke unserer Komponisten: Joachim Thurm; ""Ans Fenster kommt und seht""",Berlin
1975,82,"Neue Werke unserer Komponisten: Bernd Wefelmeyer: Ballett für Kinder",Berlin
1975,83,"""Rührt nicht am blauen Globus"": Oratorium des litauischen Komponisten Eduardas
            Balsys",Berlin
1975,84,"""Auf den Spuren Rustawelis...""; Musik in der Georgischen SSR",Berlin
1975,85,"Andrej Eschpai, Boris Tschaikowski: zwei namhafte Moskauer Komponisten, die in diesem
            Jahr ihren 50. Geburtstag begingen",Berlin
1975,86,"Reaktive Musiktherapie im psychotherapeutischen Gruppengespräch",Leipzig
1975,87,"Gedanken und Anregungen zur Arbeit mit einem Unterstufenchor: Auszüge aus der
            Pädagogischen Lesung von Dieter Gieß",Berlin
1975,88,"Die Erscheinung Beethoven: 1. Aufl",Leipzig
1975,89,"Beethoven: Werkeinführungen",Leipzig
1975,90,"Neues Sammelgut im Hanns-Eisler-Archiv",Berlin
1975,91,"Tempofragen der Bachzeit: In: Bach-Studien",Leipzig
1975,92,"Traditionen, Stationen und Tendenzen der Filmmusikdramaturgie: aufgezeigt anhand von
            DEFA-Spielfilmen",Halle
1975,93,"Bourdon und Fauxbourdon: Studien zum Ursprung der niederländischen Musik",Leipzig
1975,94,"Mönche, Bürger, Minnesänger: Musik in der Gesellschaft des europäischen
            Mittelalters",Leipzig
1975,95,"Motivarbeit unterhalb der Leitmotive: Beobachtungen und Überlegungen bei Wagners
            ""Fliegendem Holländer""",Berlin
1975,96,"Zu Robert Schumanns ""Rheinischer Sinfonie""",Berlin
1975,97,"Zu Heinrich Besselers 75. Geburtstag",Berlin
1975,98,"Ein ""konservatives"" Genie?: zum 450. Geburtstag Palestrinas",Berlin
1975,99,"Edition Peters: 175 Jahre Musikverlag in Leipzig",Berlin
1975,100,"Die Aneignung des humanistischen Erbes durch Arbeiterchöre der Deutschen
            Demokratischen Republik",Halle
1975,101,"Anregungen zur Stimmbildung im Unterricht",Berlin
1975,102,"Rudolf Wagner-Régeny - Die Bürger von Calais (Ausschnitte); Johanna Balk
            (Ausschnitte). /Taschentext/",Berlin
1975,103,"Fidelio F. Finke - Capriccio über ein polnisches Volkslied für Klavier und Orchester;
            3. Suite für Orchester. [Taschentext]",Berlin
1975,104,"Ehrungen; Ernst Hermann Meyer 70 Jahre",Berlin
1975,105,"Das Lehrbuch im Unterricht: Möglichkeiten zur Arbeit mit dem Lehrbuch in den Klassen
            4 und 9",Berlin
1975,106,"Anregungen für Fachberater, Fachkommissionen und Fachzirkel: Zur Arbeit mit Chören
            und Singegruppen",Berlin
1975,107,"Untersuchungen zum Problem des sozialistischen Realismus in der Instrumentalmusik im
            Zusammenhang mit Fragen der musikalischen Analyse; dargestellt an Beispielen
            sinfonisch-konzertanter Musik der D[eutschen] D[emokratischen] R[epublik]",Halle
1975,108,"Heinrich Schütz und seine Zeit: Bericht über d. Wiss. Konferenz d. Komitees für d.
            Heinrich-Schütz-Festtage d. DDR 1972",Berlin
1975,109,"Beethoven, Ludwig van: Ludwig van Beethovens Konversationshefte./ Hrsg. im Auftr. d.
            Deutschen Staatsbibliothek Berlin von Karl-Heinz Köhler u. Grita Herre unter Mitw. von
            Heinz Schöny",Leipzig
1975,110,"Joachim Herz zur ""Zauberflöte"": Mitschnitt eines Einführungsvortrages",Berlin
1975,111,"Gespräch mit Joachim Herz über Oper in unserer Zeit./ [Interview mit ITI Paris]: In:
            Zur gesellschaftlichen Funktion des sozialistischen Theaters",Berlin
1975,112,"Gespräche mit Joachim Herz über Regiekunst und realistisches Musiktheater",Berlin
1975,113,"Zum übertragungsverhalten der Klaviermechaniken","Frankfurt a. M."
1975,114,"Grundlagen des natürlichen Systems der Musikinstrumente: 1. Aufl",Leipzig
1975,115,"Mit künstlerischem Anspruch unser Musikleben bereichern: aus dem Referat der
            Fachkonferenz Musik des Zentralhauses für Kulturarbeit der DDR",Leipzig
1975,116,"Spezifika des Musikerlebnisses in ihrer Bedeutung für die Entwicklung sozialistischer
            Persönlichkeiten und die Festigung sozialistischer Kollektive: Methoden und Ergebnisse
            von Untersuchungen über die geleitete Musikrezeption und die Wirkung musikalischer
            Kunstwerke in einem sozialistischen Produktionskollektiv",Dresden
1975,117,"Die Bedeutung didaktischer Funktionen für die Gestaltung des
            Unterrichtsprozesses",Berlin
1975,118,"Methodische Grundformen des Musikunterrichts",Berlin
1975,119,"Pädagogische Lesungen - auch im Fach Musik",Berlin
1975,120,"Fachspezifische Methoden, Varianten und Verfahren für den Musikunterricht",Berlin
1975,121,"Pädagogische Lesungen und Unterrichtspraxis: Hinweise zu inhaltlichen Anliegen
            pädagogischer Lesungen im Fach Musik",Berlin
1975,122,"1975, ein Jahr der Jubiläen",Leipzig
1975,123,"Bachpflege der Jahre 1974 und 1975 in der Deutschen Demokratischen Republik: In:
            Johann Sebastian Bach: Lebendiges Erbe",Leipzig
1975,124,"Johann Sebastian Bach in unserer Zeit: Gedanken zum Bachbild, zur Bachforschung und
            Bachpflege in der DDR",Leipzig
1975,125,"Zwischen III. Volkskunstkonferenz und III. Internationalem Bachfest",Leipzig
1975,126,"Leipziger Bachkonferenz des Kulturbundes",Berlin
1975,127,"Paul Fleming: Konrad Ameln zum 75. Geburtstag",Kassel
1975,128,"Gespräche mit Joachim Herz über Regiekunst und realistisches Musiktheater: In: Zur
            Regie im Musiktheater: zum Opernrepertoire",Berlin
1975,129,"Konzertpläne ohne konzeptionelle Überlegungen?: Vorhaben unserer Orchester in der
            Saison 1975/76",Berlin
1975,130,"Johann Sebastian Bach: Lebendiges Erbe",Leipzig
1975,131,"Unveröffentlichte Briefe Franz Liszts an Franz Dingelstedt",Berlin
1975,132,"Georg Philipp Telemann als Eisenacher Kapellmeister und seine weltlichen Festmusiken
            für den Eisenacher Hof: Ein Beitrag zur Biographie des Komponisten und zur Geschichte
            der Eisenacher Hofkapelle",Halle
1975,133,"Musikalische Normenbildung und ihre sozialen Grundlagen",Zagreb
1975,134,"Die Bedeutung Hermann Kretzschmars für die sozialistische Musikerziehung",Zwickau
1975,135,"Sein Herz schlägt in Millionen Herzen weiter: zum 100. Geburtstag Wilhelm
            Piecks",Berlin
1975,136,"Gedanken zum 30. Jahrestag der Befreiung vom Hitlerfaschismus",Berlin
1975,137,"Das Liedgut als Mittel der Erziehung zum sozialistischen Patriotismus und
            proletarischen Internationalismus",Berlin
1975,138,"Zur Einführung präziser Lehrprogramme in der Ausbildung von Musikfachlehrern",Berlin
1975,139,"Neue Werke unserer Komponisten: Volkmar Leimert: ""Pentagramm"" für Orchester",Berlin
1975,140,"Wilhelm Weismann - Lieder und Chöre./ [Aus: ""Lieder und Balladen aus des Knaben
            Wunderhorn""; Aus: Sechs Lieder für e. hohe Stimme u. Klav.""; Vier Liebeslieder nach
            Dichtungen des 12. Jahrhunderts; Drei Madrigale nach Worten von Friedrich Hölderlin;
            Aus: Drei Madrigale für vier- bis sechsstimmig, gern. Chor], [Taschentext]",Berlin
1975,141,"Untersuchungen zur Herausbildung musikalischer Leitbilder und zu ihrem Einfluß auf
            das Verhältnis zur Musik bei Schülern der Klassen 8-10",Zwickau
1975,142,"Probleme des Sinfonischen im DDR-Musikschaffen der letzten Jahre",Berlin
1975,143,"Neue Werke unserer Komponisten: Fred Lohse: Klavierquartett",Berlin
1975,144,"Hanns Eisler - Frühe Klavierwerke,/ [Fünf frühe Klavierstücke; Sonate f. Klavier op.
            1; Klavierstücke op. 3; Zweite Sonate f. Klavier op. 6; Klavierstücke op. 8].
            [Taschentext]",Berlin
1975,145,"Faktorenanalytische Typenbestimmung an Volksliedmelodien: 1. Aufl",Leipzig
1975,146,"Was kann die Kybernetik der Musikwissenschaft helfen",Kopenhagen
1975,147,"Zum Begriff ""Musikalische Gattung""",Berlin
1975,148,"Die Analyse: Karl Dietrich: Dramatische Szenen für drei Flöteninstrumente und großes
            Orchester (1974)",Berlin
1975,149,"Harry Goldschmidt zum 65. Geburtstag",Berlin
1975,150,"Die Sinfonik Jan Raupps als Beitrag des sorbischen zeitgenössischen Musikschaffens
            zur sozialistischen Musikkultur der DDR: In: Letopis, Jahresschrift des Instituts für
            sorbische Volksforschung",Berlin
1975,151,"Gedanken über eine zeitgemäße Interpretation von Violinwerken aus der ersten Hälfte
            des 18. Jahrhunderts: In: Zu Fragen der Aufführungspraxis und Interpretation von
            Instrumentalmusik in der ersten Hälfte des 18. Jahrhunderts. [Konferenzbericht,
            1974]",Magdeburg
1975,152,"Vorwort und Revisions-Bericht",Leipzig
1975,153,"Beethoven, Ludwig van; Ludwig van Beethovens Konversationshefte./ Hrsg. im Auftr. d.
            Deutschen Staatsbibliothek Berlin von Karl-Heinz Köhler u. Grita Herre unter Mitw. von
            Heinz Schöny",Leipzig
1975,154,"Vorwort: In: Griesinger, Georg August: Biographische Notizen über Joseph
            Haydn",Leipzig
1975,155,"Vorwort: In: Bach, Johann Sebastian: Matthäuspassion",Leipzig
1975,156,"Die Bach-Sammlung in der Deutschen Staatsbibliothek: Überlieferung und Bedeutung, -
            In: Bach-Studien",Leipzig
1975,157,"Das dramatische Jugendwerk Felix Mendelssohn Bartholdys: Basis seiner Stil- und
            Persönlichkeitsentwicklung",Kopenhagen
1975,158,"Heinrich Schütz in Venedig: die Bedeutung der musikalischen Renaissance für sein
            Werk",Berlin
1975,159,"Der deutsche Bauernkrieg und die Musik: Zum 450. Gedenkjahr der frühbürgerlichen
            Revolution",Berlin
1975,160,"Da Adam grub und Eva spann: ein Beitrag zur Musik der frühbürgerlichen
            Revolutionen",Berlin
1975,161,"Richard Strauss: Gestalt und Werk, - 5., veränd. Aufl",Leipzig
1975,162,"Monat der Musik in Japan",Berlin
1975,163,"Abschied von Jean Kurt Forest",Berlin
1975,164,"Gratulation: Ernst H. Meyer 70",Berlin
1975,165,"Musikperiodika, Zeitschriften, Jahrbücher, Almanache. Bestandsverzeichnis",Leipzig
1975,166,"Heinrich Schütz' schöpferische Gestaltung der zyklischen Großform, dargestellt an
            seinen ""Musikalischen Exequien"" des Jahres 1636: In: Heinrich Schütz und seine
            Zeit",Berlin
1975,167,"Erlebnis Musik: Bausteine zum Musikverständnis",Leipzig
1975,168,"Die Eterna-Edition Heinrich Schütz im VEB Deutsche Schallplatten: In: Heinrich Schütz
            und seine Zeit",Berlin
1975,169,"Das Opernschaffen Dmitri Schostakowitschs: Ein Beitrag zur Entwicklung des
            sozialistischen Musiktheaters: Untersuchungen zu Fragen von Geschichtsbild und
            Persönlichkeitsdarstellung, Gehalt und Struktur, Entstehungsprozeß und zeitgenössischer
            Wirkung der Opern ""Die Nase"" und ""Lady Macbeth des Mzensker Landkreises"" (Katerina
            Ismailowa)",Leipzig
1975,170,"Komponist der verlornen Illusionen: Meyerbeers ""Hugenotten"" in Leipzig",Berlin
1975,171,"Breite Synthese: Entwicklungslinien des frühen sowjetischen Musiktheaters",Berlin
1975,172,"""Dann wird die Erd' ein Himmelreich"", ""Die Zauberflöte"": zu Inszenierungen in Leipzig
            und Dresden",Berlin
1975,173,"Litauische Klaviere: Bemerkungen zu meiner Oper für Schauspieler",Berlin
1975,174,"Eine Woche Roter Lieder in Berlin: Bemerkungen zum 5. Festival des politischen
            Liedes",Berlin
1975,175,"Die Herausbildung der Arbeitermusikkultur in Deutschland als Grundlage für eine
            sozialistische Musikentwicklung vor 1945:",Berlin
1975,176,"Das Arbeiterlied: 2., veränd. Aufl",Leipzig
1975,177,"Lied und Gesang im antifaschistischen Widerstandskampf: zur Methodik der Forschung im
            Arbeiterliedarchiv der Sektion Musik",Berlin
1975,178,"Musikhören in Klasse 3 und Möglichkeiten einer Verbindung mit dem Singen",Berlin
1975,179,"Zur Verbindung des Singens und Musikhörens im Musikunterricht der Klasse 2",Berlin
1975,180,"Das Musikhören mit dem Liedgesang verbinden: Hinweise für Klasse 1",Berlin
1975,181,"Thema Heroismus: ""Die Dämmerung ist hier still"" in Rostock, ""Die optimistische
            Tragödie"" in Meiningen",Berlin
1975,182,"Autoren im Gespräch: Gerhard Rosenfeld, Gerhard Hartmann",Berlin
1975,183,"Schützsche Züge in der Musik der Gegenwart: In: Heinrich Schütz und seine
            Zeit",Berlin
1975,184,"Das Kunstwerk als Objekt der Kunstrezeption und Ausgangspunkt der Kunstwirkung: In:
            Lippold, Eberhard; Erhard John u. Michael Rammler: Kunst und sozialistische
            Bewußtseinsbildung",Berlin
1975,185,"Der Thomanerchor in Leipzig: 1. Aufl",Leipzig
1975,186,"Untersuchungen zur Intonation im Streichquartettspiel",Halle
1975,187,"Georg Philipp Telemanns Hamburger Kapitänsmusiken",Halle
1975,188,"Andre Asriel - Sechs Fabeln nach Äsop; Jürgen Wilbrandt - Die Nase wär' soweit noch
            gut (Text: Wilhelm Busch); Golch und Flubis (Text: Christian Morgenstern).
            [Taschentext]",Berlin
1975,189,"Vierter Johann-Sebastian-Bach-Wettbewerb für Schüler und Jugendliche: In: Johann
            Sebastian Bach: Lebendiges Erbe",Leipzig
1975,190,"Neue Werke unserer Komponisten: Iwan Iwanow ""Heldenepos""",Berlin
1975,191,"Musiktheater: Die Bartholomäusnacht auf der Opernbühne: Erstaufführung von Giacomo
            Meyerbeers ""Hugenotten"" in Leipzig",Berlin
1975,192,"Schönberg in der Diskussion: Kulturbundkonferenz über Werk und Persönlichkeit des
            spätbürgerlichen Komponisten",Berlin
1975,193,"Massenkommunikation und sozialistische Kunstprogrammatik: zur Medienkonzeption Hanns
            Eislers",Berlin
1975,194,"Hanns Eisler - Kleine Sinfonie op. 29; Suite Nr. 2 op. 24 ""Niemandsland""; Suite Nr. 3
            op. 26 ""Kuhle Wampe""; Suite Nr. 4 op. 3o ""Die Jugend hat das Wort"".
            [Taschentext]",Berlin
1975,195,"Hanns Eisler - Klingende Dokumente. 2. [Unterricht bei Schönberg, Die Tage der
            Kommune, Inhalt und Form, Schwejk im Zweiten Weltkrieg, Uber moderne Musik, Bei
            Prominenten zu Gast, Wer die Zukunft haben will, muß die Vergangenheit bewältigen,
            Ernste Gesänge für Bariton und Streichorchester]. [Taschentext]",Berlin
1975,196,"Hanns Eisler - Fünf Orchesterstücke (1938): Thema mit Variationen (""Der lange
            Marsch""); Kammersinfonie; Scherzo mit Solovioline. [Taschentext]",Berlin
1975,197,"Neue Werke unserer Komponisten: Günther Erdmann: LiederZyklus",Berlin
1975,198,"Musikalisch-technische Probleme des Geigenbaus",Stanford
1975,199,"Gedanken zu Heinrich Schütz' musikgeschichtlicher Rolle",Berlin
1975,200,"Musikerziehung in der D[eutschen] D[emokratischen] R[epublik]/ [Hrsg. vom Musikrat
            der DDR, Paul Michel u. Helmut Schulze. Red.: Vera Reiner u. Erich Brüll.] - [Berlin:
            Musikrat der DDR, 1974]",Berlin
1975,201,"Results of psychological research into the instrumental-musical development of
            children and adults and conclusions for the training of future Professional musicians:
            In: International Music Education, the education of musicians and their public, papers
            and recommendations of the UNESCO-ISME Seminar, Tokyo 1974",Mainz
1975,202,"Viertes Internationales Musikpädagogisches Forschungsseminar der ISME in
            Neuseeland",Berlin
1975,203,"XI. Internationale Konferenz und Generalversammlung der ISME in
            Perth/Australien",Berlin
1975,204,"Musikerziehung in der DDR und in anderen sozialistischen Ländern Europas",Berlin
1975,205,"UNESCO/ISME: Seminar zu Fragen der musikalischen Berufsausbildung in Tokio",Berlin
1975,206,"Pädagogische Aspekte des Musiklebens in der DDR",Mainz
1975,207,"Zum 100. Geburtstag von Arnold Schönberg: öffentliche Sitzung der Sektion
            Musik",Berlin
1975,208,"""Schaffen und Suchen sind Synonyme"" (Dmitri Schostakowitsch): Leben und Werk des
            großen sowjetischen Komponisten",Berlin
1975,209,"Traditionslinien der sozialistischen Musikerziehung: Arbeitssektion III;
            Konferenzbericht",Zwickau
1975,210,"Von der Leidenschaft des Produzierens: musikalische Ehrungen zum 80. Geburtstag Paul
            Dessaus",Berlin
1975,211,"""Moses und Aron"" als weltanschauliches Gleichnis: DDR-Erstaufführung der Oper Arnold.
            Schönbergs in Dresden",Berlin
1975,212,"Bedeutende Sinfoniker unseres Jahrhunderts: zum Ableben des sowjetischen Komponisten
            Dmitri Schostakowitsch",Berlin
1975,213,"[Musiktheater: ] ""Der Schatten"": Oper von Fritz Geißler in Leipzig
            uraufgeführt",Berlin
1975,214,"Wissenschaftliche Konferenz zur Persönlichkeitsbildung junger sozialistischer
            Musiker",Berlin
1975,215,"Musikbühne 75: Probleme und Informationen",Berlin
1975,216,"Musikwissenschaftliche Literatur sozialistischer Länder: Deutsche Demokratische
            Republik 1945-1970",Berlin
1975,217,"Zu Georg Katzers Ballettkomposition ""Schwarze Vögel""",Berlin
1975,218,"Ich schreibe nicht für die Ewigkeit: Gespräch mit Luigi Nono. Au grand soleil d'amour
            chargé: Beobachtungen zum Werk",Berlin
1975,219,"Vorwort: In: Bach, Johann Sebastian: Sämtliche von Johann Sebastian Bach vertonte
            Texte.",Leipzig
1975,220,"Berichte: Das Leipziger Bosehaus als Bach-Gedenkstätte",Berlin
1975,221,"Überlegungen zu Anforderungen an den Klassengesang; Übersichten, methodische
            Erläuterungen u. Beispiele zur Entwicklung entsprechender Kenntnisse, Fähigkeiten u.
            Fertigkeiten",Berlin
1975,222,"Ernst Hermann Meyer: 1. Aufl",Leipzig
1975,223,"Ernst Hermann Meyer; eine biographische Studie",Berlin
1975,224,"Die Meininger Hof- und Landeskapelle in den Jahren 1880 bis 1945",Halle
1975,225,"Das Musikleben in Eisenach 1650-1750",Halle
1975,226,"Bericht: Max-Reger-Kolloquium in Meiningen",Berlin
1975,227,"Bemerkungen zur werttheoretischen Konzeption der sozialistischen
            Musikerziehung",Berlin
1975,228,"Alleweil ein wenig lustig?: Probleme des Musical-Schaffens in der DDR",Berlin
1975,229,"Edition Peters 1800 [bis] 1975./ [Erschienen anläßl. d. 175jährigen Bestehens d.
            Musikverl. Peters am 1. Dez. 1975, zsgest. u. hrsg. von Bernd Pachnicke, unter Mitarb.
            von ...] - [Leipzig: Edition Peters, 1975]",Leipzig
1975,230,"Studien zum Sozialstatus des Musikers im 17. und 18. Jahrhundert: In: Heinrich Schütz
            und seine Zeit",Berlin
1975,231,"Johann Sebastian Bach heute: zum 225. Todestag des Komponisten",Berlin
1975,232,"Bach in der Welt von heute: In: III. Internationales Bachfest der DDR, Leipzig 1975,
            [Festheft]",Leipzig
1975,233,"Das Leipziger Musikverlagswesen und seine Beziehungen zu einigen namhaften
            Komponisten: ein Beitrag zur Geschichte des Musikalienhandels im 19. und zu Beginn des
            20. Jahrhunderts",Leipzig
1975,234,"Zur Entwicklung des Musikbibliothekswesens in der Deutschen Demokratischen
            Republik",Leipzig
1975,235,"Festansprache: In: Heinrich Schütz und seine Zeit",Berlin
1975,236,"Die Jugend- und Seminarjahre K. A. Kocors (Katzers): In: Letopis, Jahresschrift des
            Instituts für sorbische Volksforschung",Berlin
1975,237,"""Měr a zaměr! ... """,Bautzen
1975,238,"Zum 19, Mal: Berliner Festtage: ""Schwarze Vögel"", Ballett von Georg Katzer
            uraufgeführt",Berlin
1975,239,"Hanns Eisler - Deutsche Sinfonie op. 50; Suite Nr. 5 op. 4 ""Dans les rues"" Suite Nr.
            6 op. 40 ""Le grand jeu"". [Taschentext]",Berlin
1975,240,"Hanns Eisler - Lieder mit Gisela May. [Taschentext]",Berlin
1975,241,"Zu einigen Fragen der Aufführungspraxis und Interpretation der Cembalo- bzw.
            Klaviermusik in der Mitte des 18. Jahrhunderts: In: Zu Fragen der Aufführungspraxis und
            Interpretation von Instrumentalmusik in der ersten Hälfte des 18. Jahrhunderts.
            [Konferenzbericht, 1974]",Magdeburg
1975,242,"Zur Frage des Populären bei Mozart: ein Beitrag zur Mozartforschung",Halle
1975,243,"Phantastische Gestalten in der deutschen Oper von 1790 bis 1830",Berlin
1975,244,"25 Jahre Hochschule für Musik ""Hanns Eisler"" Berlin",Berlin
1975,245,"Zu einigen Gestaltungsaspekten programmatischer Orchesterwerke von Paul Dessau anhand
            seiner zweiten Orchestermusik ""Meer der Stürme"": In: Sammelbände zur Musikgeschichte der
            Deutschen Demokratischen Republik",Berlin
1975,246,"Neue Werke unserer Komponisten: Manfred Schubert: Kantate",Berlin
1975,247,"Bemerkungen zur Oper ""Einstein"" von Paul Dessau",Berlin
1975,248,"Gedanken zum Opernschaffen unserer Republik",Berlin
1975,249,"Neue Kammermusik: Zu e. Schallplatte mit Kompositionen von Hans Jürgen Wenzel,
            Friedrich Goldmann, Reiner Bredemeyer, Friedrich Schenker u. Siegfried Matthus",Berlin
1975,250,"Zur musikalischen Dramaturgie der Oper ""Sabellicus"" von Rainer Kunad: In: Musikbühne
            75",Berlin
1975,251,"Der Fachberater hospitiert: STE 4/ Kl. 5, ""Das Rondo in der klassischen
            Instrumentalmusik ..."": Stundenverlauf und Kommentare",Berlin
1975,252,"Mendelssohns Sommernachtstraum-Musik im Konzertsaal",Weimar
1975,253,"Dialektische Einheit von klassischem und sozialistischem Realismus:
            Diskussionsbeitrag zum II. Musikkongreß der DDR",Berlin
1975,254,"Sammelbände zur Musikgeschichte der Deutschen Demokratischen Republik",Berlin
1975,255,"Konzertbuch: Orchestermusik./ Begr. von Karl Schönewolf, hrsg. von Hansjürgen
            Schaefer",Leipzig
1975,256,"Konsequenz und Klarheit: Bemerkungen zum Schaffen Witold Lutostawskis",Berlin
1975,257,"Expression und Konstruktivität: zum 90. Geburtstag Alban Bergs",Berlin
1975,258,"Zum Tode Helmut Kochs",Berlin
1975,259,"Struktur und Klangspiel: Zum 100. Geburtstag Maurice Ravels",Berlin
1975,260,"Musiktheater: Rainer Kunads Oper ""Sabellicus"" an der Deutschen Staatsoper
            uraufgeführt",Berlin
1975,261,"Ein neues Kapitel: Zum 30. Jahrestag der Befreiung vom Faschismus",Berlin
1975,262,"Glückwunsch für E. H. Meyer zum 70. Geburtstag",Berlin
1975,263,"Freude am virtuosen Musizieren: Das Klarinettenkonzert von Manfred Schubert (NOVA 885
            075)",Berlin
1975,264,"Hans-Jürgen Wenzel - Streichquartett Nr. 3; Friedrich Goldmann - Sonate für
            Bläserquintett und Klavier; Reiner Bredemeyer - Cello 2; Friedrich Schenker - Monolog
            für Oboe; Siegfried Matthus - Vokalisen für Sopran, Flöte, Kontrabaß u. Schlagzeug.
            [Taschentext]",Berlin
1975,265,"Siegfried Matthus - Der letzte Schuß. [Opernquerschnitt; Taschentext]",Berlin
1975,266,"Die Entwicklung des Jugendliedes im Gebiet der D[eutschen] D[emokratischen]
            R[epublik] in der Zeit von 1945 bis 1954:",Berlin
1975,267,"20 Jahre Arbeiterliedarchiv bei der Akademie der Künste der DDR: Gespräch mit der
            Leiterin des Archivs, Inge Lammel",Berlin
1975,268,"Das Bachhaus in Eisenach: Zum 225. Todestag von Johann Sebastian Bach",Berlin
1975,269,"Hanns Eisler im Verhör",Berlin
1975,270,"Allgemeine Musiklehre: 5., veränd. Aufl",Leipzig
1975,271,"Opernspielpläne in der DDR 1972-1975: In: Zur Regie im Musiktheater: zum
            Opernrepertoire",Berlin
1975,272,"Untersuchung eines Dezennismus: Bemerkungen zum Opernrepertoire",Berlin
1975,273,"Neue Werke unserer Komponisten: Fritz Geißler: ""Glocke von Buchenwald""",Berlin
1975,274,"Wilhelm Weismann zum 75. Geburtstag",Berlin
1975,275,"Die Klavierkonzerte von Siegfried Matthus, Fritz Geißler und Rainer Kunad -
            Bemerkungen zu neuen Konzeptionen und Gestaltungsweisen im konzertanten Schaffen der
            DDR: In: Sammelbände zur Musikgeschichte der Deutschen Demokratischen Republik",Berlin
1975,276,"Ernst Hermann Meyer: eine biographische Studie",Berlin
1975,277,"Neue Werke unserer Komponisten: Friedrich Goldmann: Essay I für Orchester",Berlin
1975,278,"Die Analyse: ""Epitaph für Neruda"" von Friedrich Schenker",Berlin
1975,279,"Leipzig: ein Zentrum der Aufklärung 1723 bis 1750",Leipzig
1975,280,"Zum Gedenken an Albert Schweitzer",Leipzig
1975,281,"Leipziger Bachkonferenz des Kulturbundes",Berlin
1975,282,"Der sozialistische Realismus in der Sinfonik Fritz Geißlers: In: Sammelbände zur
            Musikgeschichte der Deutschen Demokratischen Republik",Berlin
1975,283,"Die Analyse: Gedanken zur VIII. Sinfonie von Fritz Geißler",Berlin
1975,284,"Neue Werke unserer Komponisten: Udo Zimmermann: Ode",Berlin
1975,285,"Neue Entwicklungstendenzen in der Instrumentalmusik der DDR der 70er Jahre",Berlin
1975,286,"Autoren-Positionen: Die Opern Fritz Geißlers",Berlin
1975,287,"Johann Sebastian Bach, Gottfried Silbermann und die französische Orgelkunst: In:
            Bach-Studien",Leipzig
1975,288,"Musiktheater: Alban Bergs ""Lulu"" in der Komischen Oper Berlin
            DDR-erstaufgeführt",Berlin
1975,289,"Musikalische Bildungs- und Erziehungsarbeit in den Kinderorganisationen der KPD
            während der Zeit der Weimarer Republik",Berlin
1975,290,"Vorwort: In: Bach, Johann Sebastian: Brandenburgisches Konzert Nr. 5 D-Dur BWV
            1050./Faks. d. Originalstimmsatzes nach d. Autogr. d. Dt. Staatsbibliothek zu Berlin.",Leipzig
1975,291,"Johann Sebastian Bach und Georg Gottfried Wagner: neue Dokumente",Leipzig
1975,292,"Wie entstand die Bachsammlung Mempell-Preller: In: Bach-Jahrbuch",Berlin
1975,293,"Musikerziehung in der D[eutschen] D[emokratischen] R[epublik] /[Hrsg. vom Musikrat
            der DDR, Paul Michel u. Helmut Schulze. Red.: Vera Reiner u. Erich Brüll.] - [Berlin:
            Musikrat der DDR, 1974]",Berlin
1975,294,"Theoretische und methodische Aspekte der Musiktherapie bei Kindern unter besonderer
            Berücksichtigung internationaler Entwicklungstendenzen./ Referat, gehalten auf d. 5.
            Arb.-Tagung d. Sektion Musiktherapie, Brandenburg/Havel vom 24.-25. 4. 1975: Ms.
            ungedr",Leipzig
1975,295,"Musiktherapie in der Neurosenbehandlung./ Vortrag auf d. Jahrestagung d.
            Med.-wiss.-Ges. Eichsfelder Ärzte, Heiligenstadt vom 13.-15. 11. 1975: Ms.
            ungedr",Leipzig
1975,296,"Reaktive Musiktherapie im psychotherapeutischen Gruppengespräch",Leipzig
1975,297,"Musiktherapie, musikalische Heilpädagogik, Musikerziehung: Versuch einer Begriffs-
            und Standortbestimmung",Leipzig
1975,298,"Ernst Hermann Meyer - Konzertante Sinfonie für Klavier und Orchester (1961); Toccata
            Appas-sionata (1966). [Taschentext]",Berlin
1975,299,"Partner der Bühne: Der Dresdner Staatskapelle gewidmet",Berlin
1975,300,"Immer wieder: das Spezifische: 10 Gedanken zum Stand und zu nächsten Aufgaben unserer
            Opernarbeit",Berlin
1975,301,"Was ist eine Gegenwartsoper",Berlin
1975,302,"Für das Schuljahr 1975/76: Methodische Hinweise für die Klassen 11 und 12",Berlin
1975,303,"Nicht nur registrieren: Zum zeitgenössischen heiteren Musiktheater in der
            Sowjetunion",Berlin
1975,304,"Beethoven; eine Monographie",Leipzig
1975,305,"Ziele und Aufgaben der sozialistischen Musikerziehung: mit einer Einführung in die
            Musikästhetik und die musikalische Analyse",Leipzig
1975,306,"Zu Fragen der Interpretation und Aufführungspraxis der Musik der frühen
            Aufklärungsepoche: In: Zu Fragen der Aufführungspraxis und Interpretation von
            Instrumentalmusik in der ersten Hälfte des 18. Jahrhunderts./ [Konferenzbericht,
            1974]",Magdeburg
1975,307,"Johann Cilenšek - Konzertstück für Klavier und Orchester (1966) : In: Sammelbände zur
            Musikgeschichte der Deutschen Demokratischen Republik",Berlin
1975,308,"Max Schneider zum hundertsten Geburtstag",Berlin
1975,309,"Dmitri Schostakowitsch zum Gedenken",Berlin
1975,310,"Das Spätschaffen von Heinrich Schütz: In: Heinrich Schütz und seine Zeit",Berlin
1975,311,"... und gab der Musik den tiefen menschlichen Gehalt, der sie mit dem ganzen Volk
            verbindet: zum 225. Todestag von Johann Sebastian Bach",Berlin
1975,312,"Neue Werke unserer Komponisten: Hans Jürgen Wenzel: Concerto",Berlin
1975,313,"Neue Werke unserer Komponisten: Gerd. Domhardt: Melodramen für Chile",Berlin
1975,314,"Musik und Menschlichkeit: Zum 100. Geburtstag Albert Schweitzers",Berlin
1975,315,"Neue Werke unserer Komponisten: Ruth Zechlin: ""Stationen""",Berlin
1975,316,"Günter Kochan - Die Asche von Birkenau (1965), Kantate für Alt-Solo u. Orch.,
            Text",Stephan
1975,317,"Zum 5. Mal, Rote Lieder: 5. Festival des politischen Liedes",Leipzig
1975,318,"Die Musiksammelhandschriften des 16. und 17. Jahrhunderts in der Sächsischen
            Landesbibliothek zu Dresden./ Unter Verwendung v. Vorarb. Harald Kümmerlings, im Auftr.
            d. Sachs. Landesbibliothek beschrieben v. Wolfram Steude: 1. Aufl",Leipzig
1975,319,"Untersuchungen zur Informationsspeicherung und -verarbeitung im Musikunterricht: ein
            Beitrag zur Rationalisierung der Lehrerbildung im Fach Musikerziehung",Halle
1975,320,"Der Kampf um die Glocken im deutschen Bauernkrieg: In: Der arm man 1525:
            volkskundliche Studien",Berlin
1975,321,"Der Kampf um die Glocken im deutschen Bauernkrieg: ein Beitrag zum
            öffentlich-rechtlichen Signalwesen des Spätmittelalters",Berlin
1975,322,"Trommeln und Pfeifen im deutschen Bauernkrieg: In: der arm man 1525: volkskundliche
            Studien",Berlin
1975,323,"Die deutschen Aufführungen von Opern Händels in der ersten Hälfte des 18.
            Jahrhunderts",Halle
1975,324,"Texte zur Ästhetik, Dramaturgie und Aufführungspraxis der deutschen Oper im 18. und
            19. Jahrhundert",Berlin
1975,325,"Walter Felsenstein zum Gedenken",Berlin
1975,326,"Anmerkungen zur werkgerechten Interpretation Schützscher Musik: In: Heinrich Schütz
            und seine Zeit",Berlin
1975,327,"Johannes Paul Thilman - Kleine Sinfonie G-Dur op. 56; Peter Herrmann - Kleines
            Klavierkonzert für die Jugend; Ernst Hermann Meyer - Leinefelder Divertimento.
            [Taschentext]",Berlin
1975,328,"Siegfried Freitag ... spricht mit ... Rolf Gröschner, Johannes Hanisch, Klaus Kühler,
            Reinhard Nier",Berlin
1975,329,"Pläne, Konzeptionen, Methoden: Gespräch mit Harry Kupfer",Berlin
1975,330,"Gebrochen, doch nicht gebeugt: Pendereckis ""Teufel von Loudun"" an der Berliner
            Staatsoper",Berlin
1975,331,"Ästhetische und historiographische Beiträge zur Geschichte und Theorie der Film- und
            dramatischen Fernsehmusik:",Berlin
1975,332,"Gibt es eine Drehorgel-Renaissance",Berlin
1975,333,"Die Filmmusik im Schaffen Ernst Hermann Meyers",Berlin
1975,334,"Eine unbekannte Passionshandschrift des 16. Jahrhunderts",Berlin
1975,335,"Der Unterrichtsraum Musik",Berlin
1975,336,"Anregungen zum kind- und jugendgemäßen, erlebnishaften Singen im Unterricht: Hinweise
            für Klasse 2",Berlin
1975,337,"Johannes Paul Thilman: Persönlichkeit und Werk",Berlin
1975,338,"Neue Dokumente zu Leben und Werk Johann Adolf Hasses: In: Studien zur
            italienischdeutschen Musikgeschichte",Köln
1975,339,"Aufführungspraxis contra Werktreue: In: Zur Regie im Musiktheater: zum
            Opernrepertoire",Berlin
1975,340,"Georges Bizet - ein bekannter Meister? Zum 100. Todestag des französischen
            Komponisten",Berlin
1975,341,"Bach und die Oper: Bemerkungen zu einem gemiedenen Thema",Berlin
1975,342,"Ein Tag im Trickfilmstudio; Zur praxisbezogenen Ausbildung der Leipziger
            Musikstudenten",Berlin
1975,343,"Der Walzerkönig von Wien: zum 150. Geburtstag von Johann Strauß (Sohn)",Berlin
1975,344,"Ein Meister der venezianischen Oper: Alessandro Scarlatti zum 250. Todestag",Berlin
1975,345,"Einstellung und Einstellungsbildung: pädagogische Aspekte für den Instrumental- und
            Gesangsunterricht",Berlin
1975,346,"Instrumentalunterricht: eine Forderung an die Schüler, selbständig denkend zu
            arbeiten",Berlin
1975,347,"Musiktheater: Oper ""Thomas Müntzer"" von Paul Kurzbach uraufgeführt",Berlin
1975,348,"Neue Werke unserer Komponisten: Paul Kurzbach: ""Poem""",Berlin
1975,349,"Arbeitstagung ""Arbeiterklasse und Musik""",Berlin
1975,350,"Musiktheater: Zwei Gegenwartsopern von Kabalewski und Forest in Schwerin",Berlin
1975,351,"Neue Werke unserer Komponisten: Jan Paul Nagel: Sonate für Violine und
            Klavier",Berlin
1975,352,"Neue Werke unserer Komponisten: Dieter Nowka: Sinfonie Nr. 4",Berlin
1975,353,"Neue Werke unserer Komponisten: Wolfgang Hohensee: ""Metamorphosen""",Berlin
1975,354,"Zeitgenössische Musik und ihre Notation",Berlin
1975,355,"Vorwort: In: Wagner, Richard; Richard Wagner sämtliche Briefe./ Hrsg. im Auftr. d.
            Richard-Wagner-Famillenarchivs Bayreuth von Gertrud Strobel u. Werner Wolf",Leipzig
1975,356,"Fred Malige 80",Berlin
1975,357,"Werden Beethovens Sinfonien richtig interpretiert",Berlin
1975,358,"Die Kammermusik Paul Hindemiths: In: Hindemith-Jahrbuch",Mainz
1975,359,"Italien opera from later Monteverdi to Scarlatti: In: Opera and church music
            1630-1750",London
1975,360,"Italian opera 1700-1750",London
1975,361,"Church Music and oratorio in Italy and Central and Eastern Europe: Italien oratorio
            and passion",London
1975,362,"Johann Sebastian Bachs Werk in den Leipziger Musikverlagen: In: III. Internationales
            Bachfest der DDR, Leipzig 1975, [Festheft]",Leipzig
1975,363,"Zur Aufführungspraxis der Trompetenpartien in Werken Bachs, Händels und
            Telemanns",Magdeburg
1975,364,"Zu Fragen der Aufführungspraxis und Interpretation von Instrumentalmusik in der
            ersten Hälfte des 18. Jahrhunderts",Magdeburg
1975,365,"Zu gegenwärtigen Fragen von Operette und Musical: Werkentwicklung,
            Spielplangestaltung, Interpretation",Berlin
1975,366,"Zur Regie im Musiktheater: zum Opernrepertoire: Werktreue, Interpretation,
            Spielplangestaltung",Berlin
1975,"F 1","Die Bühnenmusik Hanns Eislers zu Stücken von Bertolt Brecht",Berlin
1975,"F 2","Bachs motivisch-thematische Entwicklung im Verhältnis zur Klassik am Beispiel der
            Triosonaten",Leipzig
1975,"F 3","Das Finalproblem im Opernschaffen der DDR",Halle
1975,"F 4","Die Bühnenwerke Georg Friedrich Händels: Quellenstudien und Thematisches
            Verzeichnis",Halle
1975,"F 5","Thematisch-systematisches Verzeichnis der Werke Georg Friedrich Händels. [Bd. 2.]
            Oratorische Werke, vokale Kammermusik, Kirchenmusik. [Bd. 3.] Instrumentalmusik",Halle
1975,"F 6","Traditionen der Bläser-Kammermusik und ihre Funktion im Gegenwartsschaffen der
            DDR",Halle
1975,"F 7","Händels Krönungs-Anthems",Halle
1975,"F 8","Struktur und Wirkung des Instrumentalkonzertes in der DDR 1945 bis 1969",Greifswald
1975,"F 9","Theoretische und praktische Aspekte bei der Konzeption und Produktion einer neuen
            Fassung des ""Musikalischen Opfers"" (BWV 1079) von J. S. Bach",Rostock
1975,"F 10","Studien zur Persönlichkeit und zum Schaffen Clara Schumanns anhand unveröffentlichter
            Briefe aus den Jahren 1854-1896",Halle
1975,"F 11","Methodik der Musikerziehung",Berlin
1975,"F 12","Das Zusammenwirken der künstlerisch-ästhetischen Fächer bei der Erziehung
            sozialistischer Persönlichkeiten",Berlin
1975,"F 13","Untersuchungen über leistungshemmende und leistungsfördernde Faktoren im
            Ausbildungsprozeß der Musikschulen",Halle
1975,"F 14","Die Entwicklung der Violinkonzerte in der DDR",Halle
1975,"F 15","Strömungen der BRD-Musik",Berlin
1975,"F 16","Katalog der Musikhandschriften des 17. und 18. Jahrhunderts in der
            Universitätsbibliothek Rostock",Rostock
1975,"F 17","Orgel-Inventar des Denkmalbezirkes Erfurt",Erfurt
1975,"F 18","Orgel-Inventar des Denkmalbezirkes Dresden: Forschungsauftrag, Institut für
            Denkmalpflege, Dresden",Dresden
1975,"F 19","Systematische Lenkung und Gestaltung des Unterrichtsprozesses an der Spezialschule
            für Musik in Dresden",Halle
1975,"F 20","Studien über die Musikerfamilie Hertel in Mecklenburg, insbesondere über Johann
            Wilhelm Hertel",Rostock
1975,"F 21","Gesellschaftliches Auftragswesen auf dem Gebiete der Musik in der DDR",Halle
1975,"F 22","Zur politisch-ideologischen Bedeutung des gesellschaftlichen Auftragswesens im Bezirk
            Dresden",Halle
1975,"F 23","Dokumentation zur Geschichte der deutschen Arbeitersängerbewegung",Berlin
1975,"F 24","Beiträge zur Musikgeschichte der Stadt Dessau (ca. 1770-1900)",Halle
1975,"F 25",Bach-Forschung,Rostock
1975,"F 26",Vivaldi-Forschung,Rostock
1975,"F 27","Die Bedeutung der Qualitätserhöhung einer der sozialistischen Lebensweise eigenen
            Tanzmusik für die ideologisch-ästhetische Erziehung der Schuljugend.
            (Arbeitstitel)",Potsdam
1975,"F 28","Systematische Lenkung und Gestaltung des Unterrichtsprozesses an der Spezialschule
            für Musik in Dresden",Halle
1975,"F 29","Studien zum Musikleben der Römer",Halle
1975,"F 30","Untersuchungen zur Förderung der musikalischen Rezeptionsfähigkeit bei Schülern der
            3. Klassen durch Anwendung musikalisch-praktischer Schülertätigkeiten",Leipzig
1975,"F 31","Die Sonatenform im Schaffen Béla Bartóks",Rostock
1975,"F 32","Klassifikationsprobleme der Musik unter spezifischer Berücksichtigung der Gattung
            ""Marsch""",Berlin
1975,"F 33","Das Cembalo in der Musik des 20. Jahrhunderts",Rostock
1975,"F 34","Entwicklung der Vokalsinfonik in der DDR im Zeitraum von 1958-65",Berlin
1975,"F 35","Georg Trexler - Leben und Werk",Halle
1975,"F 36","Untersuchungen zur Tanzmusik in der Deutschen Demokratischen Republik unter
            besonderer Berücksichtigung ihrer Entwicklungsmöglichkeiten im Gefüge der
            sozialistischen Kultur",Berlin
1975,"F 37","Mendelssohns Beitrag zur Klaviermusik seiner Zeit",Halle
1975,"F 38","Dialektische Methoden der musikalischen Inhalts-Erforschung (Syntaktisch-semantische
            Struktur-Untersuchungen)",Berlin
1975,"F 39","Konzeptionelle Strukturuntersuchungen an einigen Werken Beethovens",Berlin
1975,"F 40","Richard Münnich, Leben und Werk: ein Beitrag zur Schulmusikerziehung in der 1. Hälfte
            des 20. Jahrhunderts",Halle
1975,"F 41","Wandel des Wagner-Bildes (exemplifiziert am ""Ring des Nibelungen"")",Halle
1975,"F 42","Das deutsche Lied des 19. Jahrhunderts und seine heutige Rezeption",Halle
1975,"F 43","Untersuchungen zur Entwicklung der Sinnebene musikalischer Verläufe in der Musik des
            13. bis 16. Jahrhunderts.",Leipzig
1975,"F 44","Traditionen, Stationen und Tendenzen der Filmmusikdramaturgie: aufgezeigt anhand von
            DEFA-Spielfilmen",Halle
1975,"F 45","Johann Philipp Krieger",Halle
1975,"F 46","Der Einfluß der Technik auf die Entwicklung der Tanz- und Unterhaltungsmusik",Berlin
1975,"F 47","Untersuchungen zur Funktion in Béla Bartóks Musik für Saiteninstrumente, Schlagzeug
            und Celesta",Berlin
1975,"F 48","Aktuelle Aspekte in der BRD Schulmusikdidaktik: nachgewiesen am Beispiel neuedierter
            Schulmusikbücher",Leipzig
1975,"F 49","Zur politisch-ideologischen Bedeutung des gesellschaftlichen Auftragswesens im Bezirk
            Dresden",Halle
1975,"F 50","Untersuchungen zum Problem des sozialistischen Realismus in der Instrumentalmusik im
            Zusamenhang mit Fragen der musikalischen Analyse: dargestellt an Beispielen
            sinfonisch-konzertanter Musik der D[eutschen] D[emokratischen] R[epublik]",Halle
1975,"F 51","Überlegungen zur Bedeutung der Musikgeschichte, zu ihrer Rolle und ihrem Anteil im
            Rahmen der musischen Erziehung, dargestellt am Lehrplanwerk der Klassen 5-10 für das
            Fach Musik",Halle
1975,"F 52",Bach-Forschung,Rostock
1975,"F 53",Vivaldi-Forschung,Rostock
1975,"F 54","Beiträge zum historischen Cembalobau",Leipzig
1975,"F 55","Der Beitrag von J. R. Bechers Lyrik zum sozialistisch-realistischen Vokalschaffen in
            der DDR, nachgewiesen am Genre des klavierbegleiteten Sololiedes (1945-1961/62)",Greifswald
1975,"F 56","Katalog der Musikhandschriften des 17. und 18. Jahrhunderts in der
            Universitätsbibliothek Rostock",Rostock
1975,"F 57","Beiträge zur Musikgeschichte Magdeburgs im 19. Jahrhundert",Halle
1975,"F 58","Spezifika des Musikerlebnisses in ihrer Bedeutung für die Entwicklung sozialistischer
            Persönlichkeiten und die Festigung sozialistischer Kollektive: Methoden und Ergebnisse
            von Untersuchungen über die geleistete Musikrezeption und die Wirkung musikalischer
            Kunstwerke in einem sozialistischen Produktionskollektiv",Dresden
1975,"F 59","Die Bedeutung der Violinetüde für die Entwicklung der technischen Fähigkeiten und
            Fertigkeiten im Violinspiel",Halle
1975,"F 60","Günter Raphael (1903-1960)",Halle
1975,"F 61","Musikgeschichte von Glauchau",Berlin
1975,"F 62","Musik im klassischen und nachklassischen Weimar: zur Entwicklung des Weimarer
            Musiklebens 1756-1920",Halle
1975,"F 63","Studien zur Entwicklung der Variation im 19. Jahrhundert und bis zur Mitte des 20.
            Jahrhunderts in der spätbürgerlichen Musik",Halle
1975,"F 64","150 Jahre Chorwesen in Erfurt",Halle
1975,"F 65","Die Spezifik der Ballettmusik",Rostock
1975,"F 66","Studien zur Entwicklung der Variation im 19. Jahrhundert und bis zur Mitte des 20.
            Jahrhunderts in der spätbürgerlichen Musik",Halle
1975,"F 67","Johann Cilenšek: Leben und sinfonisches Werk. (Arbeitstitel)",Halle
1975,"F 68","Das Wertproblem in der Musik: zur Theorie der ästhetischen Wertung",Zwickau
1975,"F 69","Untersuchungen zur Herausbildung musikalischer Leitbilder und zu ihrem Einfluß auf
            das Verhältnis zur Musik bei Schülern der Klassen 8-10",Zwickau
1975,"F 70","Die Bedeutung des Dramaturgischen in der Orchestermusik der DDR.
            (Arbeitstitel)",Leipzig
1975,"F 71","Die Kategorie ""Zeit"" im Musikdenken der Gegenwart",Halle
1975,"F 72","Untersuchungen zur Bachpflege als Anliegen der sozialistischen Musikerziehung",Halle
1975,"F 73","Karl Dietrichs sinfonisches Schaffen als Ausdruck sozialistischen
            Lebensgefühls",Halle
1975,"F 74","Musikpflege der Stadt Jena von 1750 bis zur Gegenwart",Jena
1975,"F 75","Die Bedeutung der Klavierimprovisation in der Musikerziehung der DDR. Ein Beitrag zur
            schöpferischen Gestaltung des Musikunterrichts und zur Entwicklung sozialistischer
            Erziehungspersönlichkeiten",Greifswald
1975,"F 76","Beiträge zu einer Operngeschichte der DDR in den fünfziger Jahren.
            (Arbeitstitel)",Berlin
1975,"F 77","Martin Opitz und Heinrich Schütz",Halle
1975,"F 78","Der Musikfilm und seine Rezeptionsprobleme",Halle
1975,"F 79","Möglichkeiten der Erziehung und Bildung Jugendlicher der Abiturstufe zur besseren
            ästhetischen Urteilsfähigkeit",Halle
1975,"F 80","Der Anteil des Frauengesangs am chorischen Singen seit Ende des 18.
            Jahrhunderts",Halle
1975,"F 81","Studien zum Schaffen Rostocker Musiker des 17. Jahrhunderts, insbesondere Daniel
            Fridericis",Rostock
1975,"F 82","Untersuchungen über den ästhetischen Gehalt instrumentaler Musikwerke und seinen
            potentiellen Beitrag zur Formung sozialistischer Persönlichkeiten",Leipzig
1975,"F 83","Die Traditionslinien zu D. Schostakowitsch",Berlin
1975,"F 84","Zur Funktion der Bühnen- und Schauspielmusik der DDR unter besonderer
            Berücksichtigung der Kompositionen am Berliner Ensemble",Berlin
1975,"F 85","Die Entwicklung der Balginstrumente und ihre Stellung in der Gesellschaft von den
            Anfängen bis zum Ende des 2. Weltkrieges",Greifswald
1975,"F 86","Untersuchungen zur Intonation im Streichquartettspiel",Halle
1975,"F 87","Georg Philipp Telemanns Hamburger Kapitänsmusiken",Halle
1975,"F 88","Werner Hübschmanh: ein Komponistenportrait",Halle
1975,"F 89","Die Beziehungen zwischen französischer Operette und deutschem Singspiel
            1750-1780",Berlin
1975,"F 90","Untersuchungen zu den Entwicklungstendenzen des Suitenschaffens in der DDR und seiner
            Funktion im Bereich der Musikerziehung. (Arbeitstitel)",Greifswald
1975,"F 91","Die Tanzmusik als musikwissenschaftlicher Forschungsgegenstand in der DDR",Halle
1975,"F 92","Gebrauchsfunktion von Tanzmusik. (Arbeitstitel)",Berlin
1975,"F 93","Robert Schumanns Entwicklung in seinem Liedschaffen",Rostock
1975,"F 94","Max Reger - Künstler und Gesellschaft",Halle
1975,"F 95","Das Musikhören als Bestandteil des Musikunterrichts der allgemeinbildenden Schule in
            Geschichte und Gegenwart. Ein theoretisch-historischer Beitrag zur Niveaubestimmung des
            Musikhörens im Musikunterricht der allgemeinbildenden sozialistischen Schule",Greifswald
1975,"F 96","Zu Hephaistions Enchiridion über Metren",Berlin
1975,"F 97","Die Haushaltsbücher Robert Schumanns.-Beginn",Halle
1975,"F 98","Chorische Auftragswerke zu den Arbeiterfestspielen",Halle
1975,"F 99","Das gesellschaftliche Auftragswesen auf dem Gebiet der Musik, dargestellt am Beispiel
            des Bezirkes Halle: Untersuchungen zur Effektivität der Auftragswerke",Halle
1975,"F 100","Die Meininger Hof- und Landeskapelle in den Jahren 1880 bis 1945",Halle
1975,"F 101","Die Streichquartette Dmitri Schostakowitschs",Greifswald
1975,"F 102","Das Musikleben in Eisenach 165o-1750",Halle
1975,"F 103","Die ästhetische Position Schönbergs und Hindemiths und ihr Einfluß auf die
            Musikentwicklung",Berlin
1975,"F 104",Carl-Philipp-Emanuel-Bach-Forschung,Frankfurt/Oder
1975,"F 105","Funktion und Formen des Tanzes zwischen 1800 und 1914: Studien zur Geschichte und
            Rezeption des Tanzes in Deutschland",Leipzig
1975,"F 106","Das Leipziger Musikverlagswesen und seine Beziehungen zu einigen namhaften
            Komponisten: ein Beitrag zur Geschichte des Musikalienhandels im 19. und zu Beginn des
            20. Jahrhunderts",Leipzig
1975,"F 107","Englische Vokalmusik: Rezeption in Deutschland im 18. und 19. Jahrhundert",Halle
1975,"F 108","Probleme des Kinder- und Jugend-Musiktheaters in der DDR",Halle
1975,"F 109","Zur Frage des Populären bei Mozart: ein Beitrag zur Mozartforschung",Halle
1975,"F 110","Klassische Ideen- und Gestaltungs-Traditionen in der DDR-Musik",Halle
1975,"F 111","Die Berliner Hofkapelle im 16. und 17. Jahrhundert. (Arbeitstitel)",Berlin
1975,"F 112","Untersuchungen an Klavierschulen von 1870 bis zur Gegenwart: Wie erziehen die
            Klavierschulen zum Verständnis und zur Darbietung zeitgenössischer Musik",Leipzig
1975,"F 113","Das kompositorische Schaffen von Herbert Collum",Halle
1975,"F 114","Bach-Tradition und Bach-Pflege im 19. und 20. Jahrhundert",Halle
1975,"F 115","Untersuchungen zu einem neuen Max-Reger-Bild unter dem Aspekt der Bedeutung des
            objektiven Gehalts der künstlerischen Subjektivität für die Erberezeption",Halle
1975,"F 116","Die Entwicklung des Jugendliedes im Gebiet der D[eutschen] D[emokratischen]
            R[epublik] in der Zeit von 1945 bis 1954",Halle
1975,"F 117","Der Komponist im Exil: zu den politischen, ästhetischen und kompositorischen
            Positionen Hanns Eislers in den USA von 1938 bis 1948. (Arbeitsthema).",Leipzig
1975,"F 118","Wesen und Entwicklung des europäischen Tonsystems",Leipzig
1975,"F 119","Hanns Eislers Liedschaffen nach Gedichten von Bertolt Brecht",Berlin
1975,"F 120","Hans von Bülow - Pianist und Dirigent",Berlin
1975,"F 121","Das Streichquartett im kompositorischen Schaffen der Deutschen Demokratischen
            Republik",Berlin
1975,"F 122","Introduktionsprobleme im Opernschaffen der DDR",Halle
1975,"F 123",,Halle
1975,"F 124","Darstellung der Charaktere in L. Janáčeks Opern",Halle
1975,"F 125","Untersuchungen über die Wirkung unterschiedlicher Musik auf das Verhalten von Kühen
            unter der Bedingung der technisierten Milchabgabe",Leipzig
1975,"F 126","Zur Qualitätsbewertung von Musikinstrumenten",Rostock
1975,"F 127","Probleme der Aneignung des musikalischen Erbes für die sozialistische Musikkultur
            (unter besonderer Berücksichtigung der Musik des 18. Jahrhunderts und ihrer
            Wirkungspotenzen)",Halle
1975,"F 128","Die Choralformen und -bearbeitungen im Leipziger Kantatenschaffen Bachs",Leipzig
1975,"F 129","Zur Problematik der Singebewegung",Halle
1975,"F 130","Persönlichkeitsentwicklung junger Musiker",Halle
1975,"F 131","Untersuchungen zur Informationsspeicherung und -verarbeitung im Musikunterricht: Ein
            Beitrag zur Rationalisierung der Lehrerbildung im Fach Musikerziehung",Halle
1975,"F 132","Die deutschen Aufführungen von Opern Händels in der ersteh Hälfte des 18.
            Jahrhunderts",Halle
1975,"F 133","Untersuchungen zur ideellen Programmatik in der Sinfonik von Dmitri
            Schostakowitsch",Halle
1975,"F 134","Die Widerspiegelung des Mendelssohnschen Schaffens im Werk von Johannes
            Brahms",Leipzig
1975,"F 135","Ästhetische und historiographische Beiträge zur Geschichte und Theorie der Film- und
            dramatischen Fernsehmusik",Berlin
1975,"F 136","Johann Paul - und Adolph Carl Kuntzen: ein Beitrag zur Instrumentalmusik im 18.
            Jahrhundert. (Mit thematisch-bibliographischem Katalog)",Halle
1975,"F 137","Untersuchungen zu Tendenzen der Musikästhetik in der BRD. (Arbeitstitel)",Greifswald
1975,"F 138","Untersuchungen zur Affektgebundenheit der weltlichen und geistlichen Kantaten Johann
            Sebastian Bachs",Leipzig
1975,"F 139","Untersuchungen über die Reproduktion und Rezeption tonikaler und modaler Lieder im
            dritten Schuljahr der zehnklassigen allgemeinbildenden polytechnischen
            Oberschule",Halle
1975,"F 140","Zeitgenössische Interpretation von Beethovens Sinfonien",Halle
1975,"F 141","Der Typ des Prokofjewschen Klavierkonzertes: seine Stellung und Bedeutung in der
            Gegenwartsmusik",Leipzig
1975,"F 142","Das musikalische Thema - seine tonsprachlichen Funktionen",Rostock
1975,"F 143","Musikalische Wirkungsanalyse mit Hilfe freier Assoziationen",Halle
1975,"F 144","Sprechmelodischer Ausdruck und musikalisches Gehör",Berlin
1975,"F 145","Händels Trauer-Anthem: Eine Studie mit kritischer Ausgabe der Partitur im Rahmen der
            Hallischen Händel-Ausgäbe",Halle
1975,"F 146","Zum Wandel des Beethovenbildes im Spiegel der Jubiläen 1870-1927",Halle
1975,"F 147","Soziale Funktionsmechanismen der Musik, insbesondere der Tanzmusik als
            kommunikationstheoretischer Beitrag zur Theorie und Methodik musikkultureller Analyse.
            (Arbeitstitel)",Berlin
1975,"F 148","Weiterentwicklung musikalischer Bedürfnisse bei jungen Arbeitern durch
            zielorientierte Gestaltung musikalischer Bildungsprozesse. (Arbeitstitel)",Greifswald
1975,"F 149","Richard Wagners geistige und künstlerische Entwicklung nach 1848",Leipzig
1975,"F 150","Zeitgenössische Variationswerke im Schulunterricht",Halle
1975,"F 151","Die Entwicklung der Kammermusik in der DDR (am Beispiel thüringischer
            Komponisten)",Halle
1975,"F 152","Die Geschichte des Gewandhausorchesters seit 1945 und die Probleme bei der
            Entwicklung zu einem führenden sozialistischen Musikinstitut der Deutschen
            Demokratischen Republik",Leipzig
